:020000040000fa
:10000000f0ff0320e1830100e7ba010003cb010008
:10001000a3d30100fbd7010043e101000000000071
:100020000000000000000000000000008bab010099
:10003000fbce0100000000008bab01002dec0100a5
:100040008bab01008bab01008bab01008bab0100d4
:100050008bab01008bab01008bab01008bab0100c4
:100060008bab01008bab01008bab0100d1e2010037
:100070008bab01008bab01008bab01008bab0100a4
:100080008bab01008bab01008bab01008bab010094
:100090008bab01008bab01008bab01008bab010084
:1000a0008bab01008bab01008bab01008bab010074
:1000b0008bab01008bab01008bab01006503020031
:1000c0008bab01008bab01008bab01008bab010054
:1000d0008bab01008bab01008bab01008bab010044
:1000e0008bab01008bab01000000000000000000a2
:1000f000000000008bab01008bab01008bab01005b
:100100008bab01008bab01001d2e01001d2e0100e9
:100110001d2e01001d2e01008bab01008bab0100d9
:100120008bab01008bab01008bab01008bab0100f3
:100130008bab01008bab01008bab01008bab0100e3
:100140008bab01008bab01008bab01008bab0100d3
:100150008bab01008bab0100000000000000000031
:10016000000000000000000000000000000000008f
:1001700000000000000000008bab01008bab010011
:100180008bab01008bab01008bab01008bab010093
:10019000000000008bab01008bab01008bab0100ba
:1001a0008bab01008bab01008bab01008bab010073
:1001b0008bab01008bab01008bab01008bab010063
:1001c0008bab01008bab01008bab01008bab010053
:1001d0008bab01008bab01008bab01008bab010043
:1001e0008bab01008bab01008bab0100fde201008a
:1001f0008bab01008bab01008bab01008bab010023
:100200008bab010000000000000000008bab010080
:100210008bab01008bab01008bab010069f50100da
:100220008bab01008bab01008bab01008bab0100f2
:100230008bab01008bab01008bab01008bab0100e2
:100240008bab01008bab01008bab01008bab0100d2
:100250008bab01008bab01008bab01008bab0100c2
:020000040000fa
:10026000f8b500bff8bc08bc9e46704729cb01001a
:10027000f8b500bff8bc08bc9e46704705cb01002e
:020000040000fa
:080280004cf400000100000035
:020000040000fa
:100288008bffff9d7fffff9173ffff8567ffff795e
:100298005bffff6d4fffff6143ffff5537ffff49ce
:1002a8002bffff3d1fffff3113ffff2506ffff193f
:1002b80000faff0d00efff0200e3f50000d6e900a9
:1002c80000000000000000004ce6e74dc6ffffcd2f
:1002d800c4ffffca48e6e64a04feffc1000087ffe4
:1002e800ff4100f0ffae000073ffff2e00ddff9b13
:1002f800000060ffff1a00caff8800004cffff07dc
:1003080000b7ff75000039fff30000a4ff6200008a
:1003180025ffe0000091ff4f000012ffcc00007e97
:10032800ff3d000001fcb90000000000000000aa29
:10033800ff7e0000002effe2000000000000000029
:100348000000ddff4b00000061ffaf00000000006f
:100358000000000011ffff1900000095ff7c00005d
:100368000000000000000044ffe600000000c8ff95
:100378004a00000000000000000077ffb300000002
:1003880004f7ff17000000000000000000aaff812a
:100398000000002effe5000000000024ffffffff23
:1003a800ffffffffffffffffffffffff980024ff96
:1003b800ffffffffffffffffffffffffffffff98ac
:1003c800000210101044ffe610101010d5ff5b104b
:1003d800101009000000000067ffb500000006fad1
:1003e800ff2100000000000000000099ff850000c8
:1003f8000031fff000000000000000000000caff0c
:100408005400000061ffc000000000000000000070
:1004180004f7ff2400000090ff9000000000004057
:10042800ffffffffffffffffffffffffffffffffd4
:10043800940040ffffffffffffffffffffffffffed
:10044800ffffff940011444444a7ffb344444459b8
:10045800fffd48444444270000000000aeff700040
:10046800000046ffd900000000000000000000d98d
:10047800ff4400000075ffaa000000000000000013
:100488000007fcff17000000a4ff7b00000000002d
:100498000000000030ffeb00000000d3ff4c00001c
:1004a800000000000000005bffbe00000006fbff2c
:1004b8001d00000000000000000086ff9200000000
:1004c80031ffee0000000000000000000000000006
:1004d800000068ff84000000000000000000000029
:1004e8000068ff8400000000000000000000001bfe
:1004f80081ff9921070000000000000e8be9ffff33
:10050800fffffffbca7219000016d9ffffffffffac
:10051800ffffffffff9f0000a2ffffde7c9bffa401
:10052800628dd0ff430006f5ffd3090068ff840001
:1005380000002102001dffff7e000068ff8400000c
:100548000000000014ffff92000068ff8400000014
:1005580000000000dcfff22c0068ff8400000000af
:1005680000000061fffffaa7a4ff8400000000005c
:1005780000000079fcffffffffc74b0600000000ea
:100588000000002ca8faffffffffe9800c00000024
:10059800000000001297ffffffffffe12a000000a4
:1005a8000000000068ff9662c9ffffe00500000038
:1005b80000000068ff84000199ffff4e0000000062
:1005c800000068ff8400002cffff7200000000009c
:1005d8000068ff84000039ffff67166510000000ff
:1005e80068ff84001dcafffe2624fffcc99878a86e
:1005f800ffcdbdf8ffff940024ffffffffffffffc3
:10060800fffffffb8a0300013e8abee0f5feffed17
:10061800ba7c2000000000000000000068ff840091
:10062800000000000000000000000068ff840000d7
:100638000000000000000000000068ff84000000c7
:10064800000000000000000000327c3f00000000b5
:100658000000000000004cc8f5eda81e00000000d6
:1006680000000014f1ff4a00000000004bfeffffed
:10067800ffffe31600000000000090ffc00000002c
:10068800000000d7ffd05469f0ff9400000000007c
:1006980020f9ff3700000000002dfffe2400006154
:1006a800ffee0400000000a4ffac00000000000002
:1006b80060ffd50000000efdff2a0000002ffefba2
:1006c800260000000000007cffb400000000e7ffe7
:1006d80049000000b8ff970000000000000085fff7
:1006e800a900000000daff54000042fff4180000df
:1006f80000000000007effaf00000000e1ff4d0099
:1007080001cbff83000000000000000065ffcb0064
:10071800000005f9ff350057ffeb0e2db3eae7a7f8
:100728001f000035fff90f000043fffa0c05dbff3f
:100738006f26f2ffffffffe71a0001e1ffa20f2477
:10074800d3ffb7006bffde06abffc1191fcbff9ebf
:1007580000005efffffffffffc390ce9ff5a0af8b3
:10076800ff31000036fff509000077f7ffffec576f
:100778000080ffce013afff000000000eeff3c00d1
:1007880000000e3932050016f3ff46005affd1006b
:10079800000000ccff5f000000000000000094ff94
:1007a800bc000067ffc600000000bfff6e0000002d
:1007b8000000000023fafe33000066ffc8000000b6
:1007c80000c2ff6d00000000000000a8ffa70000a5
:1007d8000058ffd800000000d4ff5f0000000000b0
:1007e8000033fefa2300000035fff805000006f785
:1007f800ff3e000000000000bcff93000000000660
:10080800f3ff4d000056fff80b000000000047ff03
:10081800f31600000000009cffe45c62ebffa900f7
:100828000000000001cfff7f0000000000001ceb6b
:10083800fffffffff12500000000005bffe80c0050
:1008480000000000000026b4f3f1b62c0000000000
:10085800000000001b8dd5f5f8dc951e0000000097
:10086800000000000000000038efffffffffffff5f
:10087800f0350000000000000000000006e0fffe68
:10088800a35856a9ffffd80100000000000000008f
:100898000042ffff8e00000000a7ffff2e000000af
:1008a80000000000000061ffff3e0000000059ff4b
:1008b800ff490000000000000000004cffff4d0051
:1008c8000000006fffff360000000000000000007d
:1008d80017f8ffab00000008daffe604000000008c
:1008e80000000000000094ffff570015c2fffe54ef
:1008f800000000000000000000000009d0fff780a1
:10090800ebfffa5b000000000000000000000000a0
:100918000023f5ffffffd8380000000000000000aa
:10092800000000000017adffffffff5f00000000a0
:1009380000000000000000000033eaffffbff5ffe1
:10094800fc5e000000000040ffff6e000034f2ff74
:10095800fa68003df2fffd650000000090ffff25ea
:100968000001d3ffff4e00000038f0fffe6c0000ce
:1009780002e0ffcd000032ffffac000000000033b2
:10098800edffff740056ffff6900005cffff6f007a
:1009980000000000002eeaffff88e5ffe0070000e6
:1009a80060ffff61000000000000002ae7ffffff72
:1009b800fe4b00000043ffff9f0000000000000006
:1009c800003effffffbb0000000008f1fffb4b00eb
:1009d800000000000157e8ffffffff7d0000000056
:1009e80071ffffffac674b5c86d8fffff87ce7ff21
:1009f800ff770000000084fdffffffffffffffff00
:100a0800c02f002becffff71000000002e95d3f3e0
:100a1800fae8cf903f0000000034f1ffff6b0000c0
:100a280004feffc100f0ffae00ddff9b00caff8897
:100a380000b7ff7500a4ff620091ff4f007eff3de5
:100a480000000002bfffc10100000078fff9250087
:100a580000001ef5ff8f000000009cfff817000043
:100a68000017f9ff9e0000000071ffff4000000022
:100a780000c6ffe8020000000efcffa50000000011
:100a880046ffff690000000075ffff390000000005
:100a980099ffff1400000000b3fff70000000000fa
:100aa800c2ffe90000000000c9ffe20000000000ea
:100ab800c4ffe80000000000b8fff50000000000d7
:100ac8009fffff11000000007dffff3500000000c0
:100ad8004effff650000000016feffa200000000a8
:100ae80000d1ffe702000000007dffff4800000082
:100af8000020fcffad0000000000a6fffb1800006e
:100b0800000024f8ff9400000000007efffc300085
:100b180000000003bdfcc00001c2ffbe02000000cf
:100b28000025f9ff77000000000090fff51d000088
:100b3800000017f8ff9a0000000000a0fff8170057
:100b480000000041ffff700000000002e9ffc6003e
:100b580000000000a6fffc0e0000000069ffff4532
:100b68000000000039ffff740000000015ffff9827
:100b78000000000000f8ffb30000000000eaffc119
:100b88000000000000e2ffc90000000000e9ffc308
:100b98000000000000f6ffb70000000012ffff9ef3
:100ba8000000000035ffff7c0000000066ffff4ddd
:100bb80000000000a3fffe1600000002e7ffd000bf
:100bc80000000049ffff7b00000000aefffc1f0093
:100bd800000018fbffa50000000095fff8240000a6
:100be8000030fcff7d00000000c0fcbd03000000d9
:100bf80000000000003bffff9a000000000000001a
:100c08000000000020ffff8100000000000000003d
:100c180000000006feff6800000000000000000061
:100c2800000000eaff4e00000000000042742800a7
:100c38000000cfff3500000d52820086ffffdd92d5
:100c480047bbff4372bdfafff903acffffffffff8d
:100c5800ffffffffffffffff2324445a7086c5fff5
:100c6800fff18f7a644e3809000000000fe0ffeab8
:100c7800ff5a000000000000000000a5ffc168ff47
:100c8800f122000000000000005cffff5508e8ffab
:100c9800c905000000000020f1ffe4040079ffff0f
:100ca80089000000000085ffff7c00000ff1ffecc9
:100cb80015000000000046ca1600000084911200ca
:100cc800000000000000000000000000000000001c
:100cd8000000000000000000000088ffa0000000e5
:100ce80000000000000000000088ffa000000000d5
:100cf800000000000000000088ffa00000000000c5
:100d08000000000000000088ffa0000000000000b4
:100d180000000000000088ffa000000000000000a4
:100d2800000000000088ffa000000000000080ff15
:100d3800ffffffffffffffffffffffff9880ffffa1
:100d4800ffffffffffffffffffffff982244444420
:100d58004444a7ffb9444444444428000000000028
:100d68000088ffa000000000000000000000000054
:100d780088ffa000000000000000000000000088bc
:100d8800ffa000000000000000000000000088ff35
:100d9800a000000000000000000000000088ffa084
:100da80000000000000000000000000088ffa00014
:100db80000000000000000000058ffffab007dffae
:100dc800ff7400a9ffff2a00d8ffd7000bfdff81a1
:100dd800003cffff250071ffc50000a8ff6200006e
:100de800364444444444441eccffffffffffff74d5
:100df800ccffffffffffff744ce7e54bc6ffffccbe
:100e0800c4ffffca49e6e5470000000000000002f1
:100e1800e4ffad0000000000000043ffff500000a9
:100e28000000000000a0ffed060000000000000a1e
:100e3800f2ff96000000000000005affff39000092
:100e48000000000000b7ffdc0000000000000017f1
:100e5800fcff7f0000000000000071ffff2300007e
:100e68000000000000ceffc5000000000000002bbd
:100e7800ffff680000000000000088fff912000072
:100e88000000000001e2ffaf000000000000004188
:100e9800ffff52000000000000009effee07000068
:100ea8000000000009f1ff98000000000000005851
:100eb800ffff3b00000000000000b5ffdd00000060
:100ec8000000000016fbff81000000000000006f1a
:100ed800ffff2500000000000000ccffc700000055
:100ee8000000000029ffff6a0000000000000086e3
:100ef800fffa1300000000000000000000000000de
:100f080058b8ebfae5b55400000000000008b2ff3d
:100f1800ffffffffffffad07000000009fffffd2ac
:100f28006c4c66c9ffff9c00000037ffffbb070041
:100f3800000003a9ffff370000a2fffd2100000009
:100f4800000012f4ffac0001edffbd00000000003e
:100f58000000a3fff50827ffff7f00000000000046
:100f68000064ffff4150ffff530000000000000035
:100f780035ffff6a6cffff37000000000000001912
:100f8800ffff8e7dffff270000000000000009ff23
:100f9800ff9e85ffff1f0000000000000001feff0c
:100fa800aa82ffff1f0000000000000001ffffab46
:100fb80077ffff270000000000000009ffffa3687b
:100fc800ffff370000000000000019ffff9144fff9
:100fd800ff530000000000000035ffff751afffff7
:100fe8007f0000000000000062ffff4b00d8ffbd3b
:100ff80000000000000000a1fffe120088fffc1f97
:10100800000000000010f2ffc100001cf9ffb90742
:1010180000000003a5ffff540000007cffffd16a19
:101028004b65c7ffffb9010000000198fffffffff4
:10103800ffffffc51000000000000048afe4faee13
:10104800c06403000000000000000000003eeaff4a
:10105800a80000000068faffffa800000596ffff3f
:10106800ffffa80014c0ffff93daffa81be0fffef4
:101078007800e6ffa802b9f4510000edffa80014bb
:101088002e000000efffa8000000000000f0ffa8fd
:10109800000000000000f0ffa8000000000000f0c1
:1010a800ffa8000000000000f0ffa80000000000fa
:1010b80000f0ffa8000000000000f0ffa8000000fa
:1010c800000000f0ffa8000000000000f0ffa800ea
:1010d8000000000000f0ffa8000000000000f0ff82
:1010e800a8000000000000f0ffa8000000000000b9
:1010f800f0ffa8000000000000f0ffa800000000ba
:101108000000f0ffa8000000000000f0ffa80000a9
:101118000000002f8ad0ecf9e6b459030000000063
:1011280017a7feffffffffffffffc212000019e72e
:10113800ffffda81575078e2ffffbf0000009ff4fd
:101148006a030000000009bfffff4a0000092700ea
:1011580000000000000035ffff95000000000000bf
:10116800000000000003feffb300000000000000c4
:101178000000000006ffffaa0000000000000000b9
:101188000000002affff89000000000000000000a6
:1011980000007dffff3b0000000000000000000091
:1011a80012edffcd0100000000000000000000adbe
:1011b800fffe40000000000000000000007dffff6f
:1011c8008b0000000000000000000063ffffbb056b
:1011d80000000000000000000054fcffcf0e0000db
:1011e800000000000000004bfaffd51500000000c9
:1011f800000000000044f7ffd818000000000000bd
:101208000000003df5ffda1a0000000000000000b1
:101218000037f2ffdc1b0000000000000000003176
:10122800efffde1d0000000000000000002cecffb6
:10123800f8634444444444444444442890ffffff32
:10124800ffffffffffffffffffff9890ffffffff7c
:10125800ffffffffffffffffff9800000000095f8f
:10126800a8dcf1faeac27b15000000016be9ffff78
:10127800ffffffffffffec41000045fffff9ae6ce9
:10128800514e6fcefffff21b000090951900000031
:101298000000008dffff8800000000000000000033
:1012a80000000bfbffbd0000000000000000000074
:1012b8000000f0ffc2000000000000000000000075
:1012c80027ffff97000000000000000000000ac090
:1012d800fffb2f00000000000000092869dcfff177
:1012e80056000000000060ffffffffffe08a2000bb
:1012f800000000000060ffffffffffedb862040080
:10130800000000001944444d6495e5ffffcc15002a
:101318000000000000000000000686ffffb5000086
:1013280000000000000000000000b8ffff2a0000d5
:1013380000000000000000000066ffff61000000e0
:10134800000000000000000056ffff6b00000000d6
:101358000000000000000077ffff500000000000c0
:10136800000000000002d2fffd1d643a00000000ea
:101378000000000497ffffb200a8ffdf99695048fa
:101388005885dcffffe61b009dffffffffffffff07
:10139800ffffffc2260000024a98c8ddf1fcf2d424
:1013a800a04d010000000000000000000000000047
:1013b8000000a5ffff700000000000000000000012
:1013c800000054ffffff7000000000000000000054
:1013d800000018ecffffff70000000000000000094
:1013e800000000b3ffabfbff70000000000000002e
:1013f80000000065fffa32ffff70000000000000e7
:1014080000000021f3ff8213ffff700000000000be
:1014180000000002c2ffcb0519ffff7000000000aa
:101428000000000075fff627001bffff700000009a
:10143800000000002bf8ff6a00001cffff7000008e
:101448000000000005ceffb70000001cffff700081
:10145800000000000085ffec180000001cffff7072
:10146800000000000038fcff52000000001cffffd5
:1014780070000000000adaff9e00000000001cff58
:10148800ff700000000095ffdf0d00000000001c49
:10149800ffff700000003bfeffac78787878787822
:1014a80086ffffb378784360ffffffffffffffff72
:1014b800ffffffffffffff9060ffffffffffffff42
:1014c800ffffffffffffffff90000000000000008c
:1014d8000000001cffff700000000000000000007a
:1014e800000000001cffff7000000000000000006a
:1014f80000000000001cffff70000000000000005a
:101508000000000000001cffff7000000000000049
:10151800000000000000001cffff70000000000039
:101528000000d7fffffffffffffffffff4000000f1
:1015380000ebfffffffffffffffffff400000002cb
:10154800fdff93444444444444444000000014ffd5
:10155800ff59000000000000000000000029ffff04
:101568004400000000000000000000003effff2fc4
:10157800000000000000000000000052ffff1a00f9
:101588000000000000000000000067ffff060000e8
:101598000000000000000000007cfffcbbddf1fa49
:1015a800e8ba6e0d000000008dffffffffffffff90
:1015b800ffffe5410000000e92986f51485682d80f
:1015c800fffff63500000000000000000000038d5a
:1015d800ffffcb000000000000000000000000c773
:1015e800ffff2900000000000000000000006bff62
:1015f800ff5c000000000000000000000047ffff43
:101608006e00000000000000000000004dffff60b9
:10161800000000000000000000000078ffff3c0010
:1016280000000000000000000005d9ffee04146f60
:101638000a0000000000000cabffff7b001cfff459
:10164800ad765448588de8ffffbf050017fbffff34
:10165800ffffffffffffffa20b000000207ab9e0a9
:10166800f5fceecf92300000000000000000000002
:1016780000055aa9d9f3fcf3d61100000000003286
:10168800daffffffffffffff180000000050f9ff1f
:10169800ffcc7d5b4958850f00000029f3ffe84b1c
:1016a80000000000000000000000bcfff22e000057
:1016b800000000000000000033ffff780000000079
:1016c800000000000000008cfff80e000000000081
:1016d800000000000000d1ffb9000004243d2e06e0
:1016e8000000000006fdff860174e6fffffff49688
:1016f80013000026ffff66aaffffffffffffffddc5
:101708001c0040ffffccffab3d0e0a3bbaffffc1f8
:10171800004cffffff73000000000003bcffff3d0b
:1017280055ffffbc0000000000000037ffff864f98
:10173800ffff650000000000000001f3ffad3bff64
:10174800ff5a0000000000000000e0ffbb16ffff8a
:101758007c0000000000000000eaffae00dbffc5cf
:101768000000000000000013ffff8d0084ffff3f12
:101778000000000000006affff4d0016f3ffe21ea4
:10178800000000002beeffe10400005ffffff18680
:1017980053528ff5fffe480000000068f9ffffff75
:1017a800fffffff85b0000000000002392d8f8f468
:1017b800d58f1f0000000000b0fffffffffffffff5
:1017c800ffffffffffffb0b0ffffffffffffffffbf
:1017d800ffffffffffaf2e444444444444444444c5
:1017e800447affff6f0000000000000000000000c6
:1017f800adfff20e0000000000000000000022fd16
:10180800ff91000000000000000000000092fffeb1
:10181800240000000000000000000010f3ffb300e7
:101828000000000000000000000076ffff440000f8
:10183800000000000000000004e2ffd500000000e6
:10184800000000000000005affff660000000000d2
:10185800000000000000cbffed0a000000000000bf
:10186800000000003effff880000000000000000ac
:10187800000000b0fffc1d00000000000000000098
:101888000024fdffaa000000000000000000000086
:1018980095ffff3b0000000000000000000011f46d
:1018a800ffcc000000000000000000000079ffffee
:1018b8005d0000000000000000000005e5ffe806ec
:1018c800000000000000000000005dffff7f000036
:1018d800000000000000000000cefff91700000023
:1018e8000000000000000041ffffa1000000000010
:1018f800000000000000b3ffff33000000000000fc
:10190800000000000000000b71bfe8faefca841c59
:10191800000000000037e6fffffffffffffff55c58
:101928000000001af0ffffb5664c64aafdfffe3cfc
:1019380000008cffff6000000000004afeffb100bd
:1019480000c2ffdb00000000000000c4ffe7000049
:10195800d1ffc400000000000000aaffed0000ada8
:10196800ffed08000000000000d4ffc2000053ff94
:10197800ff8e000000000062ffff54000000a4ff7b
:10198800ffb026000b8dfeff9400000000039affb5
:10199800fffcafeafff269000000000000007dffd5
:1019a800fffffffe4d0000000000000e8ffbffe868
:1019b800ccfffffc940f00000016d2fffa7b0a0050
:1019c8003ab6ffffd9210000b9fff23c0000000041
:1019d800005ef8ffd10535ffff6f00000000000032
:1019e8000064ffff5871ffff1f00000000000000a7
:1019f80006fbff9281ffff130000000000000000bb
:101a0800f5ff9f67ffff500000000000000037ff50
:101a1800ff7f20fdffdc1a000000000013cfffff4e
:101a28002f0093ffffee8f58475489eaffff980075
:101a380000049afffffffffffffffffe9403000073
:101a480000003595cfeffcf2d3963100000000007e
:101a58000000001373c7e8fae4a73e000000000086
:101a6800003ee6ffffffffffffff9d04000000268a
:101a7800f3fffca45b4d70d6ffff9e000000bcff87
:101a8800fa470000000003a3ffff49001ffeff9272
:101a980000000000000006d9ffc40058ffff410005
:101aa8000000000000006affff1b73ffff22000018
:101ab800000000000028ffff5677ffff32000000fb
:101ac800000000001affff7a5bffff6000000000c3
:101ad8000000005bffff8d1cfdffda060000000020
:101ae8000023e6ffff9400a5ffffc3430d072679f7
:101af800f1deffff8b0010d1ffffffffffffffe0cc
:101b08003fffff7f00000b88eefffffff79d1439b2
:101b1800ffff6300000000022a3e2c0b000062ff5a
:101b2800ff40000000000000000000000099fffcda
:101b38000f0000000000000000000003e6ffc900dd
:101b48000000000000000000000062ffff700000bd
:101b5800000000000000000022ebffec0b0000007a
:101b68000000000000003ce0ffff59000000008575
:101b78005c495773c1feffff870000000000f0ffbb
:101b8800fffffffffff159000000000000c3f0fc59
:101b9800f8e3b87011000000000000004ee8e64dc0
:101ba800c6ffffccc5ffffca49e6e54800000000b4
:101bb800000000000000000000000000000000001d
:101bc800000000000000000000000000000000000d
:101bd8004ce7e54bc6ffffccc4ffffca49e6e54723
:101be800000058ebe3440000d5ffffbc0000d4ff21
:101bf800ffbb000052eae13f0000000000000000c7
:101c080000000000000000000000000000000000cc
:101c180000000000000000000000000000000000bc
:101c280000000000000000000000000000000000ac
:101c3800a1ffff640000caffff2f0001f2ffe501ca
:101c48000024ffff94000056ffff3e000088ffdfde
:101c5800010000beff7f000002f2fd1d0000000031
:101c680000000000000000000000000000000e005e
:101c780000000000000000000000002dac9e0000e5
:101c880000000000000000002eacfeffa0000000d5
:101c980000000000002eadfefffaa02600000000a4
:101ca80000002fadfefff5921e0000000000002f7f
:101cb800aefeffef841500000000000030affeff0d
:101cc800e7760d00000000000027affeffdc680784
:101cd800000000000000000080ffffca1a0000009a
:101ce8000000000000000036c1fffff9a439000021
:101cf800000000000000000031a2f9ffffcd6209da
:101d08000000000000000000001882eaffffed8bd1
:101d1800210000000000000000000863d3fffffd61
:101d2800b4480100000000000000000044b5feffb8
:101d3800ff9500000000000000000000002695f458
:101d4800a000000000000000000000000000113c9e
:101d580015444444444444444444444444441c5086
:101d6800ffffffffffffffffffffffffff6c50ffbd
:101d7800ffffffffffffffffffffffff6c000000fb
:101d8800000000000000000000000000000000004b
:101d9800000000000000000000000000000000003b
:101da80000000000000000000000154444444444c2
:101db80044444444444444441c50ffffffffffff95
:101dc800ffffffffffffff6c50ffffffffffffff5d
:101dd800ffffffffffff6c000e0000000000000087
:101de800000000000000007fbc3c00000000000074
:101df80000000000000080ffffbc3c000000000065
:101e080000000000001b92f6ffffbd3d000000002f
:101e18000000000000001585f0ffffbd3e00000037
:101e2800000000000000000e78e9ffffbe3e000041
:101e38000000000000000000096ce0ffffbe3f004a
:101e4800000000000000000000045fd6ffffbf365e
:101e5800000000000000000000000db4ffffa0001b
:101e6800000000000000002790f0ffffce480000af
:101e78000000000350bbfefffdb03f000000000063
:101e8800167ae2fffff2902200000000003aa5f95e
:101e9800ffffde710e00000000000075ffffffc3aa
:101ea8005202000000000000000080faa332000087
:101eb80000000000000000000034190000000000cd
:101ec8000000000000000000000c61addef3fae73e
:101ed800b5560000005ef3ffffffffffffffffb0f6
:101ee80005002efffbb06d4f5177e0ffff88000023
:101ef800641b00000000000bd5fff2050000000085
:101f080000000000006cffff2c0000000000000033
:101f180000004fffff3400000000000000000079bf
:101f2800ffff17000000000000000019e8ffc300d1
:101f38000000000000000019d4fff8340000000081
:101f480000000029e0fff850000000000000002c0d
:101f5800ebffed3f000000000000000ce0ffe2286e
:101f6800000000000000000072fff32600000000df
:101f78000000000000b2ff8b00000000000000001d
:101f88000000c8ff5d0000000000000000000079ac
:101f9800982d000000000000000000000000000074
:101fa8000000000000000000000000000000000029
:101fb800000000000014c8f49500000000000000b4
:101fc80000006affffff2100000000000000006918
:101fd800ffffff1f000000000000000012c6f5917f
:101fe80000000000000000000000000000000000e9
:101ff8001d73b3dcf4fcf0d19c4c0200000000001f
:1020080000000000000000199dfdffffffffffff1b
:10201800ffffffd94c00000000000000000000583e
:10202800f4ffffe49a6b5247547abcfdffff8f021e
:102038000000000000000071feffd54e0100000006
:102048000000000024bdffff9200000000000051c6
:10205800ffff9c0800000000000000000000028351
:10206800ffff54000000001cedff98000000000076
:10207800000000000000000000a9ffe406000000c6
:102088009affcd050000000969c7ebf9e7be842b6c
:1020980000000de8ff60000016f7ff3d0000001a81
:1020a800d0ffffffffffffffa800000080ffb40084
:1020b8000073ffcb00000004cffffb9d5a4e71df79
:1020c800ff9c00000031fff20000b6ff7500000021
:1020d8006efffd4e00000000b2ff9000000006fbfe
:1020e800ff1c03f2ff35000000cfffa8000000002e
:1020f80000beff8400000000eaff2f1affff0c005b
:102108000015ffff4f0000000000c9ff7800000025
:1021180000e5ff372dfff400000031ffff2300002a
:10212800000000d9ff6c00000000f3ff2a3fffeb1e
:102138000000003fffff170000000003f9ff6000e8
:1021480000001bfffd0a3afff70000002effff2edc
:102158000000000034ffff5e0000005affd2002993
:10216800ffff0a000006f7ff78000000009bffff52
:1021780079000000c4ff820007fdff3b000000a7b4
:10218800fff565131274fea9fade30128dfff618fa
:102198000000cfff7c00000023f1ffffffffffe1fd
:1021a80015abffffffffff6500000084ffe10300a0
:1021b800000036d4ffffffc1240018caffffed64fa
:1021c800000000001ffcff700000000000263c1efd
:1021d80000000000022a330a00000000000094fffb
:1021e800f9410000000000000000000000000000ad
:1021f800000000000000000dd4fffa6f0500000089
:10220800000000000000000b0000000000000000bb
:10221800001ed7ffffe081411b080614345f9ce2d3
:102228007000000000000000000000109efeffff8c
:10223800ffffffffffffffffff6b00000000000034
:10224800000000000000298fdbffffffffffffdf1a
:10225800994100000000000000000000000000009c
:1022680000000e303e3d2f0f00000000000000006f
:10227800000000000000000000000000d1fff10a8b
:102288000000000000000000000000000000003214
:10229800ffffff5d000000000000000000000000dc
:1022a80000000094ffffffbe0000000000000000d7
:1022b80000000000000007edffabfffe200000005b
:1022c8000000000000000000000057ffff24f3ff9b
:1022d8008000000000000000000000000000b8ffbf
:1022e800ce00a7ffdf010000000000000000000092
:1022f800001cfdff740049ffff42000000000000c1
:1023080000000000007bfffb180003e6ffa30000ad
:10231800000000000000000000dbffb20000008a9f
:10232800fff60e0000000000000000003effff5115
:102338000000002bffff6500000000000000000007
:10234800a0ffeb0500000000cbffc6000000000066
:102358000000000cf4ff9000000000006cffff2854
:102368000000000000000062ffffa48080808080e1
:1023780092ffff8900000000000000c4ffffffff7c
:10238800ffffffffffffffe603000000000025ff3f
:10239800ffffffffffffffffffffffff4b000000f6
:1023a800000087fffd1b0000000000000013f9ff7c
:1023b800ac0000000003e5ffbb00000000000000c7
:1023c8000000affff9130000004affff5e000000a5
:1023d80000000000000051ffff6e000000abfff599
:1023e8000c00000000000000000005ecffcf00001a
:1023f80013f9ffa400000000000000000000009492
:10240800ffff30006effff470000000000000000e3
:1024180000000036ffff9100cfffe7030000000037
:102428000000000000000000d7ffec0618ffffffc7
:10243800fffffffbf0d7b1711900000018ffffff85
:10244800fffffffffffffffff97b000018ffffb64c
:10245800444444475579c2ffffff690018ffff9cb9
:10246800000000000000005effffdf0018ffff9c77
:102478000000000000000000c9ffff1418ffff9cc7
:102488000000000000000000a6ffff2118ffff9ccd
:102498000000000000000000bffff90818ffff9cc3
:1024a800000000000000002efbffa50018ffff9ca5
:1024b800000000000a296febffce160018ffffff8f
:1024c800ffffffffffffffd17a09000018ffffffa2
:1024d800ffffffffffffffc97a14000018ffffb6d8
:1024e800444444444e69a7f9ffee470018ffff9c97
:1024f800000000000000002eedfff32318ffff9cf2
:10250800000000000000000067ffff8c18ffff9c20
:10251800000000000000000018ffffc518ffff9c26
:10252800000000000000000005ffffd918ffff9c15
:10253800000000000000000021ffffcb18ffff9cf7
:10254800000000000000000074ffff9918ffff9cc6
:102558000000000000000032f2ffff3d18ffffb648
:10256800444444444b65a4f9ffff9c0018ffffff57
:10257800fffffffffffffffffe90030018ffffffb5
:10258800fffffffffdefcd8f2c00000000000000d3
:1025980000001e77bae4f6fbeecfa15b0a0000004c
:1025a80000000b95faffffffffffffffffffd200c0
:1025b8000000001ad5fffffbb46e524b639bedff82
:1025c8006e0000000ad2ffffc72a000000000000ca
:1025d80007560a0000008dffffc20a000000000035
:1025e8000000000000000019f9fff01c00000000c6
:1025f80000000000000000000078ffff89000000d4
:102608000000000000000000000000c2ffff2900d9
:1026180000000000000000000000000001f5ffedd0
:10262800000000000000000000000000000018ff8b
:10263800ffc80000000000000000000000000000cb
:1026480026ffffb8000000000000000000000000a6
:10265800000027ffffb70000000000000000000096
:10266800000000001affffc6000000000000000084
:1026780000000000000002f9ffeb0000000000006d
:10268800000000000000000000cdffff2300000054
:1026980000000000000000000000008cffff7c002c
:1026a8000000000000000000000000000031fffff3
:1026b800e71000000000000000000000000000001b
:1026c800b7ffffa8020000000000000000000000a3
:1026d800000024f2ffffad18000000000000000217
:1026e800040000000043f6fffff3a7684f4d647d28
:1026f800b2ee3000000000002dccffffffffffff0f
:10270800ffffffff30000000000000004699d0f0f6
:10271800fcfaeed49e5f0a0018fffffffffffffee2
:10272800f2d9ad671000000000000018ffffffff9e
:10273800fffffffffffffff483080000000018ff02
:10274800ffb64444444b5e89ccffffffcb17000023
:102758000018ffff9c000000000000003cd6ffffaf
:10276800cc09000018ffff9c0000000000000000da
:102778000cc4ffff86000018ffff9c00000000004b
:102788000000000019f0fff6140018ffff9c00007d
:1027980000000000000000008bffff6e0018ffff24
:1027a8009c0000000000000000000034ffffb5009e
:1027b80018ffff9c0000000000000000000004f764
:1027c800ffe30018ffff9c0000000000000000006d
:1027d8000000dffffe0118ffff9c00000000000062
:1027e8000000000000ceffff0b18ffff9c00000058
:1027f8000000000000000000d3fffe0318ffff9c4c
:102808000000000000000000000000e3fff00018d6
:10281800ffff9c000000000000000000000efdff0c
:10282800d50018ffff9c0000000000000000000019
:1028380047ffff9b0018ffff9c00000000000000fe
:10284800000000aaffff5a0018ffff9c00000000cc
:10285800000000000034fcffe5070018ffff9c00a3
:102868000000000000000020dfffff6b000018ffe1
:10287800ff9c000000000000045decffffaa0000c0
:102888000018ffffb6444445546a9fe4ffffffa6c3
:102898000a00000018ffffffffffffffffffffff19
:1028a800dc5f000000000018fffffffffffff5e3fb
:1028b800c88e4b02000000000000000018ffffff58
:1028c800ffffffffffffffffe018ffffffffffff16
:1028d800ffffffffffe018ffffb6444444444444b1
:1028e80044443b18ffff9c0000000000000000006b
:1028f80018ffff9c00000000000000000018ffff08
:102908009c00000000000000000018ffff9c000071
:102918000000000000000018ffff9c0000000000fd
:102928000000000018ffff9c0000000000000000ed
:102938000018ffffffffffffffffffffff5818ff13
:10294800ffffffffffffffffffff5818ffffb64421
:10295800444444444444441718ffff9c00000000ca
:10296800000000000018ffff9c00000000000000ad
:10297800000018ffff9c0000000000000000001885
:10298800ffff9c00000000000000000018ffff9cf3
:1029980000000000000000000018ffff9c0000007d
:1029a80000000000000018ffff9c0000000000006d
:1029b80000000018ffffb644444444444444443be8
:1029c80018ffffffffffffffffffffffe018fffffc
:1029d800ffffffffffffffffffe0000018ffffff03
:1029e800ffffffffffffffffe018fffffffffffff5
:1029f800ffffffffffe018ffffb644444444444490
:102a080044443b18ffff9c00000000000000000049
:102a180018ffff9c00000000000000000018ffffe6
:102a28009c00000000000000000018ffff9c000050
:102a38000000000000000018ffff9c0000000000dc
:102a48000000000018ffff9c0000000000000000cc
:102a58000018ffff9c00000000000000000018ffa5
:102a6800ffffffffffffffffffff5018ffffffff04
:102a7800ffffffffffffff5018ffffb64444444429
:102a8800444444441518ffff9c0000000000000067
:102a9800000018ffff9c0000000000000000001864
:102aa800ffff9c00000000000000000018ffff9cd2
:102ab80000000000000000000018ffff9c0000005c
:102ac80000000000000018ffff9c0000000000004c
:102ad80000000018ffff9c0000000000000000003c
:102ae80018ffff9c00000000000000000018ffff16
:102af8009c00000000000000000000000000000032
:102b08000000034c98caecf9f9ebcb9f6114000064
:102b1800000000005adfffffffffffffffffffff7e
:102b2800fa2000000007a6ffffffd48a5f4b506819
:102b380099dcffbc00000001adffffe34f0000007f
:102b480000000000002e2c0000006fffffd81b00c3
:102b58000000000000000000000000000ff1fff777
:102b68002d00000000000000000000000000006ec2
:102b7800ffff9500000000000000000000000000ba
:102b88000000bcffff2d0000000000000000000056
:102b98000000000000f2ffeb010000000000000050
:102ba8000000000000000017ffffc2000000000046
:102bb8000000000000000000000026ffffb0000039
:102bc8000000000000ccffffffffffffa027ffff72
:102bd800b200000000000000ccffffffffffffa0d5
:102be80019ffffc8000000000000003644444452aa
:102bf800ffffa001f7ffe600000000000000000052
:102c0800000014ffffa000c9ffff2a000000000019
:102c1800000000000014ffffa00082ffff7c0000fe
:102c2800000000000000000014ffffa00023fdffcb
:102c3800f11800000000000000000014ffffa000d1
:102c4800009fffffba0b000000000000000014ff07
:102c5800ffa0000013e0ffffcc27000000000000e9
:102c68000014ffffa000000027e3fffffcba79541f
:102c780047495a82bfffffa00000000015a7feffca
:102c8800ffffffffffffffffffff9e0000000000a8
:102c9800002981bfe7f8fdf6e8d0ad7d41060000c8
:102ca80018ffff9c0000000000000000000068ff03
:102cb800ff4c18ffff9c000000000000000000000f
:102cc80068ffff4c18ffff9c000000000000000098
:102cd800000068ffff4c18ffff9c00000000000088
:102ce8000000000068ffff4c18ffff9c0000000078
:102cf80000000000000068ffff4c18ffff9c000068
:102d0800000000000000000068ffff4c18ffff9c57
:102d18000000000000000000000068ffff4c18ffe2
:102d2800ff9c0000000000000000000068ffff4c4e
:102d380018ffff9c0000000000000000000068ff72
:102d4800ff4c18ffffffffffffffffffffffffff25
:102d5800ffffff4c18ffffffffffffffffffffff15
:102d6800ffffffffff4c18ffffb6444444444444b0
:102d78004444444490ffff4c18ffff9c00000000af
:102d880000000000000068ffff4c18ffff9c0000d7
:102d9800000000000000000068ffff4c18ffff9cc7
:102da8000000000000000000000068ffff4c18ff52
:102db800ff9c0000000000000000000068ffff4cbe
:102dc80018ffff9c0000000000000000000068ffe2
:102dd800ff4c18ffff9c00000000000000000000ee
:102de80068ffff4c18ffff9c000000000000000077
:102df800000068ffff4c18ffff9c00000000000067
:102e08000000000068ffff4c18ffff9c0000000056
:102e180000000000000068ffff4c18ffff9c000046
:102e2800000000000000000068ffff4cccffffff1f
:102e3800fffffff0a6fbfffffffffec7000b72ffbf
:102e4800ff901100000048ffff6c0000000048ffe1
:102e5800ff6c0000000048ffff6c0000000048ff06
:102e6800ff6c0000000048ffff6c0000000048fff6
:102e7800ff6c0000000048ffff6c0000000048ffe6
:102e8800ff6c0000000048ffff6c0000000048ffd6
:102e9800ff6c0000000048ffff6c0000000048ffc6
:102ea800ff6c0000000048ffff6c0000000048ffb6
:102eb800ff6c0000000048ffff6c0000000048ffa6
:102ec800ff6c0000000057ffff7b000089e2ffff56
:102ed800ffffe9a5ccfffffffffffff000000000a8
:102ee800003cffff7400000000003cffff7400007e
:102ef8000000003cffff7400000000003cffff746e
:102f080000000000003cffff7400000000003cffd0
:102f1800ff7400000000003cffff74000000000088
:102f28003cffff7400000000003cffff740000003d
:102f380000003cffff7400000000003cffff74002d
:102f4800000000003cffff7400000000003cffff91
:102f58007400000000003cffff7400000000003c0b
:102f6800ffff7400000000003cffff740000000039
:102f7800003cffff7400000000003cffff740000ed
:102f88000000003cffff7400000000003cffff74dd
:102f980000000000003cffff7400000000003cff40
:102fa800ff73000000000044ffff670000000000fe
:102fb80064ffff4c0000000003c8fffb132d6048ae
:102fc8005cc3ffff9f0058ffffffffffca0e003cd6
:102fd800dcf8f4cb7207000018ffff9c000000002b
:102fe8000000000058feffc30718ffff9c00000008
:102ff800000000003cf8ffd8120018ffff9c0000fa
:103008000000000025ecffe821000018ffff9c00ed
:103018000000000014dcfff43400000018ffff9cdf
:103028000000000008c5fffc4b0000000018ffff6f
:103038009c00000001aaffff67000000000018ffc5
:10304800ff9c0000008affff8500000000000018b8
:10305800ffff9c00006affffa301000000000000c2
:1030680018ffff9c004dfcffbd060000000000009b
:103078000018ffff9c34f4ffeb0f00000000000075
:10308800000018ffffbbe8ffffff59000000000029
:1030980000000018ffffffffd5fdfff01f00000034
:1030a8000000000018ffffffb40a86ffffc40300fa
:1030b800000000000018ffffbe030004c7ffff7eea
:1030c80000000000000018ffff9c00000020f0ff37
:1030d800fb38000000000018ffff9c0000000057ac
:1030e800ffffdd0d0000000018ffff9c000000003e
:1030f800009dffffa20000000018ffff9c000000d9
:1031080000000ad7ffff5800000018ffff9c0000ce
:10311800000000002ff8fff01f000018ffff9c00c0
:103128000000000000006effffc3030018ffff9cb3
:103138000000000000000000b3ffff7d0018ffff43
:103148009c000000000000000014e5fffb380000b0
:1031580018ffff9c00000000000000000018ffff9f
:103168009c00000000000000000018ffff9c000009
:103178000000000000000018ffff9c000000000095
:103188000000000018ffff9c000000000000000085
:103198000018ffff9c00000000000000000018ff5e
:1031a800ff9c00000000000000000018ffff9c00ca
:1031b800000000000000000018ffff9c0000000055
:1031c800000000000018ffff9c0000000000000045
:1031d800000018ffff9c000000000000000000181d
:1031e800ffff9c00000000000000000018ffff9c8b
:1031f80000000000000000000018ffff9c00000015
:1032080000000000000018ffff9c00000000000004
:1032180000000018ffff9c000000000000000000f4
:1032280018ffff9c00000000000000000018ffffce
:103238009c00000000000000000018ffff9c000038
:103248000000000000000018ffffcc7c7c7c7c7c28
:103258007c7c7c7818ffffffffffffffffffffff6d
:10326800f818fffffffffffffffffffffff8000059
:1032780018fffffffc19000000000000000000001c
:103288000000d7ffffff4c18ffffffff740000008e
:10329800000000000000000037ffffffff4c18ff90
:1032a800fff8ffd1000000000000000000000096b9
:1032b800fffaffff4c18ffffadffff2f00000000d3
:1032c800000000000007eeffabffff4c18ffff6295
:1032d800fbff8c00000000000000000055fffd5cb3
:1032e800ffff4c18ffff57b4ffe603000000000083
:1032f800000000b4ffba4cffff4c18ffff5c56fffc
:10330800ff470000000000000017fbff5a53ffffb3
:103318004c18ffff6107efffa50000000000000048
:1033280073fff1095affff4c18ffff66009afff57b
:103338000d000000000000d2ff9b005fffff4c184b
:10334800ffff68003cffff60000000000032ffff45
:103358003c0060ffff4c18ffff680000dcffbd0069
:103368000000000091ffdc000060ffff4c18ffff29
:1033780068000080fffd1d00000005eaff7d0000d9
:1033880060ffff4c18ffff68000022ffff78000075
:10339800004ffffe1f000060ffff4c18ffff680092
:1033a8000000c4ffd5000000afffbe00000060ffb2
:1033b800ff4c18ffff6800000066ffff340013fa97
:1033c800ff5f00000060ffff4c18ffff680000006f
:1033d8000ff7ff91006dfff40b00000060ffff4c3a
:1033e80018ffff6800000000aaffea04cdffa00054
:1033f80000000060ffff4c18ffff68000000004c51
:10340800ffff78ffff410000000060ffff4c18ff3e
:10341800ff680000000004e9fffeffe00100000073
:103428000060ffff4c18ffff68000000000090ffdd
:10343800ffff82000000000060ffff4c18ffff68dc
:10344800000000000032ffffff23000000000060c2
:10345800ffff4c18ffff68000000000000d3ffc307
:1034680000000000000060ffff4c000018ffffff95
:103478005900000000000000000000a0ffe418ff51
:10348800ffffea13000000000000000000a0ffe4b6
:1034980018ffffffffa3000000000000000000a0cd
:1034a800ffe418fffff7ffff4800000000000000de
:1034b80000a0ffe418ffff7bffffe10c0000000005
:1034c800000000a0ffe418ffff40a8ffff920000e3
:1034d8000000000000a0ffe418ffff4e17effffdfb
:1034e80039000000000000a0ffe418ffff57006645
:1034f800ffffd5060000000000a0ffe418ffff5ef4
:103508000001c3ffff810000000000a0ffe418ffd6
:10351800ff65000029f9fff92b00000000a0ffe477
:1035280018ffff6800000082ffffc802000000a02b
:10353800ffe418ffff6800000007d9ffff6f0000d5
:1035480000a0ffe418ffff680000000040fffff440
:103558002000009effe418ffff6800000000009ea6
:10356800ffffb900009bffe418ffff6800000000a0
:103578000012eaffff5e0094ffe418ffff680000f6
:10358800000000005cffffed1689ffe418ffff68ec
:1035980000000000000000baffffa87dffe418ff4c
:1035a800ff680000000000000023f6ffffc0ffe4f2
:1035b80018ffff68000000000000000078ffffff10
:1035c800ffe418ffff68000000000000000004d2bc
:1035d800ffffffe418ffff68000000000000000084
:1035e8000038fdffffe418ffff680000000000003e
:1035f8000000000095ffffe4000000000000419576
:10360800cbeefbf5dfb0650d000000000000000008
:103618000029c7ffffffffffffffffffec6200006d
:10362800000000000040f4ffffe3935f4b5572b9c0
:10363800feffff92000000000022f1ffff84070058
:10364800000000000036ddffff7300000000b7ff38
:10365800ff7f00000000000000000020ebfff81fc3
:10366800000031ffffd5040000000000000000004a
:103678000067ffff9500008cffff69000000000055
:1036880000000000000007f0ffef0400ceffff1766
:10369800000000000000000000000000a6ffff3747
:1036a80002f9ffe400000000000000000000000034
:1036b8000075ffff661affffc4000000000000004d
:1036c80000000000000054ffff8527ffffb6000040
:1036d800000000000000000000000046ffff9226e6
:1036e800ffffb7000000000000000000000000001d
:1036f80048ffff9119ffffc500000000000000000f
:10370800000000000056ffff8402f8ffe7000000f9
:103718000000000000000000000078ffff6500ccfa
:10372800ffff1a000000000000000000000000abce
:10373800ffff35008affff6d000000000000000059
:103748000000000af3ffed030030ffffd905000079
:1037580000000000000000006fffff92000000b6ac
:10376800ffff8500000000000000000025effff7c4
:103778001c00000022f1ffff870800000000000085
:103788003ce1ffff6d000000000041f4ffffe49200
:103798005e4a5473bdfeffff8a000000000000006f
:1037a80029c7ffffffffffffffffffe95b000000e6
:1037b800000000000000004297cdeefbf5deaf628e
:1037c8000b0000000000000018fffffffffffef3e2
:1037d800e1b6771a00000018ffffffffffffffffa9
:1037e800fffff771000018ffffb6444446557ccb35
:1037f800ffffff6d0018ffff9c0000000000006441
:10380800fdfff31318ffff9c000000000000009d5f
:10381800ffff5f18ffff9c0000000000000049ff49
:10382800ff8c18ffff9c0000000000000031ffff24
:103838009818ffff9c0000000000000044ffff7f75
:1038480018ffff9c000000000000008affff4918d5
:10385800ffff9c00000000000037f6ffe50318ff9b
:10386800ff9c0000071c499af9fffe530018ffff50
:10387800fffffffffffffffff660000018ffffffdd
:10388800ffffffffffe2911f00000018ffffb64493
:10389800443f331500000000000018ffff9c0000a3
:1038a80000000000000000000018ffff9c0000005e
:1038b800000000000000000018ffff9c000000004e
:1038c8000000000000000018ffff9c00000000003e
:1038d80000000000000018ffff9c0000000000002e
:1038e800000000000018ffff9c000000000000001e
:1038f8000000000018ffff9c00000000000000000e
:1039080000000018ffff9c000000000000000000fd
:10391800000000000000000000004195cbeefbf520
:10392800dfb0640c00000000000000000029c7ffa1
:10393800ffffffffffffffffea5e0000000000003f
:103948000040f4ffffe3935f4b5572b9feffff8d14
:10395800000000000022f1ffff84070000000000c3
:103968000036ddffff6f00000000b7ffff7f00009b
:103978000000000000000020ebfff71d000031fff1
:10398800ffd5040000000000000000000067fffff2
:103998009200008cffff690000000000000000009a
:1039a800000007f0ffed0300ceffff170000000046
:1039b8000000000000000000a6ffff3502f9ffe448
:1039c8000000000000000000000000000075ffff7c
:1039d800651affffc400000000000000000000009e
:1039e800000054ffff8427ffffb60000000000001e
:1039f8000000000000000046ffff9126ffffb7000f
:103a080000000000000000000000000048ffff91d7
:103a180019ffffc5000000000000000000000000c2
:103a28000056ffff8302f8ffe700000000000000d7
:103a380000000000000078ffff6400ccffff1a00c0
:103a48000000000000000000000000abffff37008e
:103a58008affff6d00000000000000000000000a5f
:103a6800f3ffec030030ffffd90500000000000061
:103a7800000000006fffff95000000b6ffff850003
:103a8800000000000000000025effffa2100000000
:103a980022f1ffff87080000000000003ce1ffff63
:103aa8007a000000000041f4ffffe4925e4a54737c
:103ab800bdfeffff9f0200000000000029c7ffffb6
:103ac800fffffffffffffff4700100000000000090
:103ad8000000004297cdeefcffffffb6110000008a
:103ae8000000000000000000000000000029f0ffb6
:103af800fb4c000000000000000000000000000077
:103b080000000048fcfff740000000000000000033
:103b180000000000000000000071fffff234000008
:103b28000000000000000000000000000000009cf1
:103b3800ffffec2a00000000000000000000000069
:103b48000000000005c0fcfce11f000018ffffff9b
:103b5800fffffff6e6bf8426000000000018ffff05
:103b6800fffffffffffffffffc8a0100000018ffb7
:103b7800ffb64444444f6db0fdffff8700000018b6
:103b8800ffff9c0000000000003bf3fffa1d00004f
:103b980018ffff9c0000000000000084ffff680081
:103ba8000018ffff9c0000000000000041ffff8e8e
:103bb800000018ffff9c0000000000000031ffff1c
:103bc80098000018ffff9c000000000000004aff5a
:103bd800ff81000018ffff9c000000000000009813
:103be800ffff42000018ffff9c0000000000004f8c
:103bf800fbffce02000018ffffb64444444d6cb4ee
:103c0800feffe82900000018ffffffffffffffff8e
:103c1800ffffb41f0000000018ffffffffffffffba
:103c2800ffff9100000000000018ffff9c0000004b
:103c380003d3fff51e000000000018ffff9c0000e2
:103c4800000043ffffae000000000018ffff9c00cb
:103c580000000000afffff480000000018ffff9cb5
:103c6800000000000023f8ffdb0700000018ffff3a
:103c78009c00000000000088ffff7d00000018ff86
:103c8800ff9c0000000000000de7fff62000001870
:103c9800ffff9c0000000000000061ffffb2000071
:103ca80018ffff9c0000000000000001cbffff4c44
:103cb8000018ffff9c00000000000000003bffff11
:103cc800dd0800000000001275c1e6faf4e1b978d9
:103cd800290000000050ecffffffffffffffffff80
:103ce8006000003ffafffda5664b5479b6fbfa1455
:103cf8000000c8fffb3e000000000000144b00005d
:103d080011ffffad00000000000000000000002dc2
:103d1800ffff8e00000000000000000000001efff2
:103d2800ffb5000000000000000000000000e6fff2
:103d3800fc40000000000000000000000079ffffc8
:103d4800f8770a00000000000000000003b1ffff40
:103d5800ffea8a250000000000000000037bf6ff50
:103d6800fffffeb93d00000000000000001987e9d0
:103d7800ffffffffaa0f000000000000000005562b
:103d8800c7ffffffcf0a000000000000000000008e
:103d98004de7ffff84000000000000000000000065
:103da8002bfbffe000000000000000000000000006
:103db800bffffd050000000000000000000000ac8f
:103dc800fffd040000000000000000000003e0ff09
:103dd800da00342a000000000000000290ffff8093
:103de8000078ffda9a6c5247517cd4ffffd30a005f
:103df80078ffffffffffffffffffffb41400000f76
:103e080061a0cce9f8fdf0d0983d0000000000006a
:103e1800b4fffffffffffffffffffffffffffffff5
:103e280058b4ffffffffffffffffffffffffffff8c
:103e3800ff582f444444444446ffffc54444444487
:103e480044441700000000000004ffffb000000019
:103e58000000000000000000000004ffffb00000a8
:103e6800000000000000000000000004ffffb00098
:103e780000000000000000000000000004ffffb088
:103e88000000000000000000000000000004ffff28
:103e9800b00000000000000000000000000004ff67
:103ea800ffb0000000000000000000000000000457
:103eb800ffffb0000000000000000000000000004c
:103ec80004ffffb000000000000000000000000038
:103ed8000004ffffb0000000000000000000000028
:103ee800000004ffffb00000000000000000000018
:103ef80000000004ffffb000000000000000000008
:103f08000000000004ffffb00000000000000000f7
:103f1800000000000004ffffb000000000000000e7
:103f280000000000000004ffffb0000000000000d7
:103f38000000000000000004ffffb00000000000c7
:103f4800000000000000000004ffffb000000000b7
:103f580000000000000000000004ffffb0000000a7
:103f68000000000000000000000004ffffb0000097
:103f7800000000000000000000000004ffffb00087
:103f880000000000000000004cffff680000000077
:103f980000000000000078ffff344cffff680000bd
:103fa800000000000000000078ffff344cffff68ad
:103fb8000000000000000000000078ffff344cff04
:103fc800ff680000000000000000000078ffff34d8
:103fd8004cffff680000000000000000000078ffb0
:103fe800ff344cffff6800000000000000000000e4
:103ff80078ffff344cffff6800000000000000005d
:10400800000078ffff344cffff680000000000004c
:104018000000000078ffff344cffff68000000003c
:1040280000000000000078ffff344cffff6800002c
:10403800000000000000000078ffff344cffff681c
:104048000000000000000000000078ffff344cff73
:10405800ff680000000000000000000078ffff3447
:104068004cffff680000000000000000000078ff1f
:10407800ff344cffff680000000000000000000053
:1040880078ffff3442ffff6e0000000000000000d0
:1040980000007fffff262dffff87000000000000c3
:1040a800000000009bffff0b04f3ffc700000000a7
:1040b800000000000001dcffdb0000a7ffff40005c
:1040c8000000000000000056ffff8100002ffbffea
:1040d800e63300000000000039eeffeb1700000097
:1040e80073fffffcad684c4c68aefdfffb4e000053
:1040f80000000068f5ffffffffffffffffe63d0040
:10410800000000000000157bbee7f9f9e3b56a0c72
:1041180000000000d3fff2080000000000000000cb
:1041280000000df7ffd27affff53000000000000e7
:10413800000000005cffff7922ffffab00000000d9
:10414800000000000000b3ffff2100c8fff60c00cc
:104158000000000000000011f9ffc700006fffff1a
:104168005a000000000000000063ffff6e00001905
:10417800fdffb20000000000000000bafffd1800bb
:104188000000bdfff91000000000000015fcffbc96
:104198000000000064ffff6200000000000069ffeb
:1041a800ff630000000011f9ffba000000000000e2
:1041b800c1fff9110000000000b2fffc150000006b
:1041c800001afdffb100000000000059ffff690060
:1041d80000000070ffff580000000000000bf4ff13
:1041e800c100000000c8fff40a0000000000000041
:1041f800a6fffd1b00001fffffa500000000000038
:1042080000004dffff71000077ffff4c0000000029
:104218000000000006eeffc50000cbffee05000021
:10422800000000000000009bfffd161cffff9a0025
:1042380000000000000000000042ffff616affff6d
:10424800410000000000000000000002e6ffa4abef
:10425800ffe602000000000000000000000090ffe0
:10426800e3e6ff8f000000000000000000000000ef
:1042780037ffffffff3600000000000000000000cd
:10428800000000ddffffdd0000000000000000006e
:10429800000000000085ffff84000000000000000f
:1042a80084ffff4f0000000000000000b1ffff6125
:1042b800000000000000000070ffff6242ffff8e58
:1042c8000000000000000006f3ffffac0000000043
:1042d80000000000aeffff2008f7ffcd000000003f
:1042e80000000042fffffff205000000000000018f
:1042f800ebffdd0000befffd100000000000008b9a
:10430800ffedffff430000000000002cffff9b00b3
:10431800007cffff4c000000000000d4ff9feeff70
:104328008e0000000000006bffff5900003afffffd
:104338008b00000000001cffff62b1ffd9000000e5
:10434800000000aaffff17000004f3ffcb000000e5
:10435800000065ffff206dffff240000000000e85b
:10436800ffd400000000b6fffc0e00000000aeff06
:10437800e00023ffff700000000028ffff9200000c
:10438800000074ffff4900000005f1ff990000d903
:10439800ffbb0000000067ffff4f0000000032ff76
:1043a800ff8900000040ffff5000008ffff90d005b
:1043b8000000a5fffd100000000002edffc800008e
:1043c8000088fffa0d000045ffff52000000e4ffdf
:1043d800ca000000000000aefffb0c0000d1ffbfc8
:1043e80000000006f3ff9d000023ffff8800000087
:1043f8000000006cffff47001affff760000000076
:10440800b0ffe7010062ffff460000000000002a3d
:10441800ffff850060ffff2d0000000065ffff32f1
:1044280000a0fff90a00000000000000e7ffbf003d
:10443800a0ffe400000000001bffff7300ddffc1c8
:104448000000000000000000a6fff403e0ff9c004d
:104458000000000000d0ffb419ffff7f000000003b
:104468000000000064ffff42ffff5300000000004f
:104478000086ffef50ffff3c000000000000000036
:1044880021ffff98fffb0f0000000000003bffff2b
:104498009afff405000000000000000000dfffeaba
:1044a800ffc20000000000000003edffebffb800b2
:1044b8000000000000000000009effffff790000e0
:1044c800000000000000a6ffffff750000000000cc
:1044d80000000000005cffffff300000000000004b
:1044e80000005cffffff3300000000000000000038
:1044f8000019ffffe701000000000000000014fda4
:10450800ffee02000000000027f8ffd605000000bb
:10451800000000000037feffa200007fffff7700c9
:1045280000000000000003ceffec15000006d7ffd6
:10453800f41d0000000000006dffff600000000097
:104548003efeffac000000000017f0ffbf000000b7
:104558000000009cffff4600000000a3fff82600b3
:10456800000000000011e9ffda0600003fffff7db0
:1045780000000000000000005affff7b0005d4ff88
:10458800d506000000000000000000b8fff51f7508
:10459800fffe3c0000000000000000000022f6ffc3
:1045a800bff3ff99000000000000000000000000b9
:1045b80077ffffffe8100000000000000000000087
:1045c800000004e9ffff7800000000000000000080
:1045d8000000000053ffffffde090000000000009c
:1045e80000000000000de4ffdbffff870000000073
:1045f8000000000000000092fff928adfffa2c002f
:10460800000000000000000034fdff86001ef5ffda
:10461800c5010000000000000003ceffe00a000012
:104628007bffff660000000000000072ffff4f00e4
:10463800000007dbffee1600000000001df3ffb4ca
:10464800000000000049ffffa50000000000b0ffc7
:10465800f621000000000000b0ffff4500000051f7
:10466800ffff7c0000000000000020f6ffdc0800cf
:104678000ce3ffda0700000000000000007effffe7
:10468800840090ffff4500000000000000000008c3
:10469800dcfff92abdfffe33000000000000000027
:1046a8000034ffffb737ffffb9000000000000002b
:1046b8000000bcfffe3200b1ffff40000000000018
:1046c800000042ffffa900002dfdffc70000000009
:1046d800000000c9fffb26000000a5ffff4e0000f8
:1046e80000000052ffff9a0000000023fbffd302e6
:1046f80000000003d6fff71c000000000099ffff30
:104708005c00000062ffff8c0000000000001bf747
:10471800ffdd050007e1fff11300000000000000c5
:104728008dffff690071ffff7d00000000000000a1
:104738000014f2ffe617ebffea0c0000000000008f
:1047480000000081ffffd9ffff6f0000000000009c
:10475800000000000eecffffffe107000000000072
:1047680000000000000075ffffff6000000000006f
:104778000000000000000009eeffe6030000000052
:10478800000000000000000000dcffd8000000006e
:1047980000000000000000000000dcffd80000005e
:1047a8000000000000000000000000dcffd800004e
:1047b800000000000000000000000000dcffd8003e
:1047c80000000000000000000000000000dcffd82e
:1047d8000000000000000000000000000000dcfff6
:1047e800d80000000000000000000000000000dc0d
:1047f800ffd80000000000000000000000000000da
:10480800dcffd800000000000000000080ffffff70
:10481800ffffffffffffffffffffb080ffffffff6e
:10482800ffffffffffffffffffaf22444444444464
:104838004444444444dbffff5200000000000000f1
:104848000000005cffffb000000000000000000056
:104858000013eafff21c0000000000000000000046
:10486800a0ffff6b0000000000000000000042fff6
:10487800ffc70200000000000000000008dbfffa8c
:104888002c0000000000000000000086ffff8500eb
:104898000000000000000000002dfaffda08000008
:1048a8000000000000000002c7ffff4100000000f8
:1048b8000000000000006cffff9e000000000000e8
:1048c800000000001bf1ffea1200000000000000d9
:1048d800000000afffff5a000000000000000000c9
:1048e8000052ffffb8000000000000000000000eaa
:1048f800e5fff5200000000000000000000096ff22
:10490800ff740000000000000000000039feffce28
:104918000300000000000000000005d4fffc330085
:104928000000000000000000007cffffbc4444447d
:104938004444444444444442dbffffffffffffff7d
:10494800fffffffffffffcdcffffffffffffffff95
:10495800fffffffffffc000098ffffffffffff20a6
:1049680098ffffffffffff2098fffd4444444408e1
:1049780098fffc000000000098fffc000000000009
:1049880098fffc000000000098fffc0000000000f9
:1049980098fffc000000000098fffc0000000000e9
:1049a80098fffc000000000098fffc0000000000d9
:1049b80098fffc000000000098fffc0000000000c9
:1049c80098fffc000000000098fffc0000000000b9
:1049d80098fffc000000000098fffc0000000000a9
:1049e80098fffc000000000098fffc000000000099
:1049f80098fffc000000000098fffc000000000089
:104a080098fffc000000000098fffc000000000078
:104a180098fffc000000000098fffc000000000068
:104a280098ffffffffffff2098ffffffffffff201a
:104a3800284444444444440886fffa140000000013
:104a480000000029ffff6b0000000000000000cc00
:104a5800ffc800000000000000006fffff260000f4
:104a6800000000000016fbff8300000000000000ab
:104a780000b5ffdf010000000000000058ffff3d07
:104a88000000000000000009f1ff9b00000000008a
:104a98000000009efff0080000000000000041ff39
:104aa800ff550000000000000001e3ffb200000015
:104ab800000000000088fffa150000000000000058
:104ac8002bffff6d0000000000000000ceffca00b1
:104ad8000000000000000071ffff28000000000037
:104ae800000017fcff850000000000000000b7ff71
:104af800e101000000000000005affff3f00000035
:104b0800000000000af3ff9d000000000000000004
:104b1800a0fff1090000000000000043ffff57005c
:104b280000000000000002e4ffb5000040ffffffa6
:104b3800ffffff7840ffffffffffff781144444469
:104b480058ffff78000000001cffff7800000000fd
:104b58001cffff78000000001cffff780000000029
:104b68001cffff78000000001cffff780000000019
:104b78001cffff78000000001cffff780000000009
:104b88001cffff78000000001cffff7800000000f9
:104b98001cffff78000000001cffff7800000000e9
:104ba8001cffff78000000001cffff7800000000d9
:104bb8001cffff78000000001cffff7800000000c9
:104bc8001cffff78000000001cffff7800000000b9
:104bd8001cffff78000000001cffff7800000000a9
:104be8001cffff78000000001cffff780000000099
:104bf8001cffff7840ffffffffffff7840ffffff2c
:104c0800ffffff78114444444444441f000000005f
:104c18000000bbff40000000000000000000000092
:104c2800002fffffc000000000000000000000008f
:104c380000a3ffffff40000000000000000000008c
:104c48001cfaf891ffc000000000000000000000fe
:104c58008cffa00deeff4100000000000000000ed8
:104c6800f1ff30007effc10000000000000000746a
:104c7800ffc100000ff0ff4100000000000005e345
:104c8800ff5100000082ffc10000000000005dff2e
:104c9800df0200000011f2ff420000000000d0ff18
:104ca80072000000000087ffc20000000045fff30b
:104cb8000f000000000014f4ff42000000baff9249
:104cc800000000000000008bffc200002efffe2540
:104cd8000000000000000016f6ff4300a2ffb3002a
:104ce80000000000000000008fffc300044444449b
:104cf800444444444444444444441910ffffffffdf
:104d0800ffffffffffffffffff6010ffffffffff39
:104d1800ffffffffffffffff60000000a3ffff9cf6
:104d280000000011dbfffc2b00000025eaffc10199
:104d380000000035f1ff680000000033e9f51f00ae
:104d48000000002881c0eafbf2cf871700000000ae
:104d580091ffffffffffffffffe92900000070ff41
:104d6800de8b594b67c9ffffc700000011450100e2
:104d780000000001b7ffff24000000000000000051
:104d8800000052ffff530000000000000000000078
:104d980034ffff6400000000000e2f3c434467ff0f
:104da800ff6800001487dbffffffffffffffff68be
:104db800003aedffffffffffffffffffff6810e86e
:104dc800ffffb7512109010034ffff6866ffffa20a
:104dd80000000000000038ffff6893ffff3200006a
:104de8000000000055ffff6897ffff2c000000003f
:104df8000000abffff6874ffff7c0000000000703c
:104e0800ffffff6823fbfffc9a554b71c9ffabf806
:104e1800ff680072feffffffffffffaf06cdff68d0
:104e2800000040b1ebfae8bd5d00009cff6800009f
:104e380074ffff3000000000000000000000007454
:104e4800ffff30000000000000000000000074ffb9
:104e5800ff30000000000000000000000074ffffa9
:104e680030000000000000000000000074ffff3068
:104e7800000000000000000000000074ffff2e008a
:104e88000000000000000000000074ffff28066b0f
:104e9800c9edf7db952100000074ffff31c8ffff63
:104ea800fffffffff758000074ffffc9ffb2644a15
:104eb80059a3fefffd3d0074ffffff6900000000dd
:104ec8000053feffd40074ffffcd00000000000077
:104ed80000a9ffff3a74ffff7b00000000000000fc
:104ee8004bffff7c74ffff4e00000000000000171e
:104ef800ffffaa74ffff380000000000000000fb5d
:104f0800ffbd74ffff310000000000000000f3ff48
:104f1800c874ffff3a0000000000000000fcffbc5e
:104f280074ffff54000000000000001affffa8747f
:104f3800ffff850000000000000050ffff7974ffac
:104f4800ffd802000000000000aeffff3774ffff2b
:104f5800ff79000000000055ffffcf0074fff9d76c
:104f6800ffba664a57a0fdfffc380074ffc61cd57f
:104f7800fffffffffffff652000074ff8c000a7569
:104f8800cdeff7db931f00000000000000000000d9
:104f98002d8bd0ecf6dbbc7a1600000494feffffe4
:104fa800ffffffffff2d00009bffffeb85524c74b6
:104fb800c3d2000043ffffd2140000000000090024
:104fc80000b7fffe2f000000000000000009f9fff5
:104fd800c700000000000000000032ffff8c000046
:104fe800000000000000004cffff6d000000000002
:104ff8000000000055ffff630000000000000000f3
:10500800004effff6b00000000000000000037ffab
:10501800ff8a0000000000000000000dfcffc40033
:10502800000000000000000000c1fffe2d0000008d
:105038000000000000004cffffcf1000000000003f
:10504800090600009fffffe67e4e4b639ef1240099
:10505800000798ffffffffffffffff24000000008d
:105068003b9bd7f2fbe9bb6507000000000000008e
:105078000000000000000000bcffe8000000000085
:1050880000000000000000bcffe800000000000075
:10509800000000000000bcffe80000000000000065
:1050a8000000000000bcffe8000000000000000055
:1050b80000000000bcffe800000000000000000045
:1050c800000000bcffe80000000263bfecf7de9ab6
:1050d8002700baffe8000010c4fffffffffffff53d
:1050e80055adffe80001bfffffdb714b568ef2faaa
:1050f800d3ffe8005cffffcb0c0000000022e9ffb3
:10510800ffe800c3fffe2f00000000000069ffff5a
:10511800e809fcffca0000000000000012fdffe8db
:1051280035ffff8e0000000000000000dcffe849aa
:10513800ffff6e0000000000000000c0ffe854ff01
:10514800ff630000000000000000b5ffe84bffff10
:105158006b0000000000000000baffe838ffff877e
:105168000000000000000000ccffe80cfdffbd00bf
:1051780000000000000005f4ffe800c9fffb210063
:1051880000000000004fffffe80064ffffbd0700bc
:1051980000000016dbffffe80003c7ffffd66e4ada
:1051a8005387ebfad2ffe8000015ccffffffffffa3
:1051b800fff65778ffe80000000469c3eff7de9bad
:1051c800290050ffe80000000000000038a3e1fac1
:1051d800e8c56a0b0000000000007effffffffff2c
:1051e800ffffd8250000000080ffffd66f4a57a2b6
:1051f800fdffe10d00002bfaffbe08000000006a69
:10520800ffff8d00009efff722000000000002d77c
:10521800ffe90303ebffb9000000000000008dff69
:10522800ff3328ffffa64444444444444494ffff0a
:105238004e3fffffffffffffffffffffffffff6284
:1052480051ffffffffffffffffffffffffff64436b
:10525800ffff6a00000000000000000000002affb5
:10526800ff88000000000000000000000008f2ffb6
:10527800c9000000000000000000000000a3ffffbc
:105288003c000000000000000000000034fbffe1cb
:1052980028000000000000062e0000007bfffff839
:1052a8009c5b48506ca2ecac000000006efaffff5b
:1052b800ffffffffffffab00000000002080cae8ef
:1052c800fcf4dbad66100000000000000041b2ea0b
:1052d800f9e3ba46000000006cfeffffffffff5233
:1052e8000000001cfafff8814e66a30b0000007254
:1052f800ffff690000000000000000a3ffff0f008f
:1053080000000000000000b5fff2000000000000ef
:10531800000000bfffe80000000000001874d0ff84
:10532800fffffffffff400008cffffffffffffff01
:10533800fff40000254444ceffee444444400000fe
:10534800000000bcffe8000000000000000000bcf6
:10535800ffe8000000000000000000bcffe80000bb
:1053680000000000000000bcffe800000000000092
:10537800000000bcffe8000000000000000000bcc6
:10538800ffe8000000000000000000bcffe800008b
:1053980000000000000000bcffe800000000000062
:1053a800000000bcffe8000000000000000000bc96
:1053b800ffe8000000000000000000bcffe800005b
:1053c80000000000000000bcffe800000000000032
:1053d800000000bcffe8000000000000000000bc66
:1053e800ffe80000000000000000000262c0ecf7c7
:1053f800db93230046ffe800000cbfffffffffff21
:10540800fff5566affe80000b1ffffdb704a5895c8
:10541800f6fac7ffe8004cffffc90b00000000299f
:10542800ebffffe800b7fffd2a0000000000006660
:10543800ffffe806f9ffc4000000000000000efab4
:10544800ffe831ffff8b0000000000000000d6ffde
:10545800e849ffff6c0000000000000000bdffe805
:1054680054ffff620000000000000000b1ffe84a9e
:10547800ffff6b0000000000000000b5ffe835ffeb
:10548800ff870000000000000000c5ffe809fcffde
:10549800be0000000000000002eeffe800c0fffbb5
:1054a8002100000000000045ffffe80059ffffbe93
:1054b800080000000016d6ffffe80001bfffffd775
:1054c8006f4a5488ebfbdaffe8000011c9ffffffc1
:1054d800fffffff960afffe80000000368c2eef8c5
:1054e800e09e2e00b3ffe70000000000000000006f
:1054f800000000bbffdc000000000000000000000e
:105508000000deffc60000000000000000000000f0
:1055180038ffff92000b3e0000000000000019d881
:10552800ffff390018ffde9a6f53485187ecffffe1
:10553800ab000017ffffffffffffffffffffb40dea
:105548000000003283bbe0f4fdf3dca54900000055
:1055580074ffff300000000000000000000000742d
:10556800ffff30000000000000000000000074ff92
:10557800ff30000000000000000000000074ffff82
:1055880030000000000000000000000074ffff3041
:10559800000000000000000000000074ffff300061
:1055a8000000000000000000000074ffff2d015ef5
:1055b800bdeaf9e6b14e00000074ffff2abfffff05
:1055c800ffffffffff9a000074ffffbfffc16c4c95
:1055d8005d98fcffff5a0074ffffff810000000088
:1055e8000050ffffc20074ffffdb03000000000053
:1055f80000cafff70274ffff8400000000000000eb
:105608009affff1274ffff520000000000000081a3
:10561800ffff1b74ffff390000000000000080ff3f
:10562800ff1c74ffff300000000000000080ffff37
:105638001c74ffff300000000000000080ffff1c0a
:1056480074ffff300000000000000080ffff1c74a2
:10565800ffff300000000000000080ffff1c74ff07
:10566800ff300000000000000080ffff1c74fffff7
:10567800300000000000000080ffff1c74ffff30b6
:105688000000000000000080ffff1c74ffff3000d6
:1056980000000000000080ffff1c74ffff300000c6
:1056a800000000000080ffff1c00000033e5cc0f65
:1056b80097ffff5e98ffff5e33e5cc0f0000000008
:1056c8000000000074ffff3074ffff3074ffff30ec
:1056d80074ffff3074ffff3074ffff3074ffff303a
:1056e80074ffff3074ffff3074ffff3074ffff302a
:1056f80074ffff3074ffff3074ffff3074ffff301a
:1057080074ffff3074ffff300000000033e5cc0f5a
:105718000000000097ffff5e0000000098ffff5e9a
:105728000000000033e5cc0f00000000000000007e
:1057380000000000000000000000000074ffff30bf
:105748000000000074ffff300000000074ffff300d
:105758000000000074ffff300000000074ffff30fd
:105768000000000074ffff300000000074ffff30ed
:105778000000000074ffff300000000074ffff30dd
:105788000000000074ffff300000000074ffff30cd
:105798000000000074ffff300000000074ffff30bd
:1057a8000000000074ffff300000000074ffff30ad
:1057b8000000000074ffff300000000074ffff309d
:1057c8000000000074ffff300000000074ffff308d
:1057d800000000007fffff2800000000b3fffd0d60
:1057e80053554d92ffffc300a8fffffffff93b0091
:1057f8007be9fbeeb73a000074ffff2800000000c9
:1058080000000000000074ffff28000000000000f6
:105818000000000074ffff280000000000000000e6
:10582800000074ffff2800000000000000000000d6
:1058380074ffff280000000000000000000074ff53
:10584800ff280000000000000000000074ffff288f
:10585800000000000044faffcd0c74ffff28000090
:10586800000030f2ffde170074ffff280000001f61
:10587800e6ffeb26000074ffff28000012d7fff5b3
:105888003700000074ffff280009c5fffc4d000029
:10589800000074ffff2702afffff66000000000052
:1058a80074ffff2180ffff8100000000000074ffeb
:1058b800ff5afdfff21000000000000074fffff225
:1058c800ffffffa800000000000074ffffff8ab977
:1058d800ffff5f000000000074ffff7c0019ecff71
:1058e800f3230000000074ffff28000051ffffc9e8
:1058f8000400000074ffff280000009dffff8600e1
:10590800000074ffff280000000cdcfffd3f0000d2
:1059180074ffff280000000038fbffe3110074ff4c
:10592800ff2800000000007fffffac0074ffff2885
:10593800000000000003c6ffff64000074ffff3092
:1059480074ffff3074ffff3074ffff3074ffff30c7
:1059580074ffff3074ffff3074ffff3074ffff30b7
:1059680074ffff3074ffff3074ffff3074ffff30a7
:1059780074ffff3074ffff3074ffff3074ffff3097
:1059880074ffff3074ffff3074ffff3074ffff3087
:1059980074ffff3074ffff3074ffc2000672cbf251
:1059a800f1d3831300000467c2ecf8e0a02a0000da
:1059b80074ffe711ceffffffffffffde1e14c9ffd4
:1059c800fffffffffff6450074ffffbfffa95d4c17
:1059d80071dfffffb5bbffc3694b66c1ffffe5057c
:1059e80074ffffff64000000000fe4ffffff930057
:1059f80000000002b4ffff4c74ffffcd0000000060
:105a0800000079ffffec0900000000003dffff8067
:105a180074ffff7c0000000000004fffffa20000a1
:105a28000000000013ffff9674ffff4e0000000007
:105a3800000038ffff7700000000000000fcff9f17
:105a480074ffff3800000000000038ffff67000007
:105a58000000000000fcffa074ffff300000000001
:105a6800000038ffff6400000000000000fcffa0f9
:105a780074ffff3000000000000038ffff640000e2
:105a88000000000000fcffa074ffff3000000000d1
:105a9800000038ffff6400000000000000fcffa0c9
:105aa80074ffff3000000000000038ffff640000b2
:105ab8000000000000fcffa074ffff3000000000a1
:105ac800000038ffff6400000000000000fcffa099
:105ad80074ffff3000000000000038ffff64000082
:105ae8000000000000fcffa074ffff300000000071
:105af800000038ffff6400000000000000fcffa069
:105b080074ffff3000000000000038ffff64000051
:105b18000000000000fcffa074ffff300000000040
:105b2800000038ffff6400000000000000fcffa038
:105b380074ffc2000260bbe9fae7b34f00000074cb
:105b4800ffe70ec4ffffffffffffff9a000074ff8f
:105b5800ffbdffc26c4c5d98fcffff590074ffff4e
:105b6800ff83000000000050ffffc10074ffffda50
:105b780003000000000000cafff60274ffff840063
:105b88000000000000009affff1174ffff510000a1
:105b9800000000000081ffff1b74ffff39000000b8
:105ba8000000000080ffff1c74ffff3000000000b1
:105bb80000000080ffff1c74ffff300000000000a1
:105bc800000080ffff1c74ffff3000000000000091
:105bd8000080ffff1c74ffff300000000000000081
:105be80080ffff1c74ffff300000000000000080f1
:105bf800ffff1c74ffff300000000000000080ff62
:105c0800ff1c74ffff300000000000000080ffff51
:105c18001c74ffff300000000000000080ffff1c24
:105c280074ffff300000000000000080ffff1c0030
:105c3800000000002e96d6f2f3d49a30000000003f
:105c48000000018afdffffffffffffff8e0300003a
:105c5800000090ffffe580514e77daffffa20000b9
:105c6800003effffce100000000007b5ffff520006
:105c780000b0fffe2e00000000000015f2ffca0071
:105c880005f7ffc600000000000000009effff228d
:105c980032ffff8a000000000000000061ffff578c
:105ca80049ffff6b000000000000000041ffff708b
:105cb80053ffff63000000000000000037ffff8271
:105cc8003fffff6e000000000000000043ffff756b
:105cd80026ffff8f000000000000000065ffff5d49
:105ce80003ebffcd0000000000000000a4ffff262a
:105cf8000099ffff3600000000000018f5ffd500ee
:105d08000028f7ffd5140000000008b9ffff5e0067
:105d1800000071ffffe983514d77dbffffad000005
:105d28000000006afbffffffffffffffa106000066
:105d380000000000228ad0f0f6dea03c000000003f
:105d480074ffc4000365c7ebf7dc962300000074fa
:105d5800ffe70bbcfffffffffffff85a000074ffcf
:105d6800ffb5ffb5654a5aa8fffffd3f0074ffff66
:105d7800ff6d000000000063ffffd60074ffffcc3a
:105d880000000000000000b8ffff3c74ffff770030
:105d980000000000000055ffff7d74ffff49000070
:105da80000000000001bffffaa74ffff3600000080
:105db8000000000000fbffbd74ffff310000000081
:105dc80000000000f4ffc874ffff3a000000000064
:105dd800000003ffffbc74ffff5600000000000036
:105de8000023ffffa874ffff8800000000000000e8
:105df80060ffff7874ffffdc02000000000000c6af
:105e0800ffff3474ffffff7e000000000073fffff8
:105e1800cd0074ffffdaffbc674b5fb0fffffb35b7
:105e28000074ffff30d4fffffffffffff6500000b4
:105e380074ffff240973cbeef7db931f0000007497
:105e4800ffff2f000000000000000000000074ffaa
:105e5800ff30000000000000000000000074ffff99
:105e680030000000000000000000000074ffff3058
:105e7800000000000000000000000074ffff300078
:105e88000000000000000000000074ffff30000068
:105e980000000000000000000074ffff3000000058
:105ea8000000000000000000000000015ebdecf7eb
:105eb800dc96220047ffe800000dbeffffffffff52
:105ec800fff24b6cffe80000b8ffffda714b579008
:105ed800f3f5bfffe80058ffffc80a0000000025df
:105ee800eaffffe800c0fffe2c0000000000006b86
:105ef800ffffe809fbffc80000000000000013fdd9
:105f0800ffe834ffff8d0000000000000000ddff07
:105f1800e849ffff6d0000000000000000c0ffe836
:105f280054ffff620000000000000000b5ffe84acf
:105f3800ffff6a0000000000000000baffe837ff1a
:105f4800ff860000000000000000ceffe80bfdff08
:105f5800bd0000000000000006f6ffe800c7fffbd8
:105f68002000000000000054ffffe80062ffffbcb3
:105f7800070000000019deffffe80002c4ffffd69b
:105f88006f4a5388edf9d4ffe8000013c9fffffffb
:105f9800fffffff554b1ffe80000000468c4eff705
:105fa800dc982700baffe8000000000000000000ad
:105fb800000000bcffe80000000000000000000036
:105fc8000000bcffe8000000000000000000000026
:105fd80000bcffe800000000000000000000000016
:105fe800bcffe8000000000000000000000000bc4a
:105ff800ffe8000000000000000000000000bcfff7
:10600800e8000000000000000000000000bcffe8fd
:1060180074ffbf000035b4e9ffe074ffd70067fee6
:10602800ffffffc174ffef49fff28c53606774fff5
:10603800ffe9d9210000000074fffff82b000000e1
:10604800000074ffffa400000000000074ffff5967
:1060580000000000000074ffff3b0000000000008b
:1060680074ffff3000000000000074ffff300000e4
:106078000000000074ffff3000000000000074ff03
:10608800ff3000000000000074ffff300000000037
:10609800000074ffff3000000000000074ffff30b4
:1060a80000000000000074ffff3000000000000046
:1060b80074ffff300000000000000000000017819e
:1060c800c9effcf1d2984203000048f2ffffffff3e
:1060d800ffffffff810014f1fff59259495b8edc49
:1060e800fd22005effff4f000000000000260000b8
:1060f8006fffff1900000000000000000049ffffcb
:106108009602000000000000000003d0ffffd157f6
:10611800050000000000000017bbffffffe8861f16
:10612800000000000000004abffffffffb9d1200b7
:106138000000000000002b94f5ffffe11a000000aa
:10614800000000000015a6ffffa7000000000000e7
:1061580000000001c2ffee00000000000000000087
:106168000097fffa00342800000000000013e1ff48
:10617800d40070ffcc885a484f79ddffff6b006f61
:10618800ffffffffffffffffff920200065babdb95
:10619800f4fdf3d59a360000000000000000004c22
:1061a800ff68000000000000000094ff6800000085
:1061b8000000000000dcff68000000000000003262
:1061c800ffff6800000000001f9dfbffffffffffaf
:1061d800ffff0c84ffffffffffffffffff0c2344bf
:1061e80070ffff90444444440300003cffff6800f4
:1061f8000000000000003cffff68000000000000f5
:10620800003cffff68000000000000003cffff6842
:10621800000000000000003cffff680000000000d4
:1062280000003cffff68000000000000003cffff8a
:1062380068000000000000003cffff68000000004c
:106248000000003bffff68000000000000002eff78
:10625800ff800000000000000013ffffce020000d6
:106268000000000000c3ffffb8574f72190000007c
:1062780035f7ffffffffff2c000000002caae8fa0b
:10628800eabf1800a0ffff0c00000000000000a8f3
:10629800fffca0ffff0c00000000000000a8fffcae
:1062a800a0ffff0c00000000000000a8fffca0fffa
:1062b800ff0c00000000000000a8fffca0ffff0c7e
:1062c80000000000000000a8fffca0ffff0c000079
:1062d8000000000000a8fffca0ffff0c0000000069
:1062e800000000a8fffca0ffff0c00000000000059
:1062f80000a8fffca0ffff0c00000000000000a8a1
:10630800fffca0ffff0c00000000000000b2fffc33
:106318009fffff0d00000000000000cafffc97ff70
:10632800ff2400000000000007f5fffc80ffff527b
:1063380000000000000057fffffc49ffffce0900e6
:106348000000001be1fffffc04dfffffd8704c5585
:106358008ceffed0fffc0038effffffffffffffbd5
:106368007068fffc00001c8dd4f4f7dd9a2f004004
:10637800fffc0000d2fff20800000000000000004f
:10638800c0fffa1377ffff52000000000000001959
:10639800fdffb1001cfeffa9000000000000006e18
:1063a800ffff550000bffff50b000000000000c60e
:1063b800fff108000063ffff5800000000001efe08
:1063c800ff9d0000000ff8ffaf000000000074ff01
:1063d800ff4100000000acfff80e00000000ccfff9
:1063e800e3020000000050ffff5e00000023fffff3
:1063f80089000000000006eeffb50000007affffec
:106408002d00000000000099fffa120000d2ffd111
:10641800000000000000003dffff630028ffff753b
:106428000000000000000001dfffb6007dfffd1b3b
:10643800000000000000000085fff709ceffbd0046
:10644800000000000000000029ffff63ffff61005b
:10645800000000000000000000ceffdefff70e0085
:1064680000000000000000000072ffffffa900000c
:1064780000000000000000000019fcffff4d0000b4
:10648800000000008bffff2e000000000000c7ff87
:10649800ff6800000000000094ffff1e49ffff6d29
:1064a800000000000014fdffffb100000000000024
:1064b800d3ffda000bfaffac00000000005fffff1b
:1064c800fff4070000000014feff970000c4ffe976
:1064d8000000000000abffb0ffff440000000052c6
:1064e800ffff54000082ffff2900000005f1ff664e
:1064f800ddff8d0000000092fffd1200003fffff4e
:106508006700000043ffff289cffd700000000d170
:10651800ffcd00000006f6ffa60000008fffe30095
:1065280054ffff20000012feff8a00000000bbff9e
:10653800e4000000daff9d0010fcff6a000050ff35
:10654800ff460000000078ffff230027ffff5000f0
:1065580000c3ffb3000090fff90a0000000036fff7
:10656800ff600071fff70b000079fff50700cdff12
:10657800c0000000000003f0ff9a00b7ffb500005c
:106588000030ffff400dfcff7d000000000000b15f
:10659800ffd304f4ff6700000000e5ff8445ffff18
:1065a800390000000000006ffffd40fffe1a0000e8
:1065b80000009cffc47efff2040000000000002dd4
:1065c800ffffa3ffcc000000000052fff8b2ffb3aa
:1065d8000000000000000001e9fff9ff7e00000054
:1065e80000000efafffbff6f000000000000000033
:1065f800a8ffffff30000000000000bfffffff2cd6
:10660800000000000000000065ffffe2000000003d
:1066180000000075ffffe8000000000006d4fff846
:106628002900000000000042ffffb2000034fbff19
:10663800c4010000000009dbffee1900000085ff1f
:10664800ff6a0000000088ffff5d0000000006d31d
:10665800fff21c00002ffbffb20000000000003317
:10666800fbffb20003caffee1900000000000000a3
:1066780085ffff5771ffff5d00000000000000006c
:1066880006d3ffe9f4ffb30000000000000000009b
:106698000033fbffffee1a000000000000000000be
:1066a8000001d2ffffab0000000000000000000066
:1066b8000070ffffffff4600000000000000000020
:1066c80024f5ffc5d8ffe30f00000000000000021a
:1066d800c3fff7273cfeff9e00000000000000718a
:1066e800ffff77000095ffff4b000000000026f633
:1066f800ffcb0300000de2ffe61100000002c5ff1a
:10670800fa2d000000004affffa400000073fffffd
:106718007f000000000000a5ffff500027f7ffd210
:106728000500000000000014eaffe914c7fff70f96
:106738000000000000000000b9fffe1e63ffff65b7
:106748000000000000000015fbffbf000cf3ffc3b2
:10675800000000000000006affff6100009cfffecf
:1067680022000000000000c2fff50d000038ffff06
:106778007f00000000001cfeffa500000000d4ff01
:10678800dd000000000073ffff470000000071fffc
:10679800ff3c00000000ccffe6030000000013f9f6
:1067a800ff9a00000024ffff8b000000000000a9f2
:1067b800fff00800007dffff2d00000000000046ec
:1067c800ffff550000d4ffcf0000000000000001cb
:1067d800dfffad0027ffff71000000000000000090
:1067e8007efff70d79fffb17000000000000000096
:1067f8001dfdff4dc9ffb5000000000000000000ae
:1068080000b7ffa2feff57000000000000000000d4
:106818000053fffffff00800000000000000000028
:106828000005e9ffff9b00000000000000000000d9
:10683800000097ffff3d000000000000000000007e
:106848000000d0ffde010000000000000000000092
:106858000034ffff8100000000000000000000007d
:1068680000abfff91a000000000000000000000063
:1068780055feff9b0000000000000000444d5496a8
:10688800fcffe8170000000000000000acffffff5d
:10689800fff6410000000000000000008ceffbe95b
:1068a800a92d0000000000000000000050ffffffbd
:1068b800ffffffffffffffb850ffffffffffffffd6
:1068c800ffffffb8154444444444444495ffff8205
:1068d8000000000000000018ecffd20600000000d5
:1068e800000000b1fffa30000000000000005eff69
:1068f800ff7c000000000000001befffca0300003f
:106908000000000000b6fff72800000000000000ab
:1069180063ffff71000000000000001df1ffc102cd
:1069280000000000000000bafff321000000000092
:10693800000069ffff670000000000000021f3ff6e
:10694800b80000000000000001bfffef1b000000be
:10695800000000006effff98444444444444443f10
:10696800d3fffffffffffffffffffff0d4ffffff95
:10697800fffffffffffffff0000000000000107a9c
:10698800c7f06e000000000030e7ffffff70000056
:10699800000006ddffffb76221000000004affff8c
:1069a8009a0000000000000074ffff39000000009a
:1069b8000000007fffff1c0000000000000080ffb7
:1069c800ff1c0000000000000080ffff1c0000000a
:1069d8000000000080ffff1c000000000000008194
:1069e800ffff1b00000000000000a0fffd070000e3
:1069f800000000001ae9ffcc000000000a5580e5fd
:106a0800fff43e0000000028fffff7902700000079
:106a1800000028ffffffd76a000000000000123bbb
:106a2800b3ffff7b0000000000000004d0ffee0071
:106a38000000000000000090ffff150000000000ab
:106a4800000080ffff1c0000000000000080ffff26
:106a58001c0000000000000080ffff1c0000000078
:106a680000000080ffff1c000000000000007aff0b
:106a7800ff320000000000000059ffff88000000fe
:106a88000000000010eefffea95e200000000000dc
:106a980048f4ffffff700000000000001d89cff2de
:106aa8006e000000d4ff5cd4ff5cd4ff5cd4ff5cb4
:106ab800d4ff5cd4ff5cd4ff5cd4ff5cd4ff5cd40f
:106ac800ff5cd4ff5cd4ff5cd4ff5cd4ff5cd4ffd4
:106ad8005cd4ff5cd4ff5cd4ff5cd4ff5cd4ff5c67
:106ae800d4ff5cd4ff5cd4ff5cd4ff5cd4ff5cd4df
:106af800ff5cd4ff5cd4ff5cd4ff5cd4ff5c000077
:106b08000bf7dda43c0000000000000cffffffffb6
:106b18008a0000000000035587efffff50000000c7
:106b28000000000034fbffb200000000000000007d
:106b3800d2ffdb0000000000000000b4ffe7000007
:106b4800000000000000b4ffe800000000000000a2
:106b580000b4ffe80000000000000000b4ffe800f7
:106b680000000000000000b3ffe900000000000082
:106b780000009efffe0a0000000000000065ffff05
:106b88006e0000000000000005c6fffca8612a0096
:106b980000000000066dd3ffff90000000000026f3
:106ba800b0f7ffff900000000019f0ffe4611d043a
:106bb8000000000082ffff3a00000000000000aa69
:106bc800fff50200000000000000b4ffe80000002c
:106bd8000000000000b4ffe8000000000000000012
:106be800b4ffe80000000000000000b4ffe8000067
:106bf800000000000000c3ffe300000000000000e8
:106c080012f1ffc900000000001041c6ffff7a0022
:106c18000000000cffffffffca09000000000cff86
:106c2800ffe6800a0000000000033c22000000008c
:106c3800000000000040b9f1f4d79e4602000000b1
:106c480000307a54feffffffffffffe087585092a5
:106c5800f8a080fd9f535782d6ffffffffffffff7d
:106c680072684200000000003a96d4f2f4c3500063
:020000040000fa
:106c7800ffffffffffffffffffffffffffffffff1c
:106c8800deffbbfe96f551f40df34bea29ea6beaf9
:106c98000df372f4d7f51cffffffffffffff9ef710
:106ca8009ef7ffffffffffffffffffffffffffff55
:106cb800ffffffffffffffffffffffffffffffffdc
:106cc800ffffffffffffffffffffffffffffffffcc
:106cd800ffffffffffffffffffffffffffffffffbc
:106ce800ffffffffffffffffffffffffffffffffac
:106cf800ffffffffffffffffffffffffffffffff9c
:106d0800ffffffffffffffffffffffffffffffff8b
:106d1800ffffffffffffffffffffffffffffffff7b
:106d2800ffffffffffffffffffffffffffffffff6b
:106d3800ffffffffffffffffffffffffffffffff5b
:106d4800ffffffffffffffffffffffffffffffff4b
:106d5800ffffffffffffffffffffffffffffffff3b
:106d6800ffffffffffffffffffffffffffff79feb2
:106d7800ecea68e9e6e8e6e8e6e8e6e8e6e8e6e810
:106d8800e6e8e6e806e988e952f4dfff3ce7ae7397
:106d980092949defffffffffffffffffffffffff45
:106da800ffffffffffffffffffffffffffffffffeb
:106db800ffffffffffffffffffffffffffffffffdb
:106dc800ffffffffffffffffffffffffffffffffcb
:106dd800ffffffffffffffffffffffffffffffffbb
:106de800ffffffffffffffffffffffffffffffffab
:106df800ffffffffffffffffffffffffffffffff9b
:106e0800ffffffffffffffffffffffffffffffff8a
:106e1800ffffffffffffffffffffffffffffffff7a
:106e2800ffffffffffffffffffffffffffffffff6a
:106e3800ffffffffffffffffffffffffffffffff5a
:106e4800ffffffffffffffffffffffffffffffff4a
:106e5800ffffffffffffffffffff1cfff0f306e947
:106e6800e6e8e6e8e6e8e6e8e6e8e6e8e6e8e6e8aa
:106e7800e6e8e6e8e6e8e6e847e959febad68e73ba
:106e88008e735ce7ffffffffffffffffffffffffc2
:106e9800fffffffffffffffffffffffffffffffffa
:106ea800ffffffffffffffffffffffffffffffffea
:106eb800ffffffffffffffffffffffffffffffffda
:106ec800ffffffffffffffffffffffffffffffffca
:106ed800ffffffffffffffffffffffffffffffffba
:106ee800ffffffffffffffffffffffffffffffffaa
:106ef800ffffffffffffffffffffffffffffffff9a
:106f0800ffffffffffffffffffffffffffffffff89
:106f1800ffffffffffffffffffffffffffffffff79
:106f2800ffffffffffffffffffffffffffffffff69
:106f3800ffffffffffffffffffffffffffffffff59
:106f4800ffffffffffffffff79fee9e9e6e8e6e85c
:106f5800e6e8e6e8e6e8e6e8e6e8e6e8e6e8e6e8b9
:106f6800e6e8e6e8e6e8e6e8e6e80aea7df779ce64
:106f780079cedffffffffffffffffffffffffffff0
:106f8800ffffffffffffffffffffffffffffffff09
:106f9800fffffffffffffffffffffffffffffffff9
:106fa800ffffffffffffffffffffffffffffffffe9
:106fb800ffffffffffffffffffffffffffffffffd9
:106fc800ffffffffffffffffffffffffffffffffc9
:106fd800ffffffffffffffffffffffffffffffffb9
:106fe800ffffffffffffffffffffffffffffffffa9
:106ff800ffffffffffffffffffffffffffffffff99
:10700800ffffffffffffffffffffffffffffffff88
:10701800ffffffffffffffffffffffffffffffff78
:10702800ffffffffffffffffffffffffffffffff68
:10703800ffffffffffff38f688e9e6e8e6e8e6e845
:10704800e6e8e6e8e6e8e6e8e6e8e6e8e6e8e6e8c8
:10705800e6e8e6e8e6e8e6e8e6e8e6e852f4dfff30
:10706800ffffffffffffffffffffffffffffffff28
:10707800ffffffffdfff1ce77defffffffffffffc5
:10708800ffffffffffffffff9def1bdfffffffff7e
:10709800fffffffffffffffffffffffffffffffff8
:1070a800ffffffffffffffffffffffffffffffffe8
:1070b800ffffffffffffffffffffffffffffffffd8
:1070c800ffffffffffffffffffffffffffffffffc8
:1070d800ffffffffffffffffffffffffffffffffb8
:1070e800ffffffffffffffffffffffffffffffffa8
:1070f800ffffffffffffffffffffffffffffffff98
:10710800ffffffffffffffffffffffffffffffff87
:10711800ffffffffffffffffffffffffffffffff77
:10712800ffffffffbafea8e9e6e8e6e8e6e8e6e8da
:1071380026e96ef3c8e9e6e8e6e8e6e8e6e8e6e820
:10714800e6e8e6e847e92df347e9e6e888e9dbfe03
:10715800ffffffffffffffffffffffffffffffff37
:10716800ffffffff55ad0421c739fbdeffffffff1f
:10717800ffffffffffff5ce7a631e318b294ffffb4
:10718800ffffffffffffffffffffffffffffffff07
:10719800fffffffffffffffffffffffffffffffff7
:1071a800ffffffffffffffffffffffffffffffffe7
:1071b800ffffffffffffffffffffffffffffffffd7
:1071c800ffffffffffffffffffffffffffffffffc7
:1071d800ffffffffffffffffffffffffffffffffb7
:1071e800ffffffffffffffffffffffffffffffffa7
:1071f800ffffffffffffffffffffffffffffffff97
:10720800ffffffffffffffffffffffffffffffff86
:10721800ffffdeffedeae6e8e6e8e6e8e6e8e6e8ae
:10722800d3f4ffffbafea8e9e6e8e6e8e6e8e6e810
:10723800e6e806e955f5ffff17f647e9e6e8edea5f
:10724800beffffffffffffffffffffffffffffff87
:10725800ffffffffe739000000008e73ffffffff0d
:10726800ffffffffdfffeb5a000000002842bef7d8
:10727800ffffffffffffffffffffffffffffffff16
:10728800ffffffffffffffffffffffffffffffff06
:10729800fffffffffffffffffffffffffffffffff6
:1072a800ffffffffffffffffffffffffffffffffe6
:1072b800ffffffffffffffffffffffffffffffffd6
:1072c800ffffffffffffffffffffffffffffffffc6
:1072d800ffffffffffffffffffffffffffffffffb6
:1072e800ffffffffffffffffffffffffffffffffa6
:1072f800ffffffffffffffffffffffffffffffff96
:10730800ffffd3f4e6e8e6e8e6e8e6e8e6e86df34a
:10731800deffffffffff13f5e6e8e6e8e6e8e6e84c
:10732800e6e830f4dfffffffdeffcff3e6e8e6e84c
:10733800b3f4ffffffffffffffffffffffffffffac
:10734800ffffdef704210000000082103ce7ffff8a
:10735800fffffffffbdee4200000000065295def72
:10736800ffffffffffffffffffffffffffffffff25
:10737800ffffffffffffffffffffffffffffffff15
:10738800ffffffffffffffffffffffffffffffff05
:10739800fffffffffffffffffffffffffffffffff5
:1073a800ffffffffffffffffffffffffffffffffe5
:1073b800ffffffffffffffffffffffffffffffffd5
:1073c800ffffffffffffffffffffffffffffffffc5
:1073d800ffffffffffffffffffffffffffffffffb5
:1073e800ffffffffffffffffffffffffffffffffa5
:1073f8005cffc9e9e6e8e6e8e6e8e6e809ea3cff12
:10740800ffffffffffffdfff0cf3e6e8e6e8e6e833
:107418006aea5dffffffffffffff9dff2aeae6e83c
:10742800e9e91cffffffffffffffffffffffffff73
:10743800ffff7defa210000000000000718cffff2d
:10744800ffffffff34a5210800000000e3181ce738
:10745800ffffd39c4d6bae73bef7dfff75ad2c639a
:10746800aa52aa52aa52aa52ab5acf7b3ce73ce78f
:107478006d6b4d6b4d6b4d6b4d6b4d6b6d6b718cbf
:10748800fbdeffffbef796b54d6baa52aa52aa5271
:10749800aa52cb5a92947defffffffffb6b56d6bf2
:1074a800aa52aa52aa52aa52cb5aae731bdf3ce781
:1074b8004d6b4d6b1bdfffffffffffff79ce4d6b61
:1074c80030849ef755ad4d6b3084bef792944d6b6a
:1074d8004d6b4d6b4d6b4d6b4d6bef7bf7bddfff10
:1074e800d7f506e9e6e8e6e8e6e8e6e896f5ffff18
:1074f800ffffffffffffffff79fe67e9e6e806e908
:1075080058feffffffffffffffffffffd6f526e94d
:10751800e6e86febffffffffffffffffffffffff47
:10752800ffff3ce7410800000000000008429ef70a
:10753800ffffffff294a0000000000008210bad6b2
:10754800ffff8a520000c3189def14a541080000f0
:10755800000000000000000000000000718cbad696
:1075680021080000000000000000000000000000ea
:10757800cb5adef7b6b5621000000000000000002c
:107588000000000020002c63ffffd7bd6108000049
:1075980000000000000000000000000010849ad6df
:1075a8000000000059ceffffffffffff55ad0000b0
:1075b80086317def8e73000086317def2842000012
:1075c800000000000000000000000000a210bad671
:1075d80010f4e6e8e6e8e6e8e6e8e6e875f5ffff31
:1075e800ffffffffffffffffffff30f4e6e826e99c
:1075f80058feffffffffffffffffffffbeff2df35a
:10760800e6e8e6e896f5ffffffffffffffffffff55
:10761800ffff79ce00000000e3180000821099ce29
:10762800ffff9ad64108000082102000410859ce79
:10763800ffff8a520000c3185defe8410000000018
:107648006210a318a318a318a318a31810849ad615
:1076580021080000a210a318a318a31841080000cd
:1076680045295ce7ae7300000000a2100421042144
:10767800c3182000000061089def494a000000007f
:107688004108a318a318a318a318a31810849ad6fe
:107698000000000059ceffffffffffff55ad0000bf
:1076a80086317def8e73000086317def2842000021
:1076b8004108a318a318a318821000000000518cd9
:1076c8006aeae6e8e6e8e6e8e6e8e6e809ea5dff09
:1076d800ffffffffffffffffffffbeff6aeae6e8cd
:1076e800ccea9effffffffffffffffffffff5cffee
:1076f800a8e9e6e82aea7dffffffffffffffffff9b
:10770800ffff34a500000000cf7b41080000cf7bbd
:10771800dfffeb5a000000004d6b82102108d7bd37
:10772800ffff8a520000c3181ce765290000863154
:10773800bad6fbdefbdefbdefbdefbde7def9ad698
:107748002108000079cefbdefbdefbded2942108a7
:10775800e3181bdfcb5a0000863199ce1ce71ce7e3
:107768001bdf0c6300000000bad66631000004215c
:107778009ad6fbdefbdefbdefbdefbde7def9ad678
:107788000000000059ceffffffffffff55ad0000ce
:1077980086317def8e73000086317def2842000030
:1077a8006d6bfbdefbdefbdebad604210000ec626b
:1077b80046e9e6e8e6e847e954f5c8e9e6e830f4da
:1077c800fffffffffffffffffffffffff7f527e9c1
:1077d80006e954f5ffffffffffffffffffffffff75
:1077e80054f506e9e6e852f4ffffffffffffffff4d
:1077f800ffffcf7b00002000f7bd24210000a2106e
:1078080059ce04210000c31838c6c318000034a597
:10781800ffff8a520000c3181ce765290000518c3d
:10782800ffffffffffffffffffffffffffffbad6ce
:10783800210800007defffffffffffffd7bd4108d4
:10784800e4201ce708420000eb5affffffffffffa0
:10785800ffff18c600000000bad6652900002c6397
:10786800ffffffffffffffffffffffffffffbad68e
:10787800000000000421452945294529e318000096
:1078880086317def8e73000086317def284200003f
:10789800ef7bffffffffffffffffc73900008a52a2
:1078a800e6e8e6e806e955f5ffff54f5e6e806e9f7
:1078b800f7f5ffffffffffffffffffffdeff6ef3a0
:1078c800e6e867e9fafeffffffffffffffffffffa4
:1078d8009dff6beae6e806e918feffffffffffffe2
:1078e800ffffcb5a000062103ce74d6b0000000020
:1078f800e73921080000ef7b1ce7e4200000ef7b5c
:10790800ffff8a520000c3181ce765290000b294e3
:10791800ffffffffffffffffffffffffffffbad6dd
:10792800210800008e73cf7bcf7bcf7b494a0000b4
:1079380086317def08420000eb5affffffffffff93
:10794800ffff58c600000000bad6652900006d6b1d
:10795800ffffffffffffffffffffffffffffbad69d
:10796800000000000000000000000000000000000f
:1079780086317def8e73000086317def284200004e
:10798800494ab294b294b294518ca21000002c636c
:10799800e6e8e6e82df3beffffffffff4df3e6e85c
:1079a8008bea7dffffffffffffffffffffff7cff6d
:1079b800e9e9e6e84df3beffffffffffffffffff2a
:1079c800ffffb9fe67e9e6e8acea9effffffffffad
:1079d800def7294a0000a3187defdad64108000037
:1079e80000000000821099ce7def24210000aa52e9
:1079f800ffff8a520000c3181ce765290000929413
:107a0800ffffffffffffffffffffffffffffbad6ec
:107a18002108000000000000000000000000000035
:107a28001084ffff08420000eb5affffffffffff33
:107a3800ffff58c600000000bad6652900006d6b2c
:107a4800ffffffffffffffffffffffffffffbad6ac
:107a580000000000c318042104210421a318000019
:107a680086317def8e73000086317def284200005d
:107a78000000000000000000000000000000b294b8
:107a880046e967e93bffffffffffffff9afe67e953
:107a980006e9d3f4ffffffffffffffffffffffff34
:107aa80076f506e926e9f7f5ffffffffffffffff81
:107ab800ffffffffb2f4e6e847e9fbfeffffffff29
:107ac800bef7a6310000e420dfffffff694a00008f
:107ad8000000000008429ef79ef7863100006529e5
:107ae800ffff8a520000c3181ce7652900002c63b9
:107af800ffffffffffffffffffffffffffffbad6fc
:107b08002108000000000000000000000000000044
:107b1800eb5adef78a520000694adef7ffffffffe3
:107b2800ffff55ad00000000bad665290000494a9c
:107b3800ffffffffffffffffffffffffffffbad6bb
:107b480000000000b6b51ce71ce71ce7d39c00004a
:107b580086317def8e73000086317def284200006c
:107b6800000000000000000000000000e420fbde30
:107b7800abeaf7f5ffffffffffffffffffff51f441
:107b8800e6e826e999feffffffffffffffffffff83
:107b98009dffcceae6e8c8e93cffffffffffffffd7
:107ba800ffffffff3cff2aeac9e93cffffffffff99
:107bb8007def24210000a631ffffffff14a5210857
:107bc80000000000518cffffbef7e7390000e31802
:107bd800bef78a520000c3183ce7a631000021080e
:107be800694aaa52aa52aa52aa52aa52d39c9ad60f
:107bf80021080000f39c55ad55ad55adeb5a00007a
:107c080045295ce72c6300004108494aaa52aa5258
:107c18008a52a210000020003ce7a73900000000ab
:107c2800aa524d6b4d6b4d6b4d6b4d6bd39c9ad6d9
:107c38000000000059ceffffffffffff55ad000019
:107c480086317def8e73000086317def284200007b
:107c5800494ab294b294b294b294b2949ad6ffffbd
:107c6800bafedeffffffffffffffffffffff58fe2b
:107c7800e6e8e6e8eceabeffffffffffffffffffd5
:107c8800ffff1bff67e9e6e8cff3dfffffffffff1a
:107c9800ffffffffffff38f62debbeffffffffffe3
:107ca800fbdec3180000cb5affffffff1bdf2421b8
:107cb8000000a3183ce7ffffdfff294a00008210fd
:107cc8005def8a520000c3189def4d6b0000000065
:107cd8000000000000000000000000006d6b9ad654
:107ce800210800007defffffffffffff75ad2000bb
:107cf80045293ce7f39c200000000000000000003c
:107d0800000000000000a631dfff518c00000000d9
:107d18000000000000000000000000000c639ad67c
:107d28000000000059ceffffffffffff55ad000028
:107d380086317def8e73000086317def284200008a
:107d4800ef7bffffffffffffffffffffffffffffcf
:107d5800ffffffffffffffffffffffff9dffccead5
:107d6800e6e8e6e806e995f5fffffffffffffffffe
:107d7800ffffbeffabeae6e867e959feffffffff3a
:107d8800ffffffffffffffff1bffffffffffffffdf
:107d9800bad6e7394529718cffffffffffffdbde0d
:107da800d39cdbdeffffffffffff8e7345296529ac
:107db8003ce76d6b4529e7399ef79defaa520421f0
:107dc800a318a318a318a318c3186529f7bddbdee9
:107dd800663145299deffffffffffffff7bd6529ce
:107de800694a5def5ce7cb5a0421a318a318a318ce
:107df800a318e318e73959ceffff9ef7aa520421ca
:107e0800a318a318a318a318a318452975addbde7a
:107e1800652965299ad6ffffffffffffd6b56529bb
:107e2800aa527def518c4529aa527def2c63452932
:107e38009294ffffffffffffffffffffffffffff22
:107e4800fffffffffffffffffffffffff3f406e960
:107e5800e6e8e6e8e6e867e91bffffffffffffff4c
:107e6800ffff71f4e6e8e6e8e6e84aeabeffffff4e
:107e7800ffffffffffffffffffffffffffffffff0a
:107e8800dfff5def5ce79ef7fffffffffffffffff0
:107e9800ffffffffffffffffffff9def5ce75ce7d2
:107ea800dfff7def5ce75defffffffffbef73ce71d
:107eb800fbdefbdefbdefbdefbde5defffffdfff55
:107ec8005ce75ce7ffffffffffffffffdef75ce714
:107ed8007defffffffffbef73ce7fbdefbdefbdecf
:107ee800fbde1bdf7defffffffffffffbef71ce799
:107ef800fbdefbdefbdefbdefbde3ce7ffffdfff3e
:107f08005ce75ce7dfffffffffffffffbef75ce713
:107f18007defffff9ef75ce77defffff7def5ce7fe
:107f28009ef7ffffffffffffffffffffffffffffc2
:107f3800ffffffffffffffffffff79fe47e9e6e8ce
:107f4800e6e8e6e8e6e8e6e86ef3beffffffffffd7
:107f580079fe67e9e6e8e6e8e6e8e6e892f4dfffb6
:107f6800ffffffffffffffffffffffffffffffff19
:107f7800ffffffffffffffffffffffffffffffff09
:107f8800fffffffffffffffffffffffffffffffff9
:107f9800ffffffffffffffffffffffffffffffffe9
:107fa800ffffffffffffffffffffffffffffffffd9
:107fb800ffffffffffffffffffffffffffffffffc9
:107fc800ffffffffffffffffffffffffffffffffb9
:107fd800ffffffffffffffffffffffffffffffffa9
:107fe800ffffffffffffffffffffffffffffffff99
:107ff800ffffffffffffffffffffffffffffffff89
:10800800ffffffffffffffffffffffffffffffff78
:10801800ffffffffffffffffffffffffffffffff68
:10802800ffffffffffffffff3cff09eae6e8e6e886
:10803800e6e8e6e8e6e8e6e827e938f6ffffdfffe6
:10804800abeae6e8e6e8e6e8e6e8e6e888e9fbfe23
:10805800ffffffffffffffffffffffffffffffff28
:10806800ffffffffffffffffffffffffffffffff18
:10807800ffffffffffffffffffffffffffffffff08
:10808800fffffffffffffffffffffffffffffffff8
:10809800ffffffffffffffffffffffffffffffffe8
:1080a800ffffffffffffffffffffffffffffffffd8
:1080b800ffffffffffffffffffffffffffffffffc8
:1080c800ffffffffffffffffffffffffffffffffb8
:1080d800ffffffffffffffffffffffffffffffffa8
:1080e800ffffffffffffffffffffffffffffffff98
:1080f800ffffffffffffffffffffffffffffffff88
:10810800ffffffffffffffffffffffffffffffff77
:10811800ffffffffffffdffff0f3e6e8e6e8e6e832
:10812800e6e8e6e8e6e8e6e8e6e8e9e9d6f58ef323
:10813800e6e8e6e8e6e8e6e8e6e8e6e8e6e80deb9d
:10814800beffffffffffffffffffffffffffffff78
:10815800ffffffffffffffffffffffffffffffff27
:10816800ffffffffffffffffffffffffffffffff17
:10817800ffffffffffffffffffffffffffffffff07
:10818800fffffffffffffffffffffffffffffffff7
:10819800ffffffffffffffffffffffffffffffffe7
:1081a800ffffffffffffffffffffffffffffffffd7
:1081b800ffffffffffffffffffffffffffffffffc7
:1081c800ffffffffffffffffffffffffffffffffb7
:1081d800ffffffffffffffffffffffffffffffffa7
:1081e800ffffffffffffffffffffffffffffffff97
:1081f800ffffffffffffffffffffffffffffffff87
:10820800ffffffffffff5cff67e9e6e8e6e8e6e857
:10821800e6e8e6e8e6e8e6e8e6e8e6e806e9e6e8c5
:10822800e6e8e6e8e6e8e6e8e6e8e6e8e6e8e6e8d6
:10823800f3f4ffffffffffffffffffffffffffff5d
:10824800ffffffffffffffffffffffffffffffff36
:10825800ffffffffffffffffffffffffffffffff26
:10826800ffffffffffffffffffffffffffffffff16
:10827800ffffffffffffffffffffffffffffffff06
:10828800fffffffffffffffffffffffffffffffff6
:10829800ffffffffffffffffffffffffffffffffe6
:1082a800ffffffffffffffffffffffffffffffffd6
:1082b800ffffffffffffffffffffffffffffffffc6
:1082c800ffffffffffffffffffffffffffffffffb6
:1082d800ffffffffffffffffffffffffffffffffa6
:1082e800ffffffffffffffffffffffffffffffff96
:1082f800ffffffffffffffff59fe09eae6e8e6e898
:10830800e6e8e6e8e6e8e6e8e6e8e6e8e6e8e6e8f5
:10831800e6e8e6e8e6e8e6e8e6e8e6e8e6e82aea9f
:1083280058fefffffffffffffffffffffffffffffd
:10833800ffffffffffffffffffffffffffffffff45
:10834800ffffffffffffffffffffffffffffffff35
:10835800ffffffffffffffffffffffffffffffff25
:10836800ffffffffffffffffffffffffffffffff15
:10837800ffffffffffffffffffffffffffffffff05
:10838800fffffffffffffffffffffffffffffffff5
:10839800ffffffffffffffffffffffffffffffffe5
:1083a800ffffffffffffffffffffffffffffffffd5
:1083b800ffffffffffffffffffffffffffffffffc5
:1083c800ffffffffffffffffffffffffffffffffb5
:1083d800ffffffffffffffffffffffffffffffffa5
:1083e800ffffffffffffffffffff3cff6ef3e6e825
:1083f800e6e8e6e8e6e8e6e8e6e8e6e8e6e8e6e805
:10840800e6e8e6e8e6e8e6e8e6e8e6e88eeb3cffdc
:10841800ffffffffffffffffffffffffffffffff64
:10842800ffffffffffffffffffffffffffffffff54
:10843800ffffffffffffffffffffffffffffffff44
:10844800ffffffffffffffffffffffffffffffff34
:10845800ffffffffffffffffffffffffffffffff24
:10846800ffffffffffffffffffffffffffffffff14
:10847800ffffffffffffffffffffffffffffffff04
:10848800fffffffffffffffffffffffffffffffff4
:10849800ffffffffffffffffffffffffffffffffe4
:1084a800ffffffffffffffffffffffffffffffffd4
:1084b800ffffffffffffffffffffffffffffffffc4
:1084c800ffffffffffffffffffffffffffffffffb4
:1084d800ffffffffffffffffffffffffdfffd7f5f6
:1084e800edea88e9e6e8e6e8e6e8e6e8e6e8e6e868
:1084f800e6e8e6e8e6e888e90debf7f5ffffffffb9
:10850800ffffffffffffffffffffffffffffffff73
:10851800ffffffffffffffffffffffffffffffff63
:10852800ffffffffffffffffffffffffffffffff53
:10853800ffffffffffffffffffffffffffffffff43
:10854800ffffffffffffffffffffffffffffffff33
:10855800ffffffffffffffffffffffffffffffff23
:10856800ffffffffffffffffffffffffffffffff13
:10857800ffffffffffffffffffffffffffffffff03
:10858800fffffffffffffffffffffffffffffffff3
:10859800ffffffffffffffffffffffffffffffffe3
:1085a800ffffffffffffffffffffffffffffffffd3
:1085b800ffffffffffffffffffffffffffffffffc3
:1085c800ffffffffffffffffffffffffffffffffb3
:1085d800beff1cffb6f58ff34aea67e9e6e887e9cc
:1085e8002aea8ff3b6f51cffbeffffffffffffff70
:1085f800ffffffffffffffffffffffffffffffff83
:10860800ffffffffffffffffffffffffffffffff72
:10861800ffffffffffffffffffffffffffffffff62
:10862800ffffffffffffffffffffffffffffffff52
:10863800ffffffffffffffffffffffffffffffff42
:10864800ffffffffffffffffffffffffffffffff32
:10865800ffffffffffffffffffffffffffffffff22
:10866800ffffffffffffffffffffffffffffffff12
:10867800ffffffffffffffffffffffffffffffff02
:10868800fffffffffffffffffffffffffffffffff2
:10869800ffffffffffffffffffffffffffffffffe2
:1086a800ffffffffffffffffffffffffffffffffd2
:020000040000fa
:1086b8002de9f04febb00a900d4608911446099247
:1086c8009b46ddf8d0a1ddf8d48100230360cdf806
:1086d800008053465a462146284608f09ffecbf8ac
:1086e800e000a0b907462368002b51d02a6803fb95
:1086f80002f1b1fbf3f39a4203d05c23cbf8e030ec
:1087080005e0b1f1805f43d35c23cbf8e030dbf8c0
:10871800e000002839d1dbf81430002b00f049863e
:108728000bf120040bf14c05294620460ff009fbfc
:1087380048bb9bf8203003f0fb03022b04d0dbf886
:108748002430082b40f047860a9f3e682246099b42
:108758001968089b186816f02ff816f075fc386031
:10876800002800f03386099b1b680193089b1b684f
:1087780000932b462246314601f02efecbf8e0004e
:10878800304613f047f8dbf8e0006bb0bde8f08f37
:10879800002318931a9319930af12104b8f12c0fa6
:1087a80005d9b946012305932126069745e01e23de
:1087b800cbf8e03000f09abe3f23cbf8e03000f071
:1087c80095be4023cbf8e03000f090be199e711999
:1087d80018a817f0a8f9002878d0002d73d0e31d49
:1087e80007352544073e361bf218189913f8010f70
:1087f8008854ab42f8d103230593dbf8103059eacb
:10880800030309d10025204616f0fef8002840f0a1
:108818008f83002d40f06a86204617f0a4fc04469a
:10882800dbf8e030002b40f06186a4eb0a0606f185
:108838000c039845bbd3a245b9d8204617f07ef95a
:10884800051eb9db05f10c031e44b045b9d323441a
:108858009a45b6d804f10806b049204613f050fcf2
:108868000028b3d1ae49204613f04afc002840f056
:108878003786ac49204613f043fc60bbaa49204622
:1088880013f03efc00286bd1a849204613f038fcb1
:10889800002840f0ad80a649204613f031fc00289e
:1088a80000f04a81dbf81830002ba6d00bf140030a
:1088b8000793002d00f0a885237a002b00f0a885e7
:1088c8003346069fd9e00323059396e75323cbf855
:1088d800e03000f00bbedbf8540008b112f09aff4c
:1088e8009448a0fb05304008cbf85800800016f0eb
:1088f800abfbcbf8540048b3dbf85830b3f5807fb6
:1089080000f26c85e3b1224606980346ff25167ae5
:10891800dbf85410ce54567adbf8541019444e70d4
:10892800967adbf8541019448e70dbf85410194409
:10893800cd70013004330332dbf858108842e6d199
:108948000023cbf8e0300223059356e7dbf85830d4
:10895800002bf5d00023cbf85830532300f03fbd4f
:108968009bf84c30032b11d033bb022d40f03c85d3
:108978000123cbf85c30227a637a03eb0223cbf82d
:108988006830cbf86430cbf8603011e0dbf8583051
:108998009d4200f227855db1e21d0735254403237a
:1089a80012f8010fdbf85410c8540433aa42f7d167
:1089b8000023cbf8e03020e7022b40f01985062d84
:1089c80040f018850123cbf85c30227a637a03ebf8
:1089d8000223cbf86030a27ae37a03eb0223cbf8c8
:1089e8006430227b637b03eb0223cbf86830dfe73c
:1089f8009bf84c30032b16d013f0fb0321d1022d2a
:108a080040f0fc840123cbf86c30227a637a03ebc4
:108a18000223cbf87830cbf87430cbf870300023d1
:108a2800cbf8e030e9e6012d40f0e6840123cbf8ed
:108a38006c30237acbf87830cbf87430cbf87030c0
:108a4800ede7022bebd1062d40f0dc840123cbf8b7
:108a58006c30227a637a03eb0223cbf87030a27a67
:108a6800e37a03eb0223cbf87430227b637b03ebbe
:108a78000223cbf87830d2e737467e1cb54203d0c4
:108a880013f8012f002af7d14e2f00f2c584bb1c22
:108a98000c93184616f0d8fa0b90002800f0c884fa
:108aa80000238355e31d421e04f10800384400bf2b
:108ab80013f8011f02f8011f8342f9d10c9b9d4254
:108ac800c0f04485ed1a681c16f0befa0646002868
:108ad80000f042850023435565b107f1090323449b
:108ae800421e013d284400bf13f8011f02f8011f70
:108af8008242f9d132460b9f394607980ff040fe63
:108b08000546384612f086fe304612f083fecbf852
:108b1800e050002d3ff471ae00f0e8bc7cb70100d6
:108b280084b701008cb7010094b701009cb701001d
:108b3800a4b70100abaaaaaaa949204613f0e0faf3
:108b480000287cd0dbf81830002b3ff456ae0bf130
:108b5800400307930023629364936393002d00f00e
:108b68006984237a23b33346e91d21446ff0060054
:108b7800001bc7188b4203d013f8012f002af8d125
:108b8800bb1c0c939d4240f25a847b1e4e2b11d97c
:108b980000230b9359250b9812f03cfe0023649395
:108ba8006393629812f036fecbf8e05000f09ebc5a
:108bb800069fe5e77b1c0d93184616f045fa0b90c7
:108bc800002800f041840023c355e31d421e1f44c2
:108bd80013f8011f02f8011fbb42f9d10d9bf35c8a
:108be800002b40f034840c9b1a469d4201d24b2541
:108bf800d1e7cdf800b0eb1ab21863a962a816f055
:108c080045fd05460028c6d1002162a816f064f883
:108c1800629a0b9e314607980ff0b2fd0546304622
:108c280012f0f8fd002364936393629812f0f2fd4a
:108c3800cbf8e050002d3ff4e0ad00f057bc694997
:108c4800204613f05dfa002800f00381dbf81830a5
:108c5800002b3ff4d2ad0bf140030d930023629338
:108c680064936393042d40f2f583237a002b00f07c
:108c780008843346012700bf13f8012f12b10137ca
:108c8800bd42f9d1fb1c07939d4240f200847b1e34
:108c98004e2b00f20b847b1c0b93184616f0d4f96c
:108ca8000c90002800f008840023c355e31d421ee1
:108cb800d81900bf13f8011f02f8011f8342f9d128
:108cc800f3199b78002b40f0fc83079ab35c002bc8
:108cd80000f0508407f10b0323440699944600e002
:108ce80011464a1c0ceb0200854203d913f8010f08
:108cf8000028f5d107920f910b9bf35c0e93881c0b
:108d080016f0a2f90b90002861d000230b9a07985f
:108d1800135468b107f10a0121441046013a0f9b28
:108d2800034400bf11f8010f02f8010f9a42f9d16c
:108d38000437079b3b440f931a469d4240f20e842a
:108d4800f35c002b00f00a84134608322244ef1a21
:108d5800069b0133bb4204d012f8011f0029f8d149
:108d68001f46781c16f070f90790002834d00023ad
:108d78000799cb5567b10f9bda1d22444b1e781e0d
:108d8800084400bf12f8011f03f8011f8342f9d1fc
:108d98000f9b01331f44bd422cbfed1b069d0e9b4c
:108da80013b3cdf800b02b46f21963a962a816f0e8
:108db8006dfc0546002840f05283639b649a9a42f2
:108dc80038bf6493002162a815f086ff21e00023d4
:108dd80007930b93532542e30023079353253ee360
:108de800acb70100b4b70100691c62a816f09bfe7d
:108df800002800f06b83629b00225a554db107375b
:108e0800e319069a13f8010f6299885401329542c2
:108e1800f8d1629b0093079b0b9f3a460c9e314604
:108e28000d980bf05bff0546304612f0f3fc384610
:108e380012f0f0fc079812f0edfc002364936393a2
:108e4800629812f0e7fccbf8e050002d3ff4d5ac67
:108e58004ce3bc49204613f053f978b9ba49204687
:108e680013f04ef948bb237913f0200f4ad0dbf8f2
:108e78001c30002b4ad14ff00109cde4072d40f0fa
:108e880027830123cbf89c30227a637a03eb0223f1
:108e9800cbf8a030a37acbf8a430e37acbf8a8308b
:108ea800237bcbf8ac30637bcbf8b030a37bcbf81b
:108eb800b4300023cbf8e0309fe4092d40f00c8358
:108ec8000123cbf8b830237a627a02eb0322a37a23
:108ed80003eb0222e37a03eb0223cbf8bc30237bbb
:108ee800627b02eb0322a37b03eb0222e37b03eb0f
:108ef8000223cbf8c030237ccbf8c4300023cbf856
:108f0800e0307ae44523cbf8e030efe2059b03f14b
:108f18003100800000f10c0122465944584410f0f9
:108f2800adfecbf8e0000028a5d0dfe201256ae419
:108f38003923cbf8e030d9e20bf14c08089b1f68c5
:108f4800099b1d68ee1df608f81d42463146c0080b
:108f580015f01ffc3418042f3dd907f1030a4246c7
:108f680031464feada0015f014fc059005f10309c3
:108f78004fead9010e44344442464fea9a0015f0ac
:108f880008fc059b23441c46044407f1010a4feae8
:108f98009909424649464fea9a0015f0fafb6e1cb9
:108fa800b10804440c4442464fea5a0015f0f1fb5c
:108fb80020448144760842463146780815f0e9fb9a
:108fc8008144b1446d0842462946384615f0e1fb14
:108fd80081444d449de205f103094fead906f81c86
:108fe80042463146800815f0d4fb34440444022f2d
:108ff800cbd86e1c4fea9609781c42464946400871
:1090080015f0c7fba1448144022fdbd1d2e72946e2
:109018001ba814f00dfe18b95323cbf8e0307de2fd
:10902800dbf8e030002b40f07982cdf800b0199bd6
:10903800189a1ca91ba816f029fbcbf8e0000028f9
:1090480040f06c821c9b9d421cbf5b23cbf8e03038
:1090580064e20bf14c02099b1968089b186815f02b
:10906800abfb044615f0f0ff0a9b1860002838d0c7
:10907800dbf8e030002b40f05d8234b100210a9823
:109088000268d15401339c42fad10bf14c0016f01e
:109098003aff8146002800f086810a9b1f680697e0
:1090a8001b990b91089b1a680d92099b1e680f96d5
:1090b800dbf8483053bb072806d800fb02f5ec1d47
:1090c80024f00704a54210d1cdf800900f9b0d9a0b
:1090d8000b99069805f064fd0790079bcbf8e030e4
:1090e80028e25323cbf8e03024e200903346884648
:1090f800084605f055fd07900028eed10096234656
:109108002a46414638460ff085fce6e703900f9b58
:1091180002930d9b01934aaf009742ab3aaa25a947
:109128001ea80bf0c3fb41ac39ad1dae0df1900884
:10913800ba4648af2b464d46cdf840b0ddf82cb0c6
:1091480099461be0bcb70100c4b701000c9b1a6824
:1091580002fb05f2d31d05990968daf800000590ad
:109168000e980068009023f0070359440598584466
:109178000ff050fc0af1040abc4219d004340594db
:1091880004360c9608f10408cdf8388059f8041f05
:1091980020680095d8f8003032685944584405f0e2
:1091a800fffc0790002840f00181072de2d8cde7a9
:1091b800a946ddf840b003950f9b02930d9b0193e0
:1091c80062ab00935aab52aa33a92ca80bf06efbe2
:1091d800072d68d9e80832ab10932cab0c9362af1b
:1091e800ae4b0e93ae4b0f93dff8bcc2ad4eb646f6
:1091f8006646ddf82cc0cdf844b048e008f1010817
:10920800059b1b68224443450fd901fb03833d6836
:1092180000fb03530ceb03055344914615f801bbbf
:1092280009f801bf9d42f9d1e8e701310b9b1b68a2
:1092380099421bd20c9b05931b68002bf5d0346810
:1092480004fb00f40f9a12680e9d2d6802fb01586a
:10925800def800200d9d05fb0822069d00fb02524a
:10926800013addf81c800ceb000acee70c9b0433b6
:109278000c9304370e9b04330e930f9b04330f9308
:1092880004360ef1040e39aa109b9a4208d0109b9e
:10929800043310930b931b68002be7d00799c9e799
:1092a800ddf844b019e70d9b05fb03f310932cabd5
:1092b800139332ab149362ab784a0c92784a0d92ae
:1092c800784a0e92784a0f929a46cdf854b057e0f1
:1092d8000134059b9c4210d00b9917a816f07cfa14
:1092e80003460028f4d0e208e14301f007018b406f
:1092f8000698815c0b438354eae701354e44dbf85a
:1093080000309d421ad2daf8003008ebc303334428
:1093180017930d9b1c680c9b1b6804fb07340f9b61
:109328001b680e9a126803fb052309fb03f3109ac6
:1093380002fb043409eb04030593cde70137119bc5
:109348009844129b1b689f4206d2dbf80030002b22
:10935800f4d0079d2e46d6e7139b043313930af1e6
:10936800040a0c9a04320c920d9a04320d920e9a49
:1093780004320e920f9a04320f9233aa93420fd0fe
:10938800139b9b461b6803fb09f31193149b04333f
:10939800149312931b68002bded0079fb846d4e7be
:1093a800ddf854b099e61f23079396e6ddf840b040
:1093b80093e60bf14c010bf1200011f067fccbf8a0
:1093c800e00000283ff4dfa9fff7dfb95323cbf80b
:1093d800e030fff7d5b93820fff7d7b92623cbf807
:1093e800e03083e0262300e01e23cbf8e0307de068
:1093f8002a23fae72923f8e72b2300e02c23cbf8cc
:10940800e03073e02d23fae700230b93592406e09c
:1094180000230b93592402e000230b9359240b9843
:1094280012f0f8f9002012f0f5f9cbf8e0405de011
:109438005324f4e700230b934b25fff7acbb002321
:109448000b934b25fff7a7bb5325fff7a4bb482574
:10945800fff7a1bb002307930b930c931e250c98d1
:1094680012f0d8f90b9812f0d5f9079812f0d2f942
:10947800002364936393629812f0ccf9cbf8e05020
:1094880034e0002307930b930c935925e7e7002357
:1094980007930b930c934b25e1e700bf88f4010079
:1094a80050f401006cf4010034f401000023079328
:1094b8000b930c935925d2e70c9b07930b935325d9
:1094c800cde7002307930b934825c8e75325c6e744
:1094d8004923cbf8e03009e04a23cbf8e03005e037
:1094e800dbf8103059ea03033ff420ad00231b9347
:1094f8001d931c93dbf84830002b7ff41dad099bae
:109508001d680bf14c022946089b186815f041f9b3
:109518000544dbf8e030002b3ff479ad00241a94c1
:109528001994189812f076f91894dbf8e030002bab
:109538003ff48fad00231d931c931b9812f06af91a
:10954800fff7e5b800233370fff7d4ba012015f010
:109558007bfd06460028f5d1532460e7012015f06d
:1095680073fd079000283ff437ac0023079a137067
:10957800069f0de40b9bf35c0e93012015f064fd30
:109588000b9000283ff423ac00230b9a1370069b22
:089598000793fff7cdbb00bff4
:020000040000fa
:1095a000e05c02201c00000000000000d85d0220ea
:1095b0001400000000000000845802205400000045
:1095c00000000000ec5d022014000000000000001c
:1095d0007c5a02200400000000000000e84902203c
:1095e000c0030000000000001c5b0220040000001b
:1095f000000000004c5b022004000000000000009e
:10960000945c02202000000000000000b4660220ec
:10961000180000000100000099f7010035fc01006e
:1096200045cb010045cb010045cb010045cb0100f6
:10963000f46602202000000001000000c562010065
:10964000c3040200b5fe0100c70402003904020091
:109650003f0402001b0102004504020024660220b0
:109660002c000000010000006f03020075cf010014
:1096700039cf0100c5be0100ddd3010081bb01006f
:1096800035bb0100000000000000000000000000e9
:109690000000000054620220e4010000010000000c
:1096a000b30e01002901020069fa010071f3010003
:1096b00029030200adff010037010200b30e0100d3
:1096c000b30e0100b30e010033030200a3db01005f
:1096d000b30e010031ee010051ee0100d1f10100a5
:1096e000eff101000df20100b30e0100b30e010015
:1096f000b30e0100b30e010071db01007ffa01001f
:10970000b30e010095fa0100abfa010047f6010023
:1097100061f60100b30e0100b30e0100b30e0100ab
:10972000b30e01009f170100c1fa010049fc0100be
:10973000b30e01002bf2010017e1010065d8010012
:10974000b30e0100b30e0100b30e0100b30e010011
:10975000ff1a0100b1f70100d7fa01008df30100f3
:10976000b30e0100770302004b040200b30e0100a8
:10977000b30e0100b30e0100b30e0100df2501009e
:10978000edfa010003fb0100f1e80100cb04020047
:10979000b30e010051040200b30e0100b30e01002c
:1097a000b30e0100b30e0100ff1a0100b1f7010072
:1097b000d7fa010015e90100570402005d04020018
:1097c000b30e0100b30e0100b30e0100b30e010091
:1097d000b30e0100b30e0100b30e0100b30e010081
:1097e000b30e0100b30e0100b30e0100b30e010071
:1097f000b30e0100b30e0100b30e0100b30e010061
:10980000b30e0100b30e0100b30e0100b30e010050
:10981000b30e0100b30e0100b30e0100b30e010040
:10982000b30e0100b30e0100b30e0100b30e010030
:10983000b30e0100b30e0100b30e0100b30e010020
:10984000b30e0100b30e0100b30e0100b30e010010
:10985000b30e0100b30e0100b30e0100b30e010000
:10986000b30e0100b30e0100b30e0100b30e0100f0
:10987000b30e0100b30e0100b30e0100b30e0100e0
:10988000b30e0100285c022024000000000000004c
:109890003c5e022010000000000000007c5b022003
:1098a0000400000000000000a84d0220ec020000af
:1098b000000000007466022020000000010000008b
:1098c0000000000088020000f069000000000000b5
:1098d000000000002000180001000000a4ab000000
:1098e000e86502203c0000000100000000000000cc
:1098f000786c0000401a0000000000000200000028
:10990000780000001c000000200d0000401a00003c
:10991000786c000000000000000000000000000063
:1099200000000000000000004c5e02200400000067
:1099300000000000ec5e02200400000000000000b7
:10994000dc5e02200400000000000000dc5f02205a
:109950000800000000000000db5e022001000000a3
:1099600000000000e45f022004000000000000008e
:10997000d95f02200100000000000000fc5c022012
:109980007000000000000000a0670220040000003a
:1099900001000000746602206c5d02201c000000c3
:1099a00000000000bc5a022034000000000000004b
:1099b0002f6002200100000000000000546002201f
:1099c000000200000100000000000080000400848c
:1099d000100010801004f7bd108400f8e007e0ffcd
:1099e0001f001ff8ff07ffff0c00100015001a00f2
:1099f0001f00e002ec02f002f502fa02ff0220046e
:109a00002c04300435043a043f0460056c057005ed
:109a100075057a057f05a006ac06b006b506ba0640
:109a2000bf06e007ec07f007f507fa07ff0700603d
:109a30000c60106015601a601f60e062ec62f062fa
:109a4000f562fa62ff6220642c64306435643a6423
:109a50003f6460656c65706575657a657f65a06655
:109a6000ac66b066b566ba66bf66e067ec67f0677d
:109a7000f567fa67ff6700800c80108015801a80f8
:109a80001f80e082ec82f082f582fa82ff822084dd
:109a90002c84308435843a843f8460856c8570855d
:109aa00075857a857f85a086ac86b086b586ba86b0
:109ab000bf86e087ec87f087f587fa87ff8700a8e5
:109ac0000ca810a815a81aa81fa8e0aaecaaf0aa2a
:109ad000f5aafaaaffaa20ac2cac30ac35ac3aac53
:109ae0003fac60ad6cad70ad75ad7aad7fada0ae85
:109af000acaeb0aeb5aebaaebfaee0afecaff0afad
:109b0000f5affaafffaf00d00cd010d015d01ad0ff
:109b10001fd0e0d2ecd2f0d2f5d2fad2ffd220d4cc
:109b20002cd430d435d43ad43fd460d56cd570d54c
:109b300075d57ad57fd5a0d6acd6b0d6b5d6bad69f
:109b4000bfd6e0d7ecd7f0d7f5d7fad7ffd700f8d4
:109b50000cf810f815f81af81ff8e0faecfaf0fa19
:109b6000f5fafafafffa20fc2cfc30fc35fc3afc42
:109b70003ffc60fd6cfd70fd75fd7afd7ffda0fe74
:109b8000acfeb0feb5febafebffee0ffecfff0ff9c
:109b9000f5fffaffffff41088210e31825298631ff
:109ba000c7392842694acb5a0c630c630c63ae7305
:109bb0001084518cb294f39c54a596b5d7bd38c689
:109bc00079cedbde1ce77defe85f022008000000b5
:109bd000000000004a6002200100000000000000b8
:109be000f05f022014000000000000004b60022023
:109bf0000200000000000000825802200200000065
:109c000000000000da5f02200200000000000000f7
:109c1000306002200800000000000000c031022077
:109c20002014000000000000f05a02202c00000068
:109c3000000000003860022010000000000000005a
:109c4000f05e02200c00000000000000205b0220fb
:109c50002c0000000000000080550220c800000019
:109c600000000000745502200c00000000000000fd
:109c7000b45c02200c00000000000000fc5e02202a
:109c80000c00000000000000405a02203c000000d0
:109c900000000000505b02202c00000000000000cb
:109ca000085f02200c00000000000000005e02209f
:109cb0001400000000000000145f022018000000e3
:109cc00000000000885d02201c0000000000000071
:109cd000145e02201400000000000000c05c02209e
:109ce0002000000000000000505e02201000000074
:109cf000000000009853022008000000000000004f
:109d00002c5f02200c00000000000000285e0220f2
:109d10001400000000000000385f0220180000005e
:109d200000000000e05e02200c00000000000000c7
:109d3000805b02202c00000000000000a0530220e5
:109d4000f400000000000000505f0220240000002a
:109d500000000000d85b0220280000000000000086
:109d6000c0050220001000000000000000f30120e8
:109d7000c012000000000000409e0120c03c000016
:109d800000000000c0250220000c000000000000c0
:109d900000db0120001800000000000094540220a5
:109da000e0000000000000004c5c022024000000e5
:109db00000000000c015022000100000000000009c
:109dc0009465022054000000010000001000000013
:109dd0002c010000000000002000000060000000d6
:109de00000000000400000006000000000000000d3
:109df000800000002000000000000000c4000000ff
:109e00003000000000000000000100001800000009
:109e10000000000000000000000000000000000042
:109e2000405e012000400000000000002859022090
:109e30004800000000000000805a02203c000000a2
:109e40000000000004600220080000000000000084
:109e5000ac67022001000000010000006400000067
:109e60004d6002200200000000000000605e022041
:109e70001000000000000000646702200c000000d9
:109e800001000000990202009139010045ad010076
:109e9000a45f022008000000000000000c60022007
:109ea0000400000000000000ac5f02200800000079
:109eb0000000000010600220080000000000000008
:109ec000cc660220280000000100000065000000b0
:109ed0000000000000000000000000000000000082
:109ee000660000000000000000000000000000000c
:109ef00000000000705e0220300000000000000042
:109f0000745f02200c000000000000004f6002207f
:109f10000100000000000000ac5b02202c000000eb
:109f200000000000805f02200c0000000000000024
:109f3000b45f02200800000000000000186002204a
:109f40000400000000000000945002200002000005
:109f500000000000d45f02200500000000000000a7
:109f6000945202200401000000000000005a022068
:109f7000400000000000000048560220a000000041
:109f800000000000866702200200000001000000bf
:109f9000010000002c60022003000000000000000f
:109fa00050600220020000000000000070590220f2
:109fb0009000000000000000e85602209000000021
:109fc00000000000bc5f022008000000000000004c
:109fd0008c5f02200c000000000000005260022094
:109fe0000100000000000000c05d02201800000019
:109ff000000000005360022001000000000000008b
:10a00000a867022003000000010000000003070011
:10a010009867022006000000010000000c0040309c
:10a0200000070000386402209000000001000000da
:10a03000000026c30000010003250006000026c31f
:10a040000080000003250006000026c30040000039
:10a0500003250006000026c300000020032500069b
:10a06000000026c3000000100325000600000002c7
:10a0700000c00130022500060000000100c00130d0
:10a08000022500060000200000c001300225000665
:10a090000000008000c001300225000600000040e2
:10a0a00000c00130022500060000040000c001309d
:10a0b000022500060000020000c001300225000653
:10a0c000706702200c000000010000009867022069
:10a0d00038640220b8590220506602202400000093
:10a0e0000100000014010114010114010114010117
:10a0f00014010114010114010114010114010114de
:10a1000001011401011401017c6702200a00000012
:10a11000010000000c0002fe0300141428010000de
:10a12000146702202000000001000000bc5f022034
:10a130007c670220e8560220506602200c000300d3
:10a140009c670220a8670220011906008867022088
:10a15000080000000100000034670220246702208c
:10a160003467022020000000010000000000000011
:10a1700070590220b85902202c6002200500070007
:10a180000000058003131900e856022090670220a2
:10a1900008000000010000008c5f022044670220dc
:10a1a000005c022028000000000000007857022018
:10a1b0009000000000000000c45f022008000000c2
:10a1c00000000000705c022024000000000000007d
:10a1d00010000020305e010000000000a05e0220a0
:10a1e0002000000000000000546702201000000062
:10a1f00001000000205363616e20416761696e2e8b
:10a200002e2e2120c05e02200e0000000000000063
:10a21000085802207a000000000000004860022078
:10a220000200000000000000ce5e02200d000000d1
:10a2300000000000ab6702200100000001000000e8
:10a2400001000000a45d02201c00000000000000ce
:10a250000000002010000000000000001c60022030
:10a260000400000000000000d85802205000000048
:10a2700000000000c86402206c0000000100000023
:10a28000d4640220d0640220d464022000000000c4
:10a2900025000000e8450220000400000000000046
:10a2a00000000000000000000000000000000000ae
:10a2b0000000000000000000000000005505020042
:10a2c000000000000000000000000000000000008e
:10a2d0007da601000000000000000000000000005a
:10a2e000000000000000000000000000e045022027
:10a2f0000804000000000000946602202000000016
:10a300000100000001000000030000000000000048
:10a31000000000000000000000000000000000003d
:10a32000cc5f0220cc5f022008000000000000008b
:10a3300020600220080000000000000034650220b8
:10a3400060000000010000000100000003000000a8
:10a3500000000000000000000000000000000000fd
:10a360000000000021aa0100000000000000000021
:10a3700000000000b70402008f030200000000008c
:10a3800000000000000000000000000000000000cd
:10a3900000000000000000000000000000000000bd
:10a3a0000000000000000000a4670220040000007c
:10a3b00001000000010000002860022004000000ed
:10a3c00000000000985f02200c0000000000000068
:10a3d000000000000000000066666666666666664d
:020000040000fa
:10a3e0002de9f04fa1b00990079190469946194682
:10a3f00010460df0aafc059020bb98f80030032b06
:10a4000036d02b9b2a9a03fb02f30493d9f804302d
:10a41000102b00f0a280d8f80430082b00f0a281a5
:10a42000049b002b00f09481099b9b46079f1e46ce
:10a43000039300230893069305931d461c46da46b2
:10a44000bb46c9e24a462b992a9814f0b9f901464d
:10a45000002800f08381079b013b099a013a1818f4
:10a4600013f8011f02f8011f8342f9d1002175e1a1
:10a47000d8f80c20d8f80800d8f8041001238b4035
:10a480001ab9d9f80c20d9f808009a4228bf1a4600
:10a4900006920eab1ea9002243f8042f9942fbd16d
:10a4a0004ff0ff331f93069b002baad083464ff03b
:10a4b000000acdf82080cdf828903ce04ff0ff3323
:10a4c00003643e680135082d2cd049fa05f303f0ea
:10a4d000010448fa05f303f0010303eb4403039a74
:10a4e00042fa05f404f0010404eb4303049a42fa2f
:10a4f00005f404f0010404eb430406eb840756f86a
:10a500002430002bddd1442014f0a2fd46f82400b5
:10a51000031f00f13c01002243f8042f9942fbd1b4
:10a52000cce700bfc6f840a00af1010a0bf1040b0a
:10a53000069b9a450cd09bf800909bf801809bf8f5
:10a54000023003939bf803300493059d0faebce7e4
:10a55000ddf82080ddf8289053e7d8f80430102b80
:10a560007ff459af049b002b00f0f280099b184642
:10a57000ddf81ca0d34657469c469e460022464620
:10a58000984691e0022b08d0042b47d0062b52d0de
:10a5900000210d4603910b466fe09af800309af8bf
:10a5a0000140059304eb03239bb29af80210069135
:10a5b0009af80350089505eb01218db203959af89e
:10a5c000045009959af805100a9101eb0525adb2e2
:10a5d000d9f81010002900f08580059904eb0124ba
:10a5e000d9f814108c4202d04ff6ff7145e008995b
:10a5f000069c01eb0424d9f818108c4202d04ff6c7
:10a60000ff713ae009990a9c04eb0124d9f81c1067
:10a61000611a18bf4ff0ff3189b22ee039787b788c
:10a6200003eb01239bb2bc78f97801eb042189b2da
:10a630001d46039321e09bf800109bf8013003ebcb
:10a6400001239bb29bf802409bf8031001eb04210d
:10a6500089b203919bf804409bf8051001eb04219b
:10a660008db29bf806409bf8071001eb042189b2dc
:10a6700003e01d4603934ff6ff713478acbb190a13
:10a6800008f8121008f1010101f812300132063009
:10a690000ef1040e0cf1080c0bf1080b0af1060a7e
:10a6a0000437049b934252d099f80030002b7ff47a
:10a6b00069af079b13f81250013313f8124004ebf3
:10a6c00005239bb2d9f810100029d2d004eb052441
:10a6d000d9f81410611a18bf4ff0ff3189b21d4626
:10a6e0000393cae74ff6ff71c7e7022c19d0042c79
:10a6f00022d0062ccad11c0a8cf800408cf80130fc
:10a70000039c230a8cf802308cf803402b0a8cf847
:10a7100004308cf805500b0a8cf806308cf80710c2
:10a72000b4e7190a0170437003990b0a8370c17072
:10a730002b0a03714571a9e71c0a8ef800408ef8b8
:10a7400001300b0a8ef802308ef803109ee7b046f7
:10a7500098f80030032b00f01a820021084621b03f
:10a76000bde8f08f98f80030062b0bd0022b7ff459
:10a7700057aecdf80090079b00220499099803f08a
:10a780007bfde5e7cdf80090079b0122049909982d
:10a7900003f072fddce7079b1d5dd9f81030002b3c
:10a7a00000f0f480d9f81400a84214bfff2300235e
:10a7b0000893069505951ce004fb05f30e932a46c5
:10a7c00007990ea813f02efec0eb0022012303fa16
:10a7d00005f5013db2fbf5f5edb2d9f81030e3b166
:10a7e000d9f81430834214bfff2300230893069541
:10a7f000059598f80030002b40f01f81d8f8042010
:10a80000082a00f0d980102a40f00981099a531cc7
:10a8100003f8145002f81450d0e0ff230893e6e741
:10a82000022b17d0032b6ad0042b00f08780062b55
:10a83000dfd1d9f80430082b00f098809bf8005045
:10a840009bf8023005939bf8043006939bf8063082
:10a850000893cee7d9f80430082b13d03d78bb78a5
:10a8600005933b790693d9f81030002b00f09b80bc
:10a870007b7803eb0523d9f814108b4228d0ff23f3
:10a880000893b6e704eb44030799cd5c4a1cd25cfd
:10a8900005928a1cd35c0693d9f81030002b7fd028
:10a8a000d9f814309d4202d0ff230893a1e7d9f8cc
:10a8b0001830059a9a4202d0ff23089399e7d9f8f5
:10a8c0001c30069a934214bfff230023089390e79d
:10a8d000fb78059903eb0123d9f818108b4202d0bd
:10a8e000ff23089385e77b79069a03eb0223d9f8c7
:10a8f0001c20934214bfff230023089379e7d9f863
:10a900000420082a12d1079b185dd9f80c30834225
:10a910004cd9d9f8083013f8205003eb8000437865
:10a92000059383780693c378089362e704fb02f3e8
:10a930000e9307990ea813f075fde6e7d9f80430d9
:10a94000082b09d0079b13f82450023313f8243046
:10a950000893069505954ce7079b13f814500133af
:10a9600013f8143008930695059542e7079a12f8f4
:10a970002450531c13f824300593931c13f82430ef
:10a980000693d31c13f82430089332e706950595f7
:10a99000ff2308932de706950595ff23089328e7e5
:10a9a000ff23089325e7ff23089322e7ff2308935b
:10a9b0000025069505951ce7099b1d5501340af1f4
:10a9c000080a039b0433039306360bf1080b063782
:10a9d000049ba3423ff4bcae99f80030002b7ff4f7
:10a9e0001fafd9f80450082d3ff4d5ae102d7ff4d9
:10a9f000e3ae079a12f81450d9f81030002bcad0e1
:10aa0000531c13f8140000eb0520d9f814309842b9
:10aa100014bfff230023089306950595e9e6c2f1cc
:10aa2000080345fa03f30121914001390b40dbb2e1
:10aa30002146099811f0abfcc0e7022b1fd0032b75
:10aa400035d0042b00f08480062bb7d1d8f8043021
:10aa5000082b00f093808af801508af80050059b7b
:10aa60008af803308af80230069b8af805308af8a3
:10aa70000430089b8af807308af806309ee7d8f839
:10aa80000430082b08d075703570059bf370b370d7
:10aa9000069b7371337191e704eb44030999cd541c
:10aaa0004a1c0598d0548a1c0699d15486e7ac46b6
:10aab00005998e46069b0b9308980a9005f00102b3
:10aac00001f0010101eb420203f0010303eb42023a
:10aad000014600f0010303eb420320aa02eb8303cb
:10aae00053f8440c002857d001230c940d950c46c4
:10aaf0000b9d00bf4cfa03f202f001024efa03f183
:10ab000001f0010101eb420245fa03f101f00101fc
:10ab100001eb420144fa03f202f0010202eb4102ae
:10ab200050f82200002839d00133082be2d10c9cc8
:10ab30000d9d036c002b33dbd8f80420082a02d1ca
:10ab4000099a13553ae72146099811f020fc35e798
:10ab5000d8f80430082b09d0102b7ff42faf039bbb
:10ab60005d701d700899d970997027e7099b03f8eb
:10ab700014500133089a03f814201fe7039b1d703b
:10ab80000599597006999970089ada7016e70fa816
:10ab900013f02cff0021e1e55221dfe55221dde534
:04aba0005221dbe57e
:020000040000fa
:10aba4005f0000002000000000000800000000001a
:10abb400000000000000000021000400160008004e
:10abc40002001600000004000000000022000a0039
:10abd40008000c000100160000000a0058000000e4
:10abe40023001300160013000000160000001300d9
:10abf400a800000024000f001a0011000100170033
:10ac040000000f004c020000250017001600190078
:10ac14000100160000001700d403000026001500f0
:10ac2400160016000100160000001500d0050000f3
:10ac340027000400080007000100160000000400bb
:10ac4400a0070000280008001b00090001001600ee
:10ac540000000800c0070000290008001b000900cc
:10ac64000000160000000800980800002a000f00e9
:10ac74000f0011000100170000000f007009000010
:10ac84002b000f000f0011000100120000000f0044
:10ac9400540a00002c00050008000800010004000c
:10aca40000000500380b00002d00080003000a0016
:10acb40001000a0000000800600b00002e000400e0
:10acc400040008000200040000000400780b0000e7
:10acd4002f000b0016000b000000160000000b00f4
:10ace400880b000030000f00160011000100160050
:10acf40000000f007c0c0000310009001600110058
:10ad04000200160000000900c80d000032000f0008
:10ad1400160011000100160000000f00900e000044
:10ad240033000f00160011000100160000000f0090
:10ad3400dc0f0000340011001600110000001600a2
:10ad4400000011002811000035000f00160011004a
:10ad54000100160000000f00a012000036000f00d2
:10ad6400160011000100160000000f00ec13000093
:10ad740037000f00160011000100160000000f003c
:10ad84003815000038000f001600110001001600ed
:10ad940000000f008416000039000f001600110097
:10ada4000100160000000f00d01700003a00040054
:10adb4001100080002001100000004001c1900002a
:10adc4003b0006001500080000001100000006000a
:10add400601900003c000f00100011000100130076
:10ade40000000f00e01900003d000f0009001100f1
:10adf4000100100000000f00d01a00003e000f00f8
:10ae0400100011000100130000000f00581b000087
:10ae14003f000d0016000d000000160000000d009c
:10ae2400481c0000400019001a001b000100160015
:10ae340000001900681d00004100140016001300f2
:10ae44000000160000001400f41f0000420010006f
:10ae5400160014000200160000001000ac210000cf
:10ae64004300120016001300010016000000120037
:10ae74000c23000044001300160016000200160004
:10ae8400000013009824000045000d001600110076
:10ae94000200160000000d003c26000046000d00d4
:10aea400160010000200160000000d005c270000d0
:10aeb40047001300160016000100160000001300de
:10aec4007c2800004800120016001600020016003c
:10aed40000001200202a00004900080016000a00a1
:10aee4000100160000000800ac2b00004a00090015
:10aef4001c000800fdff1600000009005c2c000087
:10af04004b0011001600130002001600000011008f
:10af1400582d00004c000d00160010000200160011
:10af240000000d00d02e00004d00170016001b007d
:10af34000200160000001700f02f00004e0012005f
:10af4400160017000200160000001200ec31000089
:10af54004f00150016001700010016000000150030
:10af64007833000050000f00160012000200160093
:10af740000000f0048350000510015001b001700a9
:10af84000100160000001500943600005200110064
:10af9400160013000200160000001100cc38000057
:10afa40053000f00160010000100160000000f00ef
:10afb400443a00005400110016001100000016006d
:10afc40000001100903b000055001200160016000e
:10afd4000200160000001200083d00005600120096
:10afe400160012000000160000001200943e00003b
:10aff40057001c0016001c000000160000001c0076
:10b004002040000058001200160012000000160034
:10b0140000001200884200005900110016001100bf
:10b024000000160000001100144400005a000f0034
:10b03400160011000100160000000f008c450000ee
:10b044005b0008001c000a00020016000000080053
:10b05400d84600005c000b0016000b000000160030
:10b0640000000b00b84700005d0008001c000a0047
:10b074000000160000000800ac4800005e0010004c
:10b084000e00110001001600000010008c490000a1
:10b094005f000f0003000d00fffffeff00000f0024
:10b0a4006c4a000060000700050008000100180059
:10b0b400000007009c4a000061000e00110011000e
:10b0c4000100110000000e00c04a000062000f00e1
:10b0d400170012000200170000000f00b04b000020
:10b0e40063000d0011000e000100110000000d00ae
:10b0f4000c4d000064000f0017001200010017003f
:10b1040000000f00ec4d000065000f00110011005d
:10b114000100110000000f00484f000066000c0001
:10b1240018000a000000180000000c00485000003d
:10b1340067000f00180012000100110000000f004a
:10b144006851000068000f00170013000200170088
:10b1540000000f00d052000069000400170008002e
:10b1640002001700000004002c5400006a000800cc
:10b174001e000800feff17000000080088540000ad
:10b184006b000e00170010000200170000000e00f4
:10b19400785500006c000400170008000200170036
:10b1a40000000400bc5600006d00180011001c00d3
:10b1b4000200110000001800185700006e000f0074
:10b1c400110013000200110000000f00b05800002d
:10b1d4006f001000110012000100110000001000a7
:10b1e400b059000070000f00180012000200110096
:10b1f40000000f00c05a000071000f001800120078
:10b204000100110000000f00285c000072000a0019
:10b2140011000c000200110000000a00905d000003
:10b2240073000d0011000e000100110000000d005c
:10b234003c5e000074000b0015000b0000001500bc
:10b2440000000b001c5f000075000e0011001300cd
:10b254000200110000000e000460000076001000df
:10b2640011000f000000110000001000f460000045
:10b2740077001800110018000000110000001800e9
:10b28400046200007800100011001000000011009a
:10b29400000010009c6300007900100018000f00eb
:10b2a4000000110000001000ac6400007a000c00e3
:10b2b40011000e000100110000000c002c660000bb
:10b2c4007b000b001b000b000000160000000b00ad
:10b2d400f86600007c0003001e0011000700170040
:10b2e40000000300246800007d000b001c000b001c
:10b2f4000000160000000b00806800007e000f00b4
:10b304000400110001000d0000000f00b4690000ea
:020000040000fa
:10b314002de9f04f8db0099090f8cc87b8f1000f6b
:10b324004ad0b8f1010f00f0cf80b8f1020f00f05d
:10b334006b81b8f1030f00f01d820999d1f8043a2a
:10b34400d1f8fc291344adf82830d1f8083ad1f8e3
:10b35400002a1344adf82a30bc4b1b78adf82c30ce
:10b36400bb4b1b78adf82e3028310aa810f064f9d5
:10b37400012800f0ca82b54b1b7809990846d1f818
:10b38400042a1344c1f8043ad1f8ec19b0f8422065
:10b394000a44934208dbc0f8041aad4b1a78d0f87b
:10b3a400083a1344c0f8083a099b986910f034fa33
:10b3b40000200db0bde8f08f0820a44b1870a44bfa
:10b3c4001870099c04f1040acdf800a0002304229b
:10b3d40001460cf07bff606913f038fea06104f2b3
:10b3e400c4439c4a136004f244539b4a136004f21e
:10b3f400c4539a4a13609a4b00221a80994f4ff013
:10b40400000b954e954d994659e0404634e042462e
:10b4140040e04346120242ea00400343b9f80020e8
:10b4240050460ff0b1fb23680233236033680233c4
:10b4340033602b6802332b603988013189b239803b
:10b44400072933d82368b3f900c00cf1800c4fea04
:10b45400cc1c3368b3f90030834a13602a68b2f90c
:10b46400002082480260b42000fb02c0c011ccd48a
:10b47400ff28a8bfff20c0b26ff02b0e0efb03cc39
:10b484006ff05a0e0efb02c2d211c0d4ff2aa8bf1d
:10b49400ff22d2b203eb031ec3eb0e136344db1192
:10b4a400b7d4ff2ba8bfff23dbb2b3e7b9f8003052
:10b4b40001339bb2a9f80030072b3ff63eafa7f843
:10b4c40000b00021634cbde70820604b18701021c8
:10b4d4005f4b1970099c231d0793009300230422da
:10b4e4000cf0f4fe606913f0b1fda0610023604a22
:10b4f4001370584cdff86091dff86081584f9a461a
:10b504009b466de0dc463fe05e464be05846330226
:10b5140043ea0c43564e3678dff858c11cf80660ef
:10b5240032440343d20007980ff02efb2368023302
:10b5340023602988013189b2298007293ed82368ec
:10b54400b3f900e00ef1800e4feace1e3a88560899
:10b5540001ebc606d9f8003033f91600424b1860e7
:10b56400d8f8003033f91660404b1e604ff0b40c2d
:10b574000cfb06ec5feaec1cc4d4bcf1ff0fa8bfc3
:10b584004ff0ff0c5ffa8cfc6ff02b0303fb00ee13
:10b594006ff05a0303fb06e6f611b5d4ff2ea8bfdd
:10b5a400ff26f6b200eb0013c0eb03107044c01189
:10b5b400acd4ff28a8bfff20c0b2a8e73b88013362
:10b5c4009bb23b80072b03d8a5f800a05946b6e7e9
:10b5d400274a13780133dbb21370012b3ff6adae6b
:10b5e400099901ebc31202f2c44222609b0103f2e7
:10b5f400c453ca18c9f8002080330b44c8f800307b
:10b60400a7f800a0174ddfe71020104b1870082191
:10b614000f4b1970099c231d0793009300230422e8
:10b624000cf054fe606913f011fda0610023104a70
:10b634001370084cdff82090dff82080084f9a46fa
:10b644009b4683e0dc4655e05e4661e04b600220a9
:10b654004c600220f85f0220f05f0220f45f0220b9
:10b664003260022082580220fc5f02200060022027
:10b674004a600220d80402005846330243ea0c43cd
:10b68400b04e3678dff8ecc21cf8066003431201b2
:10b69400314407980ff078fa23680233236029882d
:10b6a400013189b2298007293ed82368b3f900e023
:10b6b4000ef1800e4feace1e3a884e0806ebc20603
:10b6c400d9f8003033f916009f4b1860d8f80030d1
:10b6d40033f916609d4b1e604ff0b40c0cfb06ec66
:10b6e4005feaec1caed4bcf1ff0fa8bf4ff0ff0c17
:10b6f4005ffa8cfc6ff02b0303fb00ee6ff05a0330
:10b7040003fb06e6f6119fd4ff2ea8bfff26f6b270
:10b7140000eb0013c0eb03107044c011acd4ff283d
:10b72400a8bfff20c0b2a8e73b8801339bb23b808f
:10b73400072b03d8a5f800a05946b6e7814a137829
:10b744000133dbb21370012b3ff6f7ad099901eb1e
:10b75400c31202f2c4422260db0003f2c453ca18cb
:10b76400c9f8002080330b44c8f80030a7f800a0c3
:10b77400774ddfe71020774b1870774b1870099cd2
:10b78400231d079300930023042201460cf09efd21
:10b79400606913f05bfca06100236a4a13706f4d6b
:10b7a400dff8dcb1dff8dca16d4e4ff00002adf83c
:10b7b400222089e04ff0000c31e000213fe000221c
:10b7c4000b0243ea0c43b7f800c06649098801eb51
:10b7d4004c011343644a1288014407980ff0d4f9ca
:10b7e4002088013080b22080012834d82b689a1c2c
:10b7f4002a60b3f900e00ef1800e4feace1ed8f8ad
:10b8040000104ff0b40c0cfb01ec5feaec1cd1d43b
:10b81400bcf1ff0fa8bf4ff0ff0c5ffa8cfcd9f806
:10b8240000206ff02b0303fb02ee6ff05a0303fbbf
:10b8340001e1c911c1d4ff29a8bfff21c9b202eb9c
:10b844000213c2eb03127244d211b8d4ff2aa8bf68
:10b85400ff22d2b2b4e73b8801339bb23b80032b77
:10b8640015d83288520803ebc2039bb2dbf80020e0
:10b8740032f91320c9f80020daf8002032f9133025
:10b88400c8f80030bdf8223023800020aee73388aa
:10b8940001339bb23380072b0ed8344a12881344e9
:10b8a400314a1380bdf822303b800023dff89890a2
:10b8b400dff898802e4cd4e7224a13780133dbb2a8
:10b8c4001370032b3ff639ad2a4ad15c254a118007
:10b8d4005a0829498a5c25490a80099901ebc3124f
:10b8e40002f2c4422a60254ad35c03f262335b004d
:10b8f400ca18cbf8002080330b44caf80030bdf8d6
:10b90400223033800023124fc7e709980146036ba6
:10b914000493d0f8083ad0f8002a13440393d0f8db
:10b92400043ad0f8fc29134402930b4b1b7801937f
:10b93400084b1b780093446a00231a460431a0473d
:10b9440019e500bf4a600220fc5f0220006002206b
:10b95400825802204b6002204c600220f85f0220d3
:10b9640032600220306002203660022034600220ff
:10b97400da5f0220d4040200d8040200d0040200da
:08b98400f05f0220f45f0220d5
:020000040000fa
:10b98c002de9f04fa1b00490059193461c4602930b
:10b99c000b6802681d921e931f934feac40abaf1fa
:10b9ac00020f40f2b082cdf818a04ff000094a46c1
:10b9bc0052e013465a1c13f0070ffad10d93db0813
:10b9cc001f1d029aba4240f2a7820beb0302517878
:10b9dc001bf8034004eb012403330beb03059278b3
:10b9ec001bf8033002eb032323444ff6ff72934200
:10b9fc000bd0152301931d9b049a13601e9b059a73
:10ba0c001360019821b0bde8f08f04eb09063146b4
:10ba1c001da814f086f8002800f081823b19029ac8
:10ba2c009a42c0f07f82002c40d000bf09f1010285
:10ba3c0015f8010f1d9901f8090091469642f5d1b0
:10ba4c00db000d93b146039b002b40f059820d9afd
:10ba5c00931c534580f05a82d3081bf8033002f034
:10ba6c0007010b4103f001030393511c931cc808fd
:10ba7c001bf8000001f0070140fa01f101f001018f
:10ba8c00d8081bf8000003f0070340fa03f303f097
:10ba9c000100d31c0d9301eb4001032900f0398206
:10baac0039b913f0070f8ad0131d83e74e463b4676
:10babc00c6e700230e930f931093139314931593cf
:10bacc0001292bd01132069ca24200f25d82052284
:10badc0059460da812f091f80990052259460da867
:10baec0012f08bf80890042259460da812f085f834
:10bafc00061d06eb46030d9a13449c42c0f0478288
:10bb0c000023189319931a934c2013f09bfa0746b1
:10bb1c00002800f07a81c14d002457e04ff490606a
:10bb2c0013f090fa044678b3031f00f50f71082246
:10bb3c0043f8042f9942fbd104f50f7304f57f7180
:10bb4c00092200bf43f8042f9942fbd104f57f73ff
:10bb5c0004f25c41072200bf43f8042f9942fbd149
:10bb6c0004f25c4304f27c41082200bf43f8042f2a
:10bb7c008b42fbd10f234ff4907221460ea804f098
:10bb8c004bf820460ff044fe802013f05bfa04467d
:10bb9c00002800f05d81031f00f17c01052200bf2d
:10bbac0043f8042f8b42fbd10f232022214613a8ec
:10bbbc0004f032f820460ff02bfe49e12b680022ee
:10bbcc0047f8232001340435132c0bd0a642f5d9a9
:10bbdc00d5f80080032259460da812f00ef847f84c
:10bbec002800efe707231322394618a804f014f8ad
:10bbfc00019098b100230793984638460ff008fe41
:10bc0c0040460ff005fe07980ff002fe18a813f03f
:10bc1c00edfd019b002b00f01b819be14ff490602c
:10bc2c0013f010fa8046802013f00cfa0790b8f14c
:10bc3c00000f00f0ef80002800f0f280a8f1040360
:10bc4c0008f27c41002200bf43f8042f8b42fbd149
:10bc5c00079a131f02f17c01002200bf43f8042f46
:10bc6c008b42fbd1099b03f20116c3eb8373079a3a
:10bc7c0002eb8303a3f204430a93019c0b9780e02d
:10bc8c00102825d0112859d0122840f092800d9bf5
:10bc9c000733534500f25581072259460da811f080
:10bcac00acff10f10b0f6cd004f10b031844002304
:10bcbc000a9fa6428cbf48f8243047f82430013440
:10bccc0084425dd0a542f4d12c460f23019358e059
:10bcdc00002c00f02a810d9b0233534500f2298180
:10bcec00022259460da811f088ff099b03f58173b8
:10bcfc009c4219d204f18043013b58f8232010f1e7
:10bd0c00030f3ed0e31c18440a9fb44234bf48f8da
:10bd1c00242047f824200134a0420dd0a542f4d1b0
:10bd2c002c460d2301932ce0a31b03f18043013b14
:10bd3c00079a52f82320e2e7044622e00d9b0333d6
:10bd4c00534500f2fa80032259460da811f055ff15
:10bd5c0010f1030f15d0e31c184400230a9fa642d0
:10bd6c008cbf48f8243047f824300134a04205d069
:10bd7c00a542f4d12c460e23019302e0044600e0c8
:10bd8c000446089b5d1c3544ac4220d2534618aa8d
:10bd9c000da9584610f08efe0f283ff671afa64243
:10bdac008fbf48f82400a31b079a42f823000134e4
:10bdbc00e7e70b9fb0f1ff3f02d0102301931ce784
:10bdcc000d9b534594bf0b230a23019315e70b9f3f
:10bddc00019b002b7ff411afd8f8003413b940232a
:10bdec0001930ae70f234ff4907241460ea803f01b
:10bdfc0013ff019000287ff400af0f232022079936
:10be0c0013a803f009ff0190f7e60790804653232f
:10be1c000193f2e653230193efe600bf64bc0100eb
:10be2c0053230193e9e609f1010529461da813f0f6
:10be3c0078fe002800f089801d9b03f80940a94674
:10be4c0006e01d9822464119484413f0bffbb94641
:10be5c0053460eaa0da9584610f02cfe0446ff2896
:10be6c00e1d9a0f201131c2b40d84a4a52f82340c6
:10be7c00494a52f823200d9b1344534568d8594620
:10be8c000da811f0bafe0444534613aa0da9584646
:10be9c0010f010fe1d2864d8404b53f82060404b26
:10beac0053f820200d9b134453455dd859460da8db
:10bebc0011f0a3fe06444e4559d8a9eb060504eb38
:10becc00090739461da813f02cfe002852d0b442a5
:10bedc00b7d9002cbcd02c441d9b6a1c595d334433
:10beec00595515469442f7d1b946b1e7b0f5807f64
:10befc0043d00d9b53458cbf0a230b23019329e0a0
:10bf0c000023019377e53423019374e534230193e3
:10bf1c0071e5142301936ee5342301936be55323f0
:10bf2c00019368e51723019365e50b9f3623019375
:10bf3c0063e60b9f322301935fe60b9f3223019341
:10bf4c005be60b9f3223019357e65323019301e0e9
:10bf5c00332301930ea813f049fc13a813f046fced
:10bf6c0049e512230193f5e733230193f2e73423d8
:10bf7c000193efe753230193ece70ea813f036fc83
:10bf8c0013a813f033fc5ee531230193e2e732236f
:10bf9c000193dfe7a493010018940100fc8e0100cb
:04bfac00748f01008d
:020000040000fa
:10bfb0002de9f04f87b0044600274ff0010bba4639
:10bfc0002368a26b9b689a4280f07082baf1010fdd
:10bfd00044d0256a23465a4659460df10d00a8471c
:10bfe0009df80d50ff2debd1266a23465a4659463f
:10bff0000df10e00b0479df80e30d92b40f2db80da
:10c00000db2b00f05f81c0f02382dd2b00f04e813e
:10c01000e02b40f0db80204611f0dcfd0f2840f2e1
:10c020002a81256a23460522594604a8a8479df877
:10c0300010304a2b00f02381204613f01efb84f8b9
:10c040003d00204613f019fb84f83e0094f83d3083
:10c05000012bb5d0642084f8be04f6e194f8463094
:10c06000012b0cd0032b40f01f8294f84a30012b97
:10c070000bd0022b4fd0642084f8be04e5e184f895
:10c08000c334002084f8cc07dfe194f84d30012b55
:10c0900022d0022befd194f84b30012bebd194f846
:10c0a0004e30012be7d1e36c23f47f0323f47f436d
:10c0b000c04a9342dfd1042384f8c334002084f8bb
:10c0c000c60784f8c707012384f8c837022284f81a
:10c0d000c92784f8cc37b8e194f84b30012bcad18a
:10c0e00094f84e30012bc6d1e36c23f47f0323f484
:10c0f0007f43b04a9342bed1032384f8c334002067
:10c1000084f8c607012384f8c737022384f8c837a8
:10c1100084f8cc0799e194f84d30012b27d0022bfd
:10c12000a9d194f84b30012ba5d194f84e30012bb6
:10c13000a1d1e36c23f47f0323f47f439d4a934210
:10c1400099d1062384f8c334002084f8c60784f804
:10c15000c70784f8c80784f8c907012384f8ca37d9
:10c16000022384f8cb37032384f8cc376de194f8ad
:10c170004b30012b7ff47faf94f84e30012b7ff4ce
:10c180007aafe36c23f47f0323f47f43894a93421d
:10c190007ff471af042384f8c334002084f8c60709
:10c1a00084f8c707012384f8c837022384f8c93705
:10c1b00084f8cc3749e1d02bbff402afc02b10d0ac
:10c1c000c42b00f0e380012b3ff4faae204611f0bf
:10c1d00001fd012840f264810238a36b1844a0637a
:10c1e000eee6204611f0f6fc0546082839d920462f
:10c1f00013f043fa84f84000204611f0ebfca4f859
:10c200004400204611f0e6fca4f84200204613f05a
:10c2100034fa84f8460000eb40030733ab4226dad9
:10c22000002610b3f5b2204613f027fa254485f80e
:10c230004700204613f021fa8df80d00030985f818
:10c240004a3000f00f0085f84d00204613f015fa33
:10c2500085f85000013694f84620f3b29a42e1d8ae
:10c26000aee6642084f8be04efe08246a8e66420cf
:10c2700084f8be04e9e0642084f8be04e5e09df89b
:10c280001130462b7ff4d8ae9df81230492b7ff445
:10c29000d3ae9df81330462b7ff4ceae9df814300c
:10c2a000002b7ff4c9ae84f83cb0c5e6204611f0ff
:10c2b00091fc04287ff484ae204611f08bfca4f896
:10c2c000d4017de6204611f085fc422802d957466c
:10c2d000824645e0642084f8be04b6e023465a4610
:10c2e00059460df10f00276ab84723465a4659466a
:10c2f00004a8276ab8472b7803eb881304eb4303a1
:10c300009df80f109df8102002eb0122a3f8542095
:10c310000135b54216d08df8109094f85330002bab
:10c32000dcd123465a4659460df10f00276ab8471b
:10c330002b7803eb881304eb43039df80f20a3f83d
:10c340005420e5e7019f94f85330002b0cbf4123a4
:10c350008123aaeb030a1ffa8afabaf1420f13d912
:10c36000204613f08af98df80d0000f00f0894f8bc
:10c37000533043ea101384f853300f4d05f1400653
:10c380004ff000090197c6e7ba4619e6204611f0ba
:10c3900021fc0546122825d8642084f8be0454e008
:10c3a00004eb031909f2d71904eb032303f2f7187e
:10c3b0002be000bf01000001c4cb0100b9f1100f58
:10c3c00040d8276a23464a4659464046b847a5eb17
:10c3d0000905adb294f8d631013384f8d631122d67
:10c3e0007ff6eead204613f048f98df80d0000f011
:10c3f0000f03c0f30017002fd2d13f331b0103f10d
:10c400000709a144273304eb0308234610225946a9
:10c410004846266ab04709f1ff3309f10f014ff092
:10c42000000900bf13f8012f4a441ffa82f98b421a
:10c43000f8d1113dadb2a94504d8002fbed0b9f551
:10c44000807fbed9642084f8be0407b0bde8f08fb9
:10c45000204611f0bffb0646022817d9204613f0ec
:10c460000cf98df80d00f71ea7eb4007bfb294f84a
:10c47000463083420ed143000233b3420ada00262b
:10c4800078bba36b3b44a363da4699e5642084f848
:10c49000be04dae7642084f8be04d6e75d460de00a
:10c4a000642084f8be04d0e70020cee794f83c0076
:10c4b00010f1ff3018bf0120c7e75546204613f0a2
:10c4c000dcf88df80d00631900f00f0283f8b82432
:10c4d000000983f8bb04013694f84620f3b29a426f
:10c4e000cfd9204613f0c9f88df80d0094f84730e5
:10c4f0008342e2d094f848308342cfd094f8493058
:10c50000834208bf0225d9d0022de4d8d6e700bf68
:020000040000fa
:10c510002de9f04f87b0a74cdff8a8a20af11c0361
:10c52000029304f1440b0be00023a360022284f881
:10c530002820636423689b6859460720984700bffa
:10c5400094f82820531e002a00f04d82092bfad8b7
:10c5500001a151f823f000bf29c5000081c50000ea
:10c56000e7c600008fc70000c9c700009dc80000d3
:10c57000a5c8000009c900000fc9000035c90000a6
:10c58000a368636423689b6859460f209847002876
:10c5900003dd092384f82830d2e7a06811f0b0fb4e
:10c5a0002062006e6062243013f010fd606a30304b
:10c5b00013f00cfda06811f0a3f940017e4b1a584e
:10c5c0004ff48043b3fbf2f37c4a1360e368012b22
:10c5d0000fd9606a436863b1002500bf50f8241b7f
:10c5e00001ebc5010ff048fd0135606a43689d42cb
:10c5f000f4d3606a0369002553b1c16801ebc5013a
:10c6000024300ff039fd0135606a03699d42f4d38f
:10c61000836a1bb9092384f8283091e724300ef08f
:10c62000e1fa606a24300ef015f9606a24300ef0e9
:10c6300063ffa06811f07ef9012807d0606a5f4ba4
:10c64000196824300af0e8f800260be0606a5b4bba
:10c65000196824300af03cf9f6e7606a04a9303022
:10c660000ff00afd636a9a6ae2b153f8241f04aa24
:10c670000868496803c23146184612f068f8636ad0
:10c680005a6b002ae9d00025186b04a900ebc500fd
:10c690000ef0acff0128e5d00135636a5a6b954274
:10c6a000f2d3dae7a06811f045f901280dd0606aed
:10c6b00030300af0b0ff002323612363636a5b6bb1
:10c6c00043b9092384f828303ae7606a30300af029
:10c6d00051fff0e7a06811f013f90df0bdf9032345
:10c6e00084f828302ce7636a22695b6b9a4203d195
:10c6f0000a2384f8283023e74ff0ff33236402989d
:10c7000013f004fd78b3236cb3f1ff3f3ff418af8f
:10c7100001260025a06811f0f3fa8146636a2169b9
:10c720001b6b03ebc1010bf077fc636a22691b6b87
:10c7300003ebc203b3f90470b3f90680a06811f0eb
:10c74000dff8039500951e4b3344024641463846b8
:10c750000bf0befd99f85c304bb1022b0bd00423db
:10c7600084f82830ece6002626645546d2e799f88e
:10c770005030052bf3d103980df020ffb0f1ff3faf
:10c78000edd12a690021686913f076fbe7e7a0681c
:10c7900011f0b6fa44300ff0fdfa606128b10023c1
:10c7a000c377052384f82830cae6072384f82830a5
:10c7b000c6e600bf28590220ac280100086002200c
:10c7c000405e0120805a02206569ab7f6bb12b6807
:10c7d0009b6b2846984701280bd0ab7f022b14d0c7
:10c7e000ab6c003318bf0123ab77062384f82830e5
:10c7f000a6e62b685b6c284698470028edd12b688d
:10c80000d3f8183128469847efe72b6c5bb304a99f
:10c8100028460ef048febdf91430002b12ddbdf99c
:10c820001630002b0edd636a21691b6b03ebc1011f
:10c8300004a80ef003ff58b92b68d3f81831284626
:10c840009847d2e72b68d3f8183128469847cce7a9
:10c85000636a20691b6b04f1180204a903ebc00092
:10c860000df0edfc09e0636a21691a6b04f118030d
:10c8700002ebc1021068516803c32b68d3f814316e
:10c880005a49284698476b6a01336b62eb7f012b4c
:10c8900040f0a980236b01332363a1e7042384f8cc
:10c8a00028304de6636a22691b6b03ebc20133f942
:10c8b0003200b1f90210266cc6eb06150aeb8502b0
:10c8c000d368936253681362936853621af82550d1
:10c8d0000b2d28bf00253201931b0aeb83031d7724
:10c8e0001d69dd6200259d635d691d631a4623682d
:10c8f0005b681c329847b0f1ff3f74d04ff0ff33b4
:10c90000236412f0b5fb1be612f0b2fb18e6a36835
:10c910000133a360364a1268d2f8e822934234bf4a
:10c9200002230a2384f8283023689b68002106200c
:10c93000984705e623689b68002108209847002354
:10c940002363e36a0133e362294b1b68d3f8e832bf
:10c95000002b3ff4f5ad0026b146254f31e02946c6
:10c9600005f10c000ff0b0fe6b68082b03d92846c8
:10c9700012f08efa2ce0284613f028fb28e005f18f
:10c98000180805f10c0140460ff09efeeb69082bdc
:10c9900006d9404612f07cfa012384f8283009e0d9
:10c9a000404613f013fbf7e705f10c0013f00efb04
:10c9b00084f8289001363b68d3f8e8329e42bff4f1
:10c9c000bfad304611f09cf9056ee368012bc6d867
:10c9d000eb69002bd3d12b69082be5d905f10c00ad
:10c9e00012f056fae4e707b0bde8f08fac6702201a
:04c9f00004600220bd
:020000040000fa
:10c9f4002de9f04f054685b0002800f05582d0f8a7
:10ca040004a04ff00008c146c3460322cdf80880b5
:10ca1400baf800300193bdf80810019b99421ad36b
:10ca24002a68137819060ad500214ff00c0e019cd0
:10ca340088b2844200f20c8103f07f031370bbf1cf
:10ca4400000f40f017811378b9f1000f00f06581f1
:10ca540043f0010363e1029b0c20af6800fb03f683
:10ca6400bc196068037813f01e0e1cbf0123bb556c
:10ca7400bb5d042b7cd00ad8022b32d044d8012bc6
:10ca840025d0029b08f1030801330293c3e7852be9
:10ca940000f09280862b00f0b480072bf1d121891d
:10caa4004388994269d9c91aeb689af805e089b2b2
:10cab40013f8083043fa0ef3dbb28b425dd8637887
:10cac400002b77d14ff00103bb550270d9e7bef1bb
:10cad400000f03d10221b955082161704ff0010bf9
:10cae400cfe7617871b1042903d9438823810139df
:10caf400f3e7238940888342f9d08cbf03f1ff33e5
:10cb04000133f3e7ba55bce72389b0f802e0734573
:10cb1400b7d0e86813d910f80810a3eb0e039af8fd
:10cb240005009bb20141c9b29942aad89af80430cf
:10cb3400002ba6d04ff00701b9556370cee7aeebda
:10cb4400030300eb080c10f808009bb2984298d835
:10cb54009cf8023033b1284603920cf0f9fa039a98
:10cb640000288ed14ff00403bb559af80230e4e755
:10cb7400b4f808e043889e4504d9ba554ff0000341
:10cb840063707ee7e868a3eb0e0300eb080c9bb22e
:10cb940010f808009842f0d29cf802303bb12846c5
:10cba40003920cf0d5fa039a00287ff46aaf6378f5
:10cbb400002b42d0013bc0e72b689af8081019718a
:10cbc4002389b0f802e0734508d96ff07903bb55a7
:10cbd4009af8023063704ff001097fe7e968aeeb21
:10cbe400030301eb08009bb211f8081040780130f0
:10cbf40041fa00f0091ac9b29942e6d24ff001098c
:10cc04003fe72389b0f802e0734506d963780bb98e
:10cc1400ba55f3e7013b6370f0e7e968aeeb030351
:10cc240001eb08009bb211f808104078013041fa7a
:10cc340000f0091ac9b2994205d26ff07a03bb55c4
:10cc44009af80330e7e76378002be1d0013bc1e7b2
:10cc54000efb01f6af68b8194468207810f0010f94
:10cc640006d1be5d16f0f70f1cbf40f00100207026
:10cc74000131dce69af8091000293ff4e4ae137898
:10cc8400012963f07f0313707ff4ddae00210c27cc
:10cc9400019b1ffa81fe73457ff6d5ae07fb01f3b6
:10cca400ac6804eb030ce35c13f0f70f27d0852b7f
:10ccb40001d0032b2bd1d5f80c8001eb4103434465
:10ccc40093f802a0baf1000f19d0002003469e4544
:10ccd4000fd007fb03f6a65d042e01d0862e08d1e3
:10cce40003eb43064644b6785645019e04bf012033
:10ccf40033460133019e9bb29e42e8d838b9dcf832
:10cd04000400037823f0010303700131c0e7dcf869
:10cd14000400037843f00103f6e723f001031370e2
:10cd2400624b51881b8801f1c802934254d95b1aa3
:10cd34009ab20c2401260327c82a4fd92b68c83a73
:10cd440092b25988c83159801979002940f08680f7
:10cd5400597909b101395971997909b1013999712f
:10cd6400d5f804e09ef80690b9f1000f08d059797f
:10cd740031b9bef800a088b250453dd383f8059080
:10cd84009ef807c0bcf1000f08d0997931b9bef8fc
:10cd9400008088b2404548d383f806c06b68d978d0
:10cda4000029c9d0b3f800c0002104fb0cf88bb2f1
:10cdb4006345c1d204fb01f9ab6803eb090e13f818
:10cdc4000900852806d19ef80100002849d00138c1
:10cdd4008ef801000131eae78b4203d3002005b04d
:10cde400bde8f08f03f57f42ff32521ac82af5d905
:10cdf4005a1e521a92b29ce704fb01f0d5f808c0ff
:10ce04000ceb00081cf80000032801d008280ad104
:10ce1400d8f80400b8f808c04088604584bf0cf115
:10ce2400010ca8f808c00131a5e704fb01f0d5f80e
:10ce340008e00eeb00091ef80000032801d00828c2
:10ce44000ad1d9f80400b9f808e0408870453cbf1d
:10ce54000ef1ff3ea9f808e001319ae70139197192
:10ce64009ce703f80960def8040001eb410e07704b
:10ce7400e86886449ef80290b9f1000faad003eb4b
:10ce8400080a9a45a6d090f802e0ce4509d1d3f815
:10ce940004e09ef800b01bf0010f1cbf1e708ef85a
:10cea40000700c330330ece70b2098e74860022055
:020000040000fa
:10ceb4002de9f04fc5b003460390881c02330df1f1
:10cec400140b01f1120202929a46b3e0b5f91e3036
:10ced400b0f81e8008fb03f8b5f95e20b0f85e30a8
:10cee40003fb02f308eb030241f2511101fb02f1cf
:10cef4007c4a02fb031241f67e0303fb081835f952
:10cf0400021c30f8023c03fb01f3b5f93e40c18f2b
:10cf140001fb04f103eb01094fea49395b1a5b0396
:10cf240008eb0904a9eb08010091d1189b1a01939d
:10cf3400b5f96e20b0f86e8008fb02f8b5f94e2002
:10cf4400b0f84ee00efb02feb5f92e20b0f82ec06c
:10cf54000cfb02fcc28906fb02f608eb0c050eeb87
:10cf64000607ea1942f2a15909fb02f25e4b03fbe0
:10cf740005255e4b03fb072208eb06075c4b03fb0e
:10cf840007f705eb070940f68e1303fb08981744cf
:10cf940043f20b0909fb06760eeb0c07dff85491fc
:10cfa40009fb07f73a4444f2b31909fb0e223d4446
:10cfb40046f2542707fb0c5ca51905f58065ed12b4
:10cfc4004bf8045ca61b06f58066f612cbf8dc6011
:10cfd40001eb0c0404f58064e412cbf81c40a1ebd3
:10cfe4000c0101f58061c912cbf8bc10019b9918a2
:10cff40001f58061c912cbf83c109b1a03f58063dc
:10d00400db12cbf89c30009a1346434403f580634b
:10d01400db12cbf85c30a2eb080808f58063db1266
:10d02400cbf87c3002300af1020a0bf1040b029bac
:10d0340098423bd05546baf90e60002e7ff446afb5
:10d04400baf91e30002b7ff441afbaf92e30002b11
:10d054007ff43cafbaf93e30002b7ff437afbaf916
:10d064004e30002b7ff432afbaf95e30002b7ff4e0
:10d074002dafbaf96e30002b7ff428af3af9022ca9
:10d0840030f8023c03fb02f39b004bf8043ccbf862
:10d094001c30cbf83c30cbf85c30cbf87c30cbf890
:10d0a4009c30cbf8bc30cbf8dc30bbe7039b03f1fe
:10d0b400100b0cae9033019329e06ff07f0489e0ec
:10d0c4006ff07f0898e06ff07f01a3e06ff07f02bc
:10d0d400aee06ff07f02b9e06ff07f03c4e06ff061
:10d0e4007f03cfe0dfc4ffff3bc1ffff84f3fffffb
:10d0f40033e3fffffdadffff6ff07f072af8087ce5
:10d104000bf1100b2036019b9b4500f0ca8056f8aa
:10d11400187c56f8080c3a1841f2511a0afb02fa24
:10d12400614b03fb00a041f67e0909fb07a756f8f3
:10d13400203c56f8102c03eb02094fea49399b1a9c
:10d144005b0307eb0901a9eb070ec2181b1a009336
:10d1540056f8049c56f80cac56f814cc56f81c8cb3
:10d1640009eb0c040aeb0805601942f2a15707fb0e
:10d1740000f04e4f07fb04044d4f07fb050009eb7d
:10d1840008054c4f07fb05f5671940f68e1303fba2
:10d194000977054443f20b0909fb08580aeb0c050f
:10d1a400dff8149109fb05f5284444f2b31909fb8f
:10d1b4000a002c4446f2542505fb0c4c01eb0804f0
:10d1c40004f50034a41414f1800ffff676af7f2c1d
:10d1d400a8bf7f24da462bf8104ca1eb080808f509
:10d1e40000384feaa84818f1800ffff669afb8f18c
:10d1f4007f0fa8bf4ff07f082af8028c02eb0c01c6
:10d2040001f50031891411f1800ffff65caf7f291d
:10d21400a8bf7f212af80e1ca2eb0c0202f50032f3
:10d22400921412f1800ffff651af7f2aa8bf7f221c
:10d234002af8042c009b1a1802f50032921412f1f9
:10d24400800ffff646af7f2aa8bf7f222af80c2c56
:10d25400009b1b1a03f500339b1413f1800ffff698
:10d264003baf7f2ba8bf7f232af8063c0eeb0703b6
:10d2740003f500339b1413f1800ffff630af7f2bbf
:10d28400a8bf7f232af80a3caeeb070707f500374f
:10d29400bf1417f1800ffff62faf7f2fa8bf7f2792
:10d2a4002ce745b0bde8f08fdfc4ffff3bc1ffffb3
:0cd2b40084f3ffff33e3fffffdadffff3d
:020000040000fa
:10d2c0002de9f04fedb00023054616460391049377
:10d2d0009946039b1b78002b62d00023cde90533d0
:10d2e00007930aab089303a980232846099310f0fb
:10d2f000fbfe0446039b1a780ab1252a40d1049804
:10d30000204404901a78252a31d15a1c0024039213
:10d3100007945a782a2a04bf02330393039808bf5c
:10d3200001240ff0c0f801460790284612f06cfb6c
:10d33000039b1a78303a092a48d903a80ff046ff10
:10d34000039b8046187812f04aff672861dc652845
:10d3500080f2c680612800f0c3803adc252800f006
:10d36000ef805b2800f00c81039b013303937b1c4f
:10d3700040f0f980b9f1000f08bf4ff0ff390fe01e
:10d38000eb6bea6c93420fd25a1cea631f78039b43
:10d390001b78bb420ed0eb6c13b1eb6b013beb6324
:10d3a00048466db0bde8f08f28460df02bfe0746cd
:10d3b0000130ecd1049b01330493039b03a9013397
:10d3c0002846039310f090fe044493e7013303933f
:10d3d000aee7632800f098806428c5d104ab05aaa5
:10d3e0002aa9284613f0b4f80028c0f26a81039bea
:10d3f00001330393002c40f0b680334601224146ae
:10d400002aa80bf0c5fc0028044667da0134b1d025
:10d41000c6e7702841d00bdc6e2850d02fdc69287d
:10d42000a2d104ab05aa2aa9284613f091f8dbe79c
:10d43000752813d0782829d0732895d1b8f1800f9a
:10d4400092d1039b01330393002c77d133681a1dcb
:10d4500032601b680093012204ab68e004ab05aaac
:10d460002aa9284613f074f80028c0f22a81039be9
:10d4700001330393002c76d133462246bfe704ab39
:10d4800005aa2aa9284613f063f8ede704ab05aa1c
:10d490002aa9284613f05cf8e6e704ab05aa2aa9f6
:10d4a000284613f055f80028c0f20b81039b013386
:10d4b0000393002c57d133462246f021a0e7039b6b
:10d4c000049a01330393d317cde92a23002c4ad1c0
:10d4d0003346224641462aa80bf05afca144f8e6fe
:10d4e00004ab05aa2aa9284613f032f80028c0f296
:10d4f000e880039b01330393002c34d1324641462c
:10d500002aa80ef0fdfe7ee7b8f1800f7ff42caf65
:10d51000079b0bb901230793039b013303935cb96a
:10d5200033681a1d32601b680093002204ab05a902
:10d5300028460af042fe66e70023f5e7002389e764
:10d54000b8f1800f7ff410af039bea6c01330393b3
:10d55000eb6b934209d25a1cea631878252808d14c
:10d56000049b013304930024b8e728460df04afddc
:10d57000f4e7eb6c002bf6d0eb6b013beb63f2e7cf
:10d58000b8f1800f7ff4f0ae002c39d133681a1d4a
:10d590003260d3f80080039b5a1c03925a785e2aab
:10d5a0000cbf012700272aac08bf023340f201124a
:10d5b0003946204608bf039312f05efc0023237017
:10d5c000039b1a782d2a1ed101330393c7f101035f
:10d5d00084f82e30c7f10107039a13785d2b1bd115
:10d5e000b8f1000f5cd1eb6bea6c934264d25a1c29
:10d5f000ea631f78e3195b78002b59d19a463ae029
:10d600004ff00008c7e75d2ae4d101330393c7f167
:10d61000010384f85e30dde7002be1d02d2b06d02e
:10d62000039b13f8012b039322445770d4e7049b08
:10d630001b78002bf4d05d2bf2d0531c0393029b7c
:10d640001b7851788b42ebda0133e754f9e700bfde
:10d6500008f80b70049b013304930bf1010bea6b88
:10d66000eb6c9a42da461ed2531ceb631778e3192f
:10d670005b78002becd1eb6c13b1eb6b013beb63f4
:10d68000039b01330393baf1000f3ff46daeb8f181
:10d69000000f3ff469ae002308f80a3001241de7ab
:10d6a0004ff0000bdbe728460df0acfc0746dee749
:10d6b000049b0133049396e728460df0a3fc07462c
:08d6c00098e70446a2e600bf52
:020000040000fa
:10d6c80000000000963007772c610eeeba510999d8
:10d6d80019c46d078ff46a7035a563e9a395649e34
:10d6e8003288db0ea4b8dc791ee9d5e088d9d29758
:10d6f8002b4cb609bd7cb17e072db8e7911dbf90b4
:10d708006410b71df220b06a4871b9f3de41be84d7
:10d718007dd4da1aebe4dd6d51b5d4f4c785d38333
:10d7280056986c13c0a86b647af962fdecc9658ad7
:10d738004f5c0114d96c0663633d0ffaf50d088d33
:10d74800c8206e3b5e10694ce44160d5727167a2d7
:10d75800d1e4033c47d4044bfd850dd26bb50aa533
:10d76800faa8b5356c98b242d6c9bbdb40f9bcac57
:10d77800e36cd832755cdf45cf0dd6dc593dd1abb3
:10d78800ac30d9263a00de518051d7c81661d0bfd7
:10d79800b5f4b42123c4b3569995bacf0fa5bdb833
:10d7a8009eb802280888055fb2d90cc624e90bb1d7
:10d7b800877c6f2f114c6858ab1d61c13d2d66b633
:10d7c8009041dc760671db01bc20d2982a10d5ef97
:10d7d8008985b1711fb5b606a5e4bf9f33d4b8e8f3
:10d7e800a2c9077834f9000f8ea8099618980ee197
:10d7f800bb0d6a7f2d3d6d08976c6491015c63e6f3
:10d80800f4516b6b62616c1cd83065854e0062f216
:10d81800ed95066c7ba5011bc1f4088257c40ff572
:10d82800c6d9b06550e9b712eab8be8b7c88b9fc96
:10d83800df1ddd62492dda15f37cd38c654cd4fbf2
:10d848005861b24dce51b53a7400bca3e230bbd496
:10d8580041a5df4ad795d83d6dc4d1a4fbf4d6d3f2
:10d868006ae96943fcd96e34468867add0b860da96
:10d87800732d0444e51d03335f4c0aaac97c0dddf2
:10d888003c710550aa41022710100bbe86200cc916
:10d8980025b56857b3856f2009d466b99fe461ce72
:10d8a8000ef9de5e98c9d9292298d0b0b4a8d7c796
:10d8b800173db359810db42e3b5cbdb7ad6cbac0f2
:10d8c8002083b8edb6b3bf9a0ce2b6039ad2b1740e
:10d8d8003947d5eaaf77d29d1526db048316dc736a
:10d8e800120b63e3843b64943e6a6d0da85a6a7a0e
:10d8f8000bcf0ee49dff099327ae000ab19e077d6a
:10d9080044930ff0d2a3088768f2011efec206698d
:10d918005d5762f7cb67658071366c19e7066b6ee9
:10d92800761bd4fee02bd3895a7ada10cc4add670d
:10d938006fdfb9f9f9efbe8e43beb717d58eb06069
:10d94800e8a3d6d67e93d1a1c4c2d83852f2df4f0d
:10d95800f167bbd16757bca6dd06b53f4b36b24869
:10d96800da2b0dd84c1b0aaff64a0336607a04410d
:10d97800c3ef60df55df67a8ef8e6e3179be694669
:10d988008cb361cb1a8366bca0d26f2536e268528d
:10d9980095770ccc03470bbbb91602222f260555e9
:10d9a800be3bbac5280bbdb2925ab42b046ab35c0d
:10d9b800a7ffd7c231cfd0b58b9ed92c1daede5b69
:10d9c800b0c2649b26f263ec9ca36a750a936d024d
:10d9d800a906099c3f360eeb8567077213570005a9
:10d9e800824abf95147ab8e2ae2bb17b381bb60ccd
:10d9f8009b8ed2920dbed5e5b7efdc7c21dfdb0b29
:10da0800d4d2d38642e2d4f1f8b3dd686e83da1f4c
:10da1800cd16be815b26b9f6e177b06f7747b718a8
:10da2800e65a0888706a0fffca3b06665c0b01114c
:10da3800ff9e658f69ae62f8d3ff6b6145cf6c16a8
:10da480078e20aa0eed20dd75483044ec2b303394c
:10da5800612667a7f71660d04d476949db776e3ea8
:10da68004a6ad1aedc5ad6d9660bdf40f03bd837cc
:10da780053aebca9c59ebbde7fcfb247e9ffb53028
:10da88001cf2bdbd8ac2baca3093b353a6a3b4244c
:10da98000536d0ba9306d7cd2957de54bf67d923a8
:10daa8002e7a66b3b84a61c4021b685d942b6f2a4c
:10dab80037be0bb4a18e0cc31bdf055a8def022da8
:020000040000fa
:10dac800a74b2de9f04f87b05b7a002b00f0de8181
:10dad800a44b4ff0000bcdf800b01b6801931b68f6
:10dae80002931b880393a04b1b680493039b1ffaa4
:10daf8008bf0984206d39a4b02225a72009807b0cc
:10db0800bde8f08f049b0c2633f81b10062303fb9b
:10db18000bf4019b5a689d6806fb0b262f5d05ebed
:10db2800040ac7f3820796f80b80042f00f2ad8130
:10db3800dfe817f0050020007e014801f300b27a03
:10db480002f00f0290450cd9a8eb0200b8f1040fbf
:10db5800c0b20dd9a8f10308804502dcc2f1040760
:10db6800ffb241fa07f8aaf802800bf1010bbde7f2
:10db78000746f6e7b8f1040f029b28bf4ff00408e8
:10db880041fa08f8b8f5007fbaf804101ffa88f2cd
:10db9800aaf80220b5bfc2f5ff726ff4ff7e01320a
:10dba800724493f802e0a7bf384692b292b20020be
:10dbb800bef1400f4fea520292b21bd1e0b1f9b167
:10dbc800092a21d9c1f30134c1f30320c1f3031594
:10dbd80001f00f06002f43d0cf2a01d9002c70d1b5
:10dbe800152a78d9002871d1002c7dd0013c0a2053
:10dbf800e4b272e00028e2d043f6ff70814208d117
:10dc080081220e232a5500932a5d570603d5012247
:10dc18000ce00027d4e7100609d4029bda7802f05a
:10dc28000302032a06d13f22327211222a55aaf88a
:10dc380004109ae7022a05d1727a22f00f02727252
:10dc48000922f3e7012ae2d1727a02f00f0242f0c8
:10dc5800700272720d22e9e70134cf3ae4b292b24f
:10dc6800cf2a01d9032cf7d1152a0dd90f2806d1af
:10dc7800032c1bbf013405200f20e4b206e001305d
:10dc8800153ac0b292b2efe70f28f1d0022a12d9a2
:10dc98000f2d0bd10f2800f0fc800130032c4ff022
:10dca8000505c0b20bd0022adad826e0691c023a70
:10dcb800cdb292b2eae70f2decd0032c1dd103248c
:10dcc800f1e7013ccf3ae4b292b285e70138153a60
:10dcd800c0b292b284e7002886d0022a0bd92db9a7
:10dce80098b90646054608e02046f6e7691e023a56
:10dcf800cdb292b2f1e7002df2d0210389b241ea08
:10dd08000021314341ea051191e70138022a4ff019
:10dd18000a05c0b23ff660afefe7b8f1040f96f816
:10dd2800089028bf4ff00408b9f13f0f41fa08f8ee
:10dd38001ffa88f71ad1aaf802701f2232722a5dd8
:10dd4800012a7ff412afb8f5007fb5bfc7f5ff779a
:10dd58006ff4ff730137ff18bfb20a2f5ce000bff2
:10dd6800a45d0220080000200c000020002229faef
:10dd780002f1c9075cbf9246062202f1010248bfc0
:10dd88004ff0000ad2b2052af1d9394609f046ff08
:10dd980030b1012202fa0af249ea020986f808902b
:10dda8000122baf1000f0bd00af1ff3a5ffa8afaa2
:10ddb80002fa0afa327a22ea0a0a86f808a0bee7c4
:10ddc8002a55bce796f8099041fa08f81ffa88f82e
:10ddd8004fea1917072f29d0414609f01fff00bb4a
:10dde800013701222a5509f00f0949ea0717777206
:10ddf800aaf802802a5d012a7ff4b7aeb8f5007f41
:10de080035bfc8f5ff786ff4ff7208f10108904438
:10de18001ffa88f8b8f10a0f7ff6a7ae45222a55ef
:10de2800a3e6002fddd0013fffb2dce70627dae7e3
:10de3800b8f1040f727a28bf4ff0040812f00f09e6
:10de480041fa08f81ffa88f71cd03946059209f0fc
:10de5800e5fe059a70b909f1ff395ffa89f90121e0
:10de6800295522f00f0249ea020986f80990aaf812
:10de7800027064e7b9f1070ff1d009f101095ffaff
:10de880089f9eee74ff00109ebe7fee7032300937a
:10de980034e6032c01d0054605e7022a8bbf054668
:08dea80005460646064628e780
:020000040000fa
:10deb000f0b583b0904b1b780b2b00f20e81dfe89e
:10dec00013f00c0049005d0077009400a500b60037
:10ded000e10000013701ae01b801874c874b636058
:10dee0000123a3600020e060206112232375607588
:10def000032106f0f3fda061b0f1ff3f03d17e4b9b
:10df00000b221a70e9e0211d10f00efa18b97a4bb5
:10df10000b221a70e1e000227949a0690ff06efc33
:10df20000125257011f062ff764c102276492046bb
:10df300010f022fe63699e6812f02efa0022294634
:10df400000680ff08ff801462046b0476f4810f088
:10df5000b5fec2e0402107200ef014ff18b9664b51
:10df60000b221a70b9e00ef047fd18b1624b022285
:10df70001a70b2e0604b0b221a70aee040200df038
:10df800015fd044640200df011fd812c05d082289e
:10df900003d0594b02221a709fe00ef02dfd18b1ec
:10dfa000554b03221a7098e0534b0b221a7094e0e1
:10dfb00078210a200ef0e6fe18b94f4b0b221a709a
:10dfc0008be00ef019fd18b94b4b0b221a7084e050
:10dfd000494b04221a704e4810f070fe4d4810f064
:10dfe0006dfe4d4810f06afe77e0022120200ef011
:10dff000c9fe002871d00ef0fffc18b13e4b05227f
:10e000001a706ae03c4b0b221a7066e0072121204f
:10e010000ef0b8fe002860d00ef0eefc18b1364bc2
:10e0200006221a7059e0344b0b221a7055e03b4c13
:10e0300021463b4811f096fb23781bb1312b05d0cc
:10e04000302b0bd0c8200ef05dfe46e0a4f1230378
:10e05000202283f8232007221a70f3e7264b202280
:10e0600083f82320c8200ef04dfebff34f8f2d49bb
:10e07000ca6802f4e0622c4b1343cb60bff34f8fae
:10e0800000bffde7012104200ef07cfe18b91a4bf9
:10e090000b221a7021e0012104200ef073fe18b942
:10e0a000154b0b221a7018e0022104200ef06afeb4
:10e0b00018b1114b08221a700fe00f4b0b221a7087
:10e0c0000be044200df072fc0b4b93f8283013f05a
:10e0d000040f04d102200ef015fe03b0f0bd10f0c5
:10e0e00076fe054c04f5af33d862104810f0e6fd1b
:10e0f00009232370eee700bf1000002000127a0011
:10e1000031f10100705c0220b05e0220ec410100a0
:10e110000c4201004442010074420100330000201f
:10e12000a842010000ed00e00400fa05ac42010045
:10e13000434bdb6a002b5ed0424b0422c3f89c2089
:10e1400041483c2380f82430002380f8253080f8b3
:10e15000203000f11c0301933c4b009300f12a0393
:10e16000012200f12401806903f0feff364a00bf5e
:10e1700092f82030002bfbd0314bda6aa2f59632b0
:10e18000da62334903f12b0c0024a646a1f5963739
:10e19000304e2314c3eb0313da010846734600bf65
:10e1a00002eb234537f8155020f8025b03f5c02336
:10e1b0000133b342f4d104f1011401f5207161453a
:10e1c000e7d1234806f086ff002886d0224d284656
:10e1d00011f0e6f9214c63695b69294620469847ae
:10e1e0001f4b1868036dd3f8383121469847164bfa
:10e1f0000a221a7071e71b4810f060fd174c636922
:10e200005b69194920469847154b1868036dd3f888
:10e210003831214698470c4b0a221a705de71348a3
:10e2200010f04cfd124810f049fd074b06221a7001
:10e2300053e7104810f042fd034b0a221a704ce7d6
:10e24000105e01200080004110000020012c010020
:10e250003b2c012040018007a05e0220705c022060
:10e26000dc5e0220cc4201005467022044420100df
:08e2700074420100f0420100bc
:020000040000fa
:10e278002de9f04f83b004460f4699460c9d161eb3
:10e2880014bf4ff004084ff003082b78002b72d10d
:10e298006b68082b0dd0102b29d04ff0010b0bfa0f
:10e2a80003fb0bf1ff3b0023019300296dd09a4635
:10e2b80049e0002969d009f1ff334f44013fff20ad
:10e2c80004e00246e2704444bb425ed001331a784f
:10e2d800a27062702270002ef5d02a69002af0d050
:10e2e8001a7869698a4214bfff220022eae70029e6
:10e2f8004bd000234ff0ff0c09f1010005e0624606
:10e30800e270013344449f423fd019f81320a270b1
:10e3180062702270002ef4d02a69002aefd019f812
:10e32800131010f8132002eb012269698a4214bf06
:10e33800ff220022e4e7ff20e07000bf0af1010a93
:10e348004444574521d06a68494601a810f066f848
:10e35800c0eb0023b3fbfbf3dbb2a3706370237045
:10e36800002eebd02b69002be5d06b69834214bfdc
:10e37800ff200020e0e7022b0ad0032b6dd0042bee
:10e3880000f0a080062b00f0ce8003b0bde8f08f2f
:10e398006b68082b08d00029f7d04b4601eb4107e2
:10e3a80009eb4709ff2743e00029eed04b4601eb74
:10e3b8004107b944ff2710e0aa69914201d03a46c3
:10e3c80006e0ea69624514bfff22002200e03a46ef
:10e3d800e270444403334b45d7d01a7822705978f9
:10e3e800617093f802c084f802c0002ef1d0286949
:10e3f8000028ecd068698242ded03a46e8e798788f
:10e4080093f803c00ceb002ca869844501d03a4668
:10e4180009e0597901eb0221ea69914214bfff2210
:10e42800002200e03a46e270444406339945acd0f5
:10e438001a7822709a7862701a79a270002ef3d036
:10e4480028690028eed0187893f801c00ceb002c4e
:10e4580068698445d3d03a46e5e70023019300294b
:10e4680093d0ca464f441ce0494601a80ff0d6ff96
:10e478001ce08200ab6813f820302370ab681344ab
:10e488005b786370ab6813449b78a3701eb1ab686c
:10e498001a44d378e37044440af1010a57453ff41b
:10e4a80074af6a68082adfd19af80000eb688342e3
:10e4b800dfd80023a37063702370002eebd0ff23f6
:10e4c800e370e8e76b68082b06d000293ff45dafde
:10e4d800002309f102011be000293ff456af002395
:10e4e80009f1010104e0013344449f423ff44daf78
:10e4f80019f81320a27062702270002ef3d011f860
:10e508001320e270efe7013344449f423ff43dafec
:10e5180019f82320a27062702270002ef3d011f82f
:10e528002320e270efe76b68082b06d000293ff440
:10e538002caf4b4609ebc1071be000293ff425af80
:10e548004b4609eb810704e0444404339f423ff4ff
:10e558001caf1a7822705a7862709a78a270002ece
:10e56800f2d0da78e270efe744440833bb423ff474
:10e578000caf1a7822709a7862701a79a270002efd
:08e58800f2d09a79e270efe78e
:020000040000fa
:10e590002de9f04f85b0002800f07e814568eb79c9
:10e5a000cf2b00f277810468002c00f07581d5f83c
:10e5b0000ca0baf1000f00f06f81ab780c202e8810
:10e5c000009300230099324606eb01091ffa89f7f0
:10e5d0004a451ddb4bb332464ff6ff774ff000083c
:10e5e000914542dcab794ff6ff78b5f804b0019362
:10e5f000002301995a465944029102998a4241db0b
:10e600004ff6ff73984501d09f424ad1002319e08d
:10e6100000fb02f11af80110852908bf3a4602f101
:10e62000010208bf012392b2d2e7a9790c27aa8878
:10e6300011441ffa81fe8a420adb002bcbd12278db
:10e64000d007c8d463810020237005b0bde8f08fe7
:10e6500007fb02f01af80000852808bf724602f195
:10e66000010208bf012392b2e5e71146504611f0be
:10e670007bfc002803dd4045c4bf174680460132bd
:10e6800092b2ade711465046039311f06dfc039b27
:10e69000002803dd9842c4bf90460346013292b27f
:10e6a000abe7be424cd84f454ada3b46009a31466a
:10e6b00050460cf04ffc8146c34544d8029b984518
:10e6c00041da4346019a594650460cf043fc48440f
:10e6d00080b2237813f0010205d020b1b4f80a907b
:10e6e0004844c0f34e006b89608183424ff00003c1
:10e6f000a9d8dff8a89102b9012389f80c3099f85c
:10e700000c30002b61d195f8099019f003030293a6
:10e710001bd13b46009a3146284606f057fd43463a
:10e72000019a59466080284606f050fde0806e7ad6
:10e73000618816f0100667d000200df0bdfd64e082
:10e740004ff00009b8e70020c3e731463b46009a86
:10e75000284606f03bfd4346019a5946b4f802901c
:10e76000b4f806a00646284606f030fd029909ebeb
:10e770000602012992b20aeb00039bb212d102eb0e
:10e78000460203eb400392b2b1459bb217d202326c
:10e7900092b2824516d202339bb292089b086280e5
:10e7a000e380c4e7029902290bbf520002eb490241
:10e7b0005b0003eb4a030cbf92b292b2e4e7e8d9e4
:10e7c000013ae5e7e9d9013be6e73b46009a3146e5
:10e7d000284606f0fbfc4346019a594660802846cd
:10e7e00006f0f4fc6388a380e0802081a9f8003063
:10e7f000a9f80230a9f804308123a9f80600a9f885
:10e800000800a9f80a001ee70846a288237890426b
:10e810001ed2190703d4297a121a8a4212dd8b27d5
:10e82000a080e18806bb084623892278984224d23a
:10e83000960603d4297a1b1a8b4219dd208147f0f2
:10e84000220300e703f0040363f07e03dfb2e8e78e
:10e850005f0703d4297a821a8a4202dda0808727c3
:10e86000dfe703f00803efe701200df025fddbe70c
:10e8700002f0100242ea0703e5e6d10603d4297a42
:10e88000c31a8b4203dd208147f01203dbe602f05e
:10e890002002efe70220d8e60b20d6e6ce5e02206b
:020000040000fa
:10e8a0002de9f041aeb006461546059100270599c1
:10e8b0000b78002b00f0fa8000244ff0ff33cde9f5
:10e8c00009430eab0c9380230b940d930b5d0bb19e
:10e8d000252b26d134b1224630460ef0b3fc059be1
:10e8e00023440593059b1a78252a40f0d78003f12d
:10e8f0000108cdf81480059803782b2b1ad025d861
:10e90000202b1bd0232b1dd02a2b27d00df0cbfd85
:10e910000b90059b1a78303a092a2ed801330593bb
:10e92000f7e70134d2e7099b43f001030130099373
:10e930000590e0e7099b43f00403f7e7099b43f0e8
:10e940000803f3e7099b43f01003efe72d2bead010
:10e95000302bd9d1099b43f00203e7e72b681a1d3e
:10e960001b682a600130002b05900b9305da099a89
:10e970005b4282f0010209920b93099bda0744bfc4
:10e9800023f002030993059b1a782e2a0dd1002249
:10e99000581c0a9205905a782a2a25d102330593e9
:10e9a0002b681a1d1b682a600a9305a80ef00efc3e
:10e9b000059b0390187811f012fc6928039979d00f
:10e9c00032dc632800f0cb8019dc252800f0d980e8
:10e9d000612853d000234ff0ff32cdf81480099303
:10e9e0000b930a920093d4e00df05dfd0a90059b15
:10e9f0001a78303a092ad8d801330593f7e7642802
:10ea000058d06728e6dc2a4606a80ff04afd002801
:10ea100000f0a180059b5a1c05921b7806aa09a943
:10ea2000304611f093fd38e0702873d015dc6e2865
:10ea300000f08c806f28cdd12b46002206a808f06c
:10ea400005f9002800f08780059b06aa013309a973
:10ea50003046059311f078fd1fe075283ad07828ec
:10ea600048d07328b6d1802975d1059b2a68013317
:10ea70000593131d2b60126800237de02a4606a82b
:10ea80000ff00ffd002866d0059b5a1c05921b78dd
:10ea900006aa09a9304611f059fd04443c44a74296
:10eaa0007add3e4b4f221a604ff0ff3738462eb0ca
:10eab000bde8f0812b46012206a808f0c7f800281f
:10eac00049d0059b06aa013309a93046059311f0e8
:10ead0003bfde2e72b46002206a808f0b7f8002825
:10eae00039d0059b06aa013309a9304605930cf0dd
:10eaf00036fbd2e72b46002206a808f0a7f850b351
:10eb0000059b5a1c05921b7806aa09a9304605f0f8
:10eb100095fcc2e72b460022f02106a808f096f8e3
:10eb2000c8b1059b01330593dde9062313430bd1df
:10eb30001b4810f05dff099b009319490b9b02468f
:10eb4000304609f0e7fea8e77823dde72b463a19bf
:10eb500006a80af0dff8059b013305939ee780299c
:10eb6000f9d1059b013305932b681a1d1b682a6098
:10eb70008df8183006aa012309a930460cf016fac0
:10eb80008be78029e7d1059b01330593099b00930f
:10eb90000b9b04490122d3e7274688e62460022024
:08eba00020040200260402001b
:020000040000fa
:10eba8002de9f04f8bb0149ce51d0495ed080595f3
:10ebb80002fb04f2073206920293002b00f04e810a
:10ebc8004fead209824609f10103039301eb0903d5
:10ebd8004f19002294463ae0049a072a0ad9a3eb6f
:10ebe80009020af1ff3100bf12f8010f01f8010f05
:10ebf800ba42f9d1059a4a451ed2a2eb0901194435
:10ec08000af1ff34501e504411f8012f14f8015f27
:10ec18002a4400f8012f9942f6d10de0069a072af6
:10ec28000ad9a3eb09020af1ff3100bf12f8010f5c
:10ec380001f8010f9a42f9d10cf1010cca44039a68
:10ec480013441744019a0299614500f00b81cdf8ed
:10ec580004a0c9f10001c95c042900f2018101a0e6
:10ec680050f821f025ec0000e1eb000081ec0000f9
:10ec7800c7ec00006bed000092b106990729dbd9bb
:10ec8800a3eb0900013a0af1ff3400bf10f8011f95
:10ec980012f8015f294404f8011f9842f6d1cbe726
:10eca800069a072ac8d9a3eb09020af1ff3100bf67
:10ecb80012f8010f01f8010f9a42f9d1bce75ab3d3
:10ecc800049907290ed9a3eb0900551e0af1ff3450
:10ecd80015f8016f10f8011f01eb560104f8011f28
:10ece800b842f5d105994945a6d24d1ea1eb0904b4
:10ecf8001c440af1ff362a44554400bf16f8011f88
:10ed080012f8010f084414f8011f01eb600105f81f
:10ed1800011f9c42f2d18fe7049a072a0ad9a3eb74
:10ed280009020af1ff3100bf12f8010f01f8010fc3
:10ed3800ba42f9d1059a4a45bff47eafa2eb090160
:10ed480019440af1ff34501e504400bf14f8015f03
:10ed580011f8012f02eb550200f8012f9942f5d165
:10ed68006ae742b3049907290dd9a3eb0900551e98
:10ed78000af1ff3410f8011f15f8016f314404f847
:10ed8800011fb842f6d105994945bff455af01f1c5
:10ed9800ff3ba1eb090898440af1ff3102eb0b0095
:10eda800013ad344cdf81c90cdf820c08946cdf85f
:10edb80024a082462ae0049a072a09d9a3eb09026b
:10edc8000af1ff3112f8010f01f8010fba42f9d127
:10edd800059a4a45bff430afa2eb090119440af17c
:10ede800ff34501e504400bf11f8012f14f8015f82
:10edf8002a4400f8012f9942f6d11de7a042d8bf56
:10ee0800754665440bf8015f984520d018f801cf86
:10ee180019f801ef1af8015f12f8016fa81b002812
:10ee2800b8bf404200b2aeeb0604002cb8bf644243
:10ee380024b205eb0e01a1eb46010029b8bf4942f7
:10ee480009b28842dadd8c42d8dd3546d9e7ddf8eb
:10ee58001c90ddf820c0ddf824a0ede6029802e061
:0cee6800242000e000200bb0bde8f08f7b
:020000040000fa
:10ee7400cf000000cf000000ff0000008000000071
:10ee84004000000000000000e100000080000000dd
:10ee9400ff000000e1000000cf00000000000000bf
:10eea40012000000ff000000e100000091000000db
:10eeb400ba000000ba000000ff0000009200000049
:10eec4004900000000000000db0000009200000088
:10eed400ff000000db000000ba000000000000009a
:10eee40003000000ff000000db00000092000000af
:10eef4007ac600007ac60000ffff000010840000fc
:10ef040008420000000000001cd70000108400002c
:10ef1400ffff00001cd700007ac6000000000000bc
:10ef24001f000000ffff00001cd70000928c0000af
:10ef340075c6000075c60000ffff000021840000b4
:10ef4400114200000100000039d7000021840000b4
:10ef5400ffff000039d7000075c600000100000063
:10ef64003f000000ffff000039d70000a58c00001f
:10ef7400d4d0c800d4d0c800ffffff008080800038
:10ef84004040400000000000e7e3d600808080009d
:10ef9400ffffff00e7e3d600d4d0c8000000000064
:10efa400ff000000ffffff00e7e3d60094928c000f
:10efb400ffd4d0c8ffd4d0c8ffffffffff808080fc
:10efc400ff404040ff000000ffe7e3d6ff80808061
:10efd400ffffffffffe7e3d6ffd4d0c8ff00000028
:10efe400ffff0000ffffffffffe7e3d6ff94928cd3
:10eff400d4d0c8ffd4d0c8ffffffffff808080ffbc
:10f00400404040ff000000ffe7e3d6ff808080ff20
:10f01400ffffffffe7e3d6ffd4d0c8ff000000ffe7
:10f02400ff0000ffffffffffe7e3d6ff94928cff92
:10f0340000000000000000000000000000000000cc
:10f0440000000000000000000000000000000000bc
:10f0540000000000000000000000000000000000ac
:10f06400000000000000000000000000000000009c
:10f07400000000000000000000000000000000008c
:10f08400000000000000000000000000000000007c
:10f09400000000000000000000000000000000006c
:10f0a400000000000000000000000000000000005c
:10f0b400000000000000000000000000000000004c
:10f0c400000000000000000000000000000000003c
:10f0d400000000000000000000000000000000002c
:10f0e400000000000000000000000000000000001c
:10f0f400010000000000000000000000000000000b
:10f1040000000000000000000000000000000000fb
:10f1140000000000000000000000000000000000eb
:10f1240000000000000000000000000000000000db
:08f134000000000000000000d3
:020000040000fa
:10f13c0012000000cf000000ff0000008000000063
:10f14c004000000012000000e10000008000000000
:10f15c00ff000000e1000000cf00000012000000e2
:10f16c0012000000ff000000e10000009100000010
:10f17c0003000000ba000000ff0000009200000035
:10f18c004900000003000000db00000092000000ba
:10f19c00ff000000db000000ba00000003000000cc
:10f1ac0003000000ff000000db00000092000000e4
:10f1bc001f0000007ac60000ffff00001084000052
:10f1cc00084200001f0000001cd700001084000043
:10f1dc00ffff00001cd700007ac600001f000000d3
:10f1ec001f000000ffff00001cd70000928c0000e5
:10f1fc003f00000075c60000ffff000021840000e6
:10f20c00114200003f00000039d7000021840000ab
:10f21c00ffff000039d7000075c600003f0000005a
:10f22c003f000000ffff000039d70000a58c000054
:10f23c00ff000000d4d0c800ffffff0080808000da
:10f24c0040404000ff000000e7e3d60080808000d3
:10f25c00ffffff00e7e3d600d4d0c800ff0000009a
:10f26c00ff000000ffffff00e7e3d60094928c0044
:10f27c00ffff0000ffd4d0c8ffffffffff8080809e
:10f28c00ff404040ffff0000ffe7e3d6ff80808097
:10f29c00ffffffffffe7e3d6ffd4d0c8ffff00005e
:10f2ac00ffff0000ffffffffffe7e3d6ff94928c08
:10f2bc00ff0000ffd4d0c8ffffffffff808080ff5e
:10f2cc00404040ffff0000ffe7e3d6ff808080ff57
:10f2dc00ffffffffe7e3d6ffd4d0c8ffff0000ff1e
:10f2ec00ff0000ffffffffffe7e3d6ff94928cffc8
:10f2fc000000000000000000000000000000000002
:10f30c0000000000000000000000000000000000f1
:10f31c0000000000000000000000000000000000e1
:10f32c0000000000000000000000000000000000d1
:10f33c0000000000000000000000000000000000c1
:10f34c0000000000000000000000000000000000b1
:10f35c0000000000000000000000000000000000a1
:10f36c000000000000000000000000000000000091
:10f37c000c000000fc0000000f0000000800000062
:10f38c00ed0000000c000000fe0000000800000072
:10f39c000f000000fe000000fc0000000c0000004c
:10f3ac000c0000000f000000fe000000f600000042
:10f3bc000000000000000000000000000000000041
:10f3cc000000000000000000000000000000000031
:10f3dc000000000000000000000000000000000021
:10f3ec000000000000000000000000000000000011
:08f3fc00000000000000000009
:020000040000fa
:10f40400ff000000cf000000ff00000080000000ab
:10f4140040000000ff000000e10000008000000048
:10f42400ff000000e1000000cf0000000000000029
:10f4340012000000ff000000e10000009100000045
:10f44400ff000000ba000000ff000000920000006e
:10f4540049000000ff000000db00000092000000f3
:10f46400ff000000db000000ba0000000000000004
:10f4740003000000ff000000db0000009200000019
:10f48400ffff00007ac60000ffff000010840000a8
:10f4940008420000ffff00001cd700001084000099
:10f4a400ffff00001cd700007ac600000000000027
:10f4b4001f000000ffff00001cd70000928c00001a
:10f4c400ffff000075c60000ffff0000218400005c
:10f4d40011420000ffff000039d700002184000022
:10f4e400ffff000039d7000075c6000001000000ce
:10f4f4003f000000ffff000039d70000a58c00008a
:10f50400ffffff00d4d0c800ffffff008080800011
:10f5140040404000ffffff00e7e3d600808080000a
:10f52400ffffff00e7e3d600d4d0c80000000000ce
:10f53400ff000000ffffff00e7e3d60094928c0079
:10f54400ffffffffffd4d0c8ffffffffff808080d5
:10f55400ff404040ffffffffffe7e3d6ff808080ce
:10f56400ffffffffffe7e3d6ffd4d0c8ff00000092
:10f57400ffff0000ffffffffffe7e3d6ff94928c3d
:10f58400ffffffffd4d0c8ffffffffff808080ff95
:10f59400404040ffffffffffe7e3d6ff808080ff8e
:10f5a400ffffffffe7e3d6ffd4d0c8ff000000ff52
:10f5b400ff0000ffffffffffe7e3d6ff94928cfffd
:10f5c4000000000000000000000000000000000037
:10f5d4000000000000000000000000000000000027
:10f5e4000000000000000000000000000000000017
:10f5f4000000000000000000000000000000000007
:10f6040000000000000000000000000000000000f6
:10f6140000000000000000000000000000000000e6
:10f6240000000000000000000000000000000000d6
:10f6340000000000000000000000000000000000c6
:10f644000f000000fc0000000f0000000800000094
:10f65400ed0000000f000000fe00000008000000a4
:10f664000f000000fe000000fc000000000000008d
:10f674000c0000000f000000fe000000f600000077
:10f684000000000000000000000000000000000076
:10f694000000000000000000000000000000000066
:10f6a4000000000000000000000000000000000056
:10f6b4000000000000000000000000000000000046
:08f6c40000000000000000003e
:020000040000fa
:10f6cc002de9f04f099f154604468e461e46002b29
:10f6dc0040f0cc808a42b2fa82fc4cd9bcf1000fcb
:10f6ec000bd0ccf1200801fa0cfe20fa08f802fa33
:10f6fc000cf548ea0e0e00fa0cf44fea15491ffa05
:10f70c0085f8befbf9fa210c09fb1ae30afb08fb8e
:10f71c0041ea03439b452ad9eb180af1ff3004d286
:10f72c009b4502d9aaf102002b44a3eb0b03a4b214
:10f73c00b3fbf9f209fb123302fb08f844ea034469
:10f74c00a04516d92c1902f1ff3303d2a04501d9db
:10f75c00931e2c44a4eb080443ea004027b124fa7e
:10f76c000cf400233c607b603146bde8f08f5046c2
:10f77c00dbe71346eee702b9ffdebcf1000f2ed13a
:10f78c008b1a01264fea154eaab2b3fbfef8210cd8
:10f79c000efb183308fb02f941ea0343994561d982
:10f7ac00eb1808f1ff3004d2994502d9a8f10200f8
:10f7bc002b44a3eb0903a4b2b3fbfef10efb1133f4
:10f7cc004a4344ea0344a2424ed92c1901f1ff33b7
:10f7dc0003d2a24201d98b1e2c44a41abce7ccf153
:10f7ec00200e02fa0cf521fa0ef901fa0cf320faac
:10f7fc000efe4eea03034fea154800fa0cf4b9fb6f
:10f80c00f8f11ffa85fe08fb1192180c01fb0ef69d
:10f81c0040ea0242964221d9aa1801f1ff3003d2e4
:10f82c00964201d9881e2a44921b9bb2b2fbf8f96e
:10f83c0008fb192209fb0efe43ea02439e450fd931
:10f84c00eb1809f1ff3604d29e4502d9a9f1020644
:10f85c002b44a3eb0e0346ea004693e70846e3e786
:10f86c004e46f6e74046a4e70b46b6e78b4206d970
:10f87c00002f7ed00026c7e90001304674e7b3faaa
:10f88c0083fcbcf1000f0fd18b4201d3824209d80b
:10f89c00841a61eb030e0120002f6dd0c7e9004ed6
:10f8ac00002661e76046f7e7ccf1200e03fa0cf373
:10f8bc0022fa0ef521fa0ef41d4301fa0cf320fa8c
:10f8cc000ef10b434fea154a00fa0cf6b4fbfaf9a9
:10f8dc001ffa85f80afb19401c0c09fb08f144ead5
:10f8ec000044a14202fa0cf23fd92c1909f1ff3065
:10f8fc0004d2a14202d9a9f102002c44641a9bb291
:10f90c00b4fbfaf90afb194409fb08f843ea044171
:10f91c0088452cd9691809f1ff3304d2884502d9de
:10f92c00a9f10203294443ea0040a1eb0801a0fb22
:10f93c0002894945c2464c4602d306d1464504d2fb
:10f94c00b8eb020a69eb05040138afb1b6eb0a0358
:10f95c0061eb040606fa0efe23fa0cf34eea0303df
:10f96c0026fa0cf6c7e900369ae74846c6e74b4636
:0cf97c00d9e73e463846f7e63e46f5e681
:020000040000fa
:10f988002de9f0439db00446894690461e46b0f9dd
:10f9980004500dab0068616803c37708b9b2bdf8bd
:10f9a8003420521aadf83420bdf836305b1aadf861
:10f9b8003630b3b25a19adf83820bdf83a2013449e
:10f9c800adf83a300da80ff07fff012800f01f8135
:10f9d8000fab2068616803c3b8f1000f00f01a810b
:10f9e8000eb9002017e105ebd5756d1006aa414642
:10f9f800484602f081f8012e18d916f0010f57d0a9
:10fa08007b1c2b445a421592169217931893013b6c
:10fa180007ee903af8eee77acded147aed1b07ee93
:10fa2800905af8ee677acded137a0ce06b42159395
:10fa380016931795189507ee905af8eee77acdeddc
:10fa4800147acded137ab4f900301193b4f9023079
:10fa58001293259b1a93279b1b93069b13b39df820
:10fa68002430012b39d09df82530012b3bd09df84f
:10fa78002630012b3dd09df82730012b3fd0069b27
:10fa8800022b0fd19df83030012b3ed09df831303c
:10fa9800012b40d09df83230012b42d09df83330f5
:10faa800012b44d09df89030012b46d00020b2e0c5
:10fab8007b195a421592169217931893013b07ee39
:10fac800903af8ee677acded147aed1b07ee905a6e
:10fad800f8ee677acded137ab5e7089a07990fa87b
:10fae80004f0bcf9bfe7089a07990fa804f0e4faf4
:10faf800bde7089a07990fa803f0aafebbe7089a82
:10fb080007990fa804f076f8b9e70b9a0a990fa895
:10fb180004f0a4f9bae70b9a0a990fa804f0ccfaf2
:10fb2800b8e70b9a0a990fa803f092feb6e70b9a6a
:10fb38000a990fa804f05ef8b4e7b4f9040000ebe2
:10fb4800d070401002aa494601300ef003ff039a14
:10fb5800514203916588b4f9063003ebd373c3f3bc
:10fb68004f03c6f38f062288921b02980244b4f909
:10fb7800040000ebd07002eb6002adf81020aa1b65
:10fb88000a441344adf812303db2adf81450adf844
:10fb98001650279b0093259b1a46394604a808f05f
:10fba8007affb4f9040000ebd070401002aa08eb09
:10fbb800090101300ef0cefe039bc3f1000ccdf815
:10fbc8000cc06188b4f9063003ebd373c3f34f0359
:10fbd8002288921b02980244b4f9040000ebd0700a
:10fbe80002eb6002adf810208e1b66441e44adf88f
:10fbf8001260adf81450adf81650279b0093259b62
:10fc08001a46394604a808f046ff002003e04ff0e2
:0cfc1800ff3000e000201db0bde8f083cc
:020000040000fa
:10fc24002de9f04786b004460d46164698469700df
:10fc340038460ff00bfaa060002800f0e2805eb1b5
:10fc44002b1f03eb070cc5f10401ca18a06853f875
:10fc5400045f85509c45f8d12661c4f80c800023cc
:10fc640000930293019303930593049338460ff092
:10fc7400edf96060002814bf00255325e76807f1fb
:10fc84000108019e4fea880168460df0ecff002848
:10fc940000f0b980cdf80480b04508d9002200e016
:10fca4001e46009b43f82620731cb742f8d1e76830
:10fcb40007f10108049e4fea880103a80df0d3ff61
:10fcc400002800f0b180cdf81080b04508d900229a
:10fcd40000e01e46039b43f82620731cb742f8d16c
:10fce400002d40f0918023696bb12b46a26852f835
:10fcf4002300009951f82020013241f820200133db
:10fd040022699342f2d1e36873b129460122039830
:10fd1400009b5b58465833445b0040f82230013264
:10fd24000431e3689a42f2d92369002b7ed02b4632
:10fd340003e001332269934278d0a26852f8232069
:10fd4400002af6d0039850f822104e1c40f8226086
:10fd5400626842f82310ece71d4661e049f823c0cd
:10fd6400724600e0921b0131a36853f80080884575
:10fd740023d0666808f1ff33a3eb0109335823fa53
:10fd840009f303f00103002a2fdb266902f10209bb
:10fd9400b1452cd803eb4203d4f8009059f8232042
:10fda40047f6ff7a5245ddd14a1c4245d6d0013789
:10fdb4003e4449f823603a46d5e70cf1010c236927
:10fdc4009c455dd35b0018d02b4647f6ff70002698
:10fdd400226852f82310814208bf42f8236001339d
:10fde4002269b3eb420ff3d31ae0372518e0372525
:10fdf40016e0372514e0372512e01d4610e05325a0
:10fe04000ee053250ce0532500240294019400983d
:10fe14000bf002fd00940594049403980bf0fcfc91
:10fe2400284606b0bde8f0875325ede70026029684
:10fe3400019600980bf0f0fc009605960496039842
:10fe44000bf0eafc03962069c0000ff0fff8206075
:10fe54000028d4d023695b000ad02b4647f6ff71f3
:10fe6400226842f8231001332269b3eb420ff7d31f
:10fe74002369002b3ff470af2a462f46ac46ae46aa
:10fe84004fea8c00a36853f82c80b8f1000f94d08b
:10fe9400616808f1ff3351f82c1021fa03f303f0e1
:10fea4000103002aa5db2669911cb142a3d8294687
:04feb40070e700bf34
:020000040000fa
:10feb8007a4b1b78012b00f0ed80f0b583b00ff082
:10fec80069ff774d28600368db6a4ff4a0724ff42e
:10fed800f071984728680368d3f8b0300021984734
:10fee8002868036800240094d3f8c8602346224693
:10fef8002146b0472a68536943f0300353610ff035
:10ff080049ff684e306003685b692246214698477e
:10ff180030680368db6a4ff4a0724ff4f0719847b9
:10ff28003068614f0368d3f8a0303946984728688d
:10ff38000368db6e316898470ff018ff5b4e30603e
:10ff4800036d5b690522114698473068036ddb6acb
:10ff58001c22782198473068036dd3f8b0302146c9
:10ff680098473068036dd3f8a83021469847306821
:10ff7800036dd3f838314e49984728680368db6e1b
:10ff8800316898470ff0d1ff4a4e3060036d5b69c6
:10ff980033226f2198473068036ddb6a28224ff4bb
:10ffa800807198473068036dd3f8a030424998476c
:10ffb8003068036dd3f8b030214698473068036d38
:10ffc800d3f8b830012198473068036dd3f8383139
:10ffd8003a49984728680368db6e316898470ff0fc
:10ffe800a4ff374e3060036d5b69c3221e2198471a
:10fff8003068036ddb6a2822732198473068036de7
:020000040001f9
:10000800d3f8a030394698473068036dd3f8b0303c
:10001800214698473068036dd3f838312949984705
:1000280028680368db6e316898470ff07eff264e1c
:100038003060036d5b69c322962198473068036d71
:10004800db6a28224ff4967198473068036dd3f81d
:10005800b030214698473068036dd3f8b830012195
:1000680098473068036dd3f838311849984728689d
:100078000368db6e31689847214628680cf0dcfa83
:10008800022120460bf026fb044b01221a70204661
:1000980003b0f0bd4ff0ff30704700bfd95f0220ba
:1000a800e45f02204c5e022004f40000dc5f0220c2
:1000b800e8650220e05f02203cf10000505d02206c
:1000c800ec5e0220345d0220dc5e0220185d022016
:020000040000fa
:020000040001f9
:1000d8002de9f04194b004460d4617461e460aa87d
:1000e8000ff098ff804b1b7a002b40f0ee80f42233
:1000f80000217d480ff0bcfe0023adf84830adf874
:100108004a306369adf84c30a369adf84e302946e2
:1001180012a80bf08ffa002800f0da8010aa2946fe
:1001280012a80af088f8adf83870adf83a60bdf852
:100138004430adf83c30bdf84630adf83e300cab3d
:1001480010aa0aa90ea805f0c1fdbdf94430002b7c
:1001580040f3c180bdf94630002b40f3bf80624dab
:100168002b4643f80c4b10aa92e8030083e80300df
:1001780005f114030caa92e8030083e803001a9b14
:10018800c5f89c300ff094fb68722368a3b9237bf1
:1001980093b9e36a13f0100f02d0237c834242d054
:1001a800514a114651f80c0b1a9b1432103002f0c8
:1001b800ddfe002800f095804b480ef06dfcb0f194
:1001c800ff3f2dd048480ff0b3fdb0f1ff3f27d0d7
:1001d80045480ef0a9feb0f1ff3f21d042480ff08c
:1001e800c3fcb0f1ff3f1bd03f480df0e9ffb0f171
:1001f800ff3f15d03c480ef0a3f9b0f1ff3f0fd0f8
:1002080039480ef0ecfab0f1ff3f09d036480ef04d
:10021800ebfeb0f1ff3f03d0334b01221a720020ee
:1002280014b0bde8f0812c462d6805f1100801a82e
:100238000ff034f90ef028ffc36806930ef024ff80
:10024800436804930ef020ff836805930ef01cffab
:1002580003788df80c300ef017ff036907930ef042
:1002680013ff436908932a7c204b03eb4213b4f92c
:1002780010201f6807fb02f7b4f91230002b21ddac
:10028800002500bfb4f90e202a44b4f90c104046ea
:100298000cf030fe0646b4f91620bdf90630d21a25
:1002a800b4f91410bdf904302a44c91a03a80cf093
:1002b80021fe3a4631460ff08bf90135b4f9123078
:1002c8009d42dfdb4ff0ff30aae74ff0ff30a7e792
:1002d8004ff0ff30a4e74ff0ff30a1e74ff0ff30b9
:1002e8009ee74ff0ff309be7a05302204c27010008
:020000040000fa
:020000040001f9
:1002f8002de9f04f89b0129f139cadf81830adf876
:100308001a704d88adf81c508d88adf81e50002825
:1003180000f0e280002a00f0e280002c00f0e28089
:100328001d460392009106a80ff0cefa012800f0ae
:10033800dc8004a906a80ff075febdf91020aa42ba
:10034800ccbf531b00230293009bb3f9020001901a
:100358004119bdf914301344994202dd5b1a18445f
:100368000190227a664b03eb42135b68202b10d076
:10037800102b4bd0d4f80ca0bdf912b0bdf91a302f
:10038800abeb030bbdf91630002b40f3b6805f448e
:1003980083e0d4f80ca0bdf912b0bdf91a30abeb6c
:1003a800030bbdf91630002b40f3a38007eb0b08b5
:1003b8000ee000bf0bf1010b08f10108bdf9123086
:1003c800bdf91a209b1abdf9162013445b451bdda5
:1003d800009bde890bfb06f6029b01998b42e9da4a
:1003e8009c19039b1c449946cf183744a5eb090078
:1003f800801b204414f8013b5af8232041460df095
:1004080023fdbc42f2d1d5e700206fe0d4f80c9070
:10041800bdf912a0bdf91a30aaeb030abdf91630ce
:10042800002b68dd07eb0a0b009bde890afb06f64a
:10043800029b01998b4212da9c19039b1c44984633
:10044800cf183744a5eb0800801b204414f8013b63
:1004580039f8132059460df0f7fca742f2d10af1fa
:10046800010a0bf1010bbdf91230bdf91a209b1ad4
:10047800bdf9162013445345d6dc002036e000bff2
:100488000bf1010b0137bdf91230bdf91a209b1a87
:10049800bdf9162013445b451cdd009bde890bfb70
:1004a80006f6029b01998b42eada9c19039b1c44cd
:1004b800994601eb0308b044a5eb0900801b2044d2
:1004c80014f8013b1af8032039460df0bdfc4445e9
:1004d800f2d1d5e7002009e04ff0ff3006e04ff0f9
:1004e800ff3003e04ff0ff3000e0002009b0bde826
:1004f800f08f0020fae70020f8e70020f6e700bfb9
:04050800ac2801001a
:020000040000fa
:020000040001f9
:10050c002de9f04188b00e9d814e367a002e40f0d8
:10051c00e380002a00f0e380022a03d1047c062c3d
:10052c0000f2e080984616460c460746f42200215d
:10053c0077480ff09bfc0023adf81830adf81a305b
:10054c007b69adf81c30bb69adf81e30214606a89e
:10055c000bf06ef8002800f0c88004aa214606a80b
:10056c0009f067fe002d00f0c3800023adf80830c1
:10057c00adf80a30bdf81430adf80c30bdf81630bb
:10058c00adf80e3002a90b46424603c905f0c4fd76
:10059c009df83c30012b63d02b68002b00f0ab8016
:1005ac002d685b4a556000239382d3826b69138359
:1005bc00ab6953836b6a002b00f0a080bdf914204b
:1005cc00002a40f39e80bdf916c0bcf1000f40f329
:1005dc009b804f4c062323720123a372234643f8be
:1005ec000c7b04a903c983e80300c4f83480b4f974
:1005fc000c3002ebd27203eb6202a263b4f90e3040
:10060c000cebdc7c03eb6c03e3636b6903ebd373e4
:10061c005b102364ab6903ebd3735b10636484f8e6
:10062c00a8602b7c637220460ef046fab0f1ff3fb7
:10063c004fd0012e26d036480ef01afab0f1ff3ffb
:10064c0047d033480ff072fbb0f1ff3f41d0022e80
:10065c0024d12f480ef0b6fcb0f1ff3f24d138e086
:10066c003a7cbdf90e10bdf90c0009f0b7f9286001
:10067c00436900210191826900920a46103006f00c
:10068c007dfe8de720460ef08dfcb0f1ff3f20d0b3
:10069c001f480ff04bfbb0f1ff3f1ad01c480ef077
:1006ac0041fcb0f1ff3f14d019480df047ffb0f1f9
:1006bc00ff3f0ed016480ef090f8b0f1ff3f08d077
:1006cc0013480ef09ffcb0f1ff3f4ff0ff3018bf06
:1006dc00002008b0bde8f0814ff0ff30f9e74ff093
:1006ec00ff30f6e74ff0ff30f3e74ff0ff30f0e765
:1006fc004ff0ff30ede74ff0ff30eae74ff0ff30ff
:10070c00e7e74ff0ff30e4e74ff0ff30e1e700bfe1
:04071c00a0530220c4
:020000040000fa
:020000040001f9
:100720002de9f0438bb00646894615461f466846bc
:100730000ff074fc774b1b7a002b40f0d980002d12
:1007400000f0d980022d03d1337c062b00f2d68035
:10075000f42200216f480ff08ffb0023adf820300a
:10076000adf822307369adf82430b369adf82630a6
:10077000494608a80af062ff002800f0c2800df187
:10078000180808ac42464946204609f058fd98e84a
:10079000030084e80300bdf82020129b1344adf849
:1007a0002030bdf82220139b1344adf8223004ab57
:1007b0003a4694e8030005f0b5fcbdf9263003eb9a
:1007c000d372bdf8223003eb62039bb2bdf9242043
:1007d00002ebd271bdf8202002eb6102bdf91410ca
:1007e00001ebd171a2eb6102adf81020bdf916202a
:1007f00002ebd272a3eb6203adf8123002aa694693
:1008000004a809f01cfdbdf90c30002b7cddbdf9fe
:100810000e30002b7bdd3f4c07232372266084f8cb
:10082000a85004f10c030aaa12e9030083e80300ac
:1008300004f1140302aa92e8030083e803000023f2
:100840002362e36167630ff037f86072149bc4f8aa
:100850009c300123a37220460ef034f9b0f1ff3f23
:1008600043d0012d14d02b480ef008f9b0f1ff3f12
:100870003bd028480ff060fab0f1ff3f35d0022d91
:1008800012d124480ef0a4fbb0f1ff3f12d12ce0ae
:1008900020460ef08dfbb0f1ff3f26d01d480ff033
:1008a0004bfab0f1ff3f20d01a480ef041fbb0f1f7
:1008b000ff3f1ad017480ff05bf9b0f1ff3f14d09b
:1008c00014480df041feb0f1ff3f0ed011480df07d
:1008d0008affb0f1ff3f08d00e480ef089fbb0f15f
:1008e000ff3f4ff0ff3018bf00200bb0bde8f08392
:1008f0004ff0ff30f9e74ff0ff30f6e74ff0ff30f1
:10090000f3e74ff0ff30f0e74ff0ff30ede74ff047
:08091000ff30eae7a0530220ca
:020000040000fa
:020000040001f9
:100918002de9f7430025714c29460ff0dbfb704f9a
:10092800a946a846238865f3410323800ff0d2fb2c
:100938000c250ff0cffb3b685b6845432b445b6895
:10094800a3620ff0c7fb3e6873685a195b5963626c
:1009580006235843b3681c181e5ca488b60744bf16
:1009680005261e541b5c5f4e13f01c0f11bf44f488
:100978007c14907a5c4b03eb1013107a01bf1b7a3e
:1009880063f313441b0963f315540ff0a3fb534b94
:100998003a289bbf0430da7ada7a60f3050288bf16
:1009a80042f03f02da720ff095fb4c4bdc610ff01e
:1009b80091fb3b6872685b682b44db7a12b1042bad
:1009c80028bf0423454c63f30308022363f3c409d7
:1009d800042363f30a290ff07dfba4f806900ff0b7
:1009e80079fb6ff3061884f80a804ff000083b681b
:1009f8005b682b44587a00090ff06cfba36960f31d
:100a08001653a3613b685b681d446b7a63f30a2144
:100a180041f040016ff3c71141f4004141f0040176
:100a28000ff058fb072389b2218084f82e300ff08d
:100a380051fb238843f00203238086f808800ff0d7
:100a480049fb7368002b38d00ff044fbe07a00f0c4
:100a58003f000ff03ffba169c1f303210ff03afb00
:100a680027880ff037fb2388c7f3022768f3410371
:100a780023800ff02ffba5780ff02cfb45f0120513
:100a8800edb2a5700ff026fb184ba57a1a68edb2e7
:100a9800137843f0080313700ff01cfba37a3a464f
:100aa80068f30303a372124b00957568a8470ff00b
:100ab80011fb238843f0020323800ff00bfb074a46
:100ac800237d43f00203237592f82f30db0702d40d
:100ad800337a012bf8d103b0bde8f083001c004342
:100ae80008000020a45d0220bae0010000000020f8
:040af8000a1c004391
:020000040000fa
:020000040001f9
:100afc006c4b42f202625a611a46136913f0010ff1
:100b0c00fbd0694b00221a7403f50063674a5a62e2
:100b1c001a46536813f0080ffbd1654b654a1a63ec
:100b2c001a46536813f0400ffbd1614b4122c3f8b6
:100b3c0084201a46d2f8843013f0400ffad0594b67
:100b4c0000229a6377225a631a46d36b13f0040f70
:100b5c00fbd1544b022283f830201a46d36b13f08e
:100b6c00020ffbd14f4a136c03f00303032bfad192
:100b7c004f4b4122c3f888201a4600bfd2f884306c
:100b8c0013f0400ffad0474b0022da6463229a64c8
:100b9c001a46136d13f0040ffbd1424b022283f85b
:100bac0044201a46136d13f0020ffbd13d4a536dce
:100bbc0003f00303032bfad13f4b01225a711a465f
:100bcc00d37813f0010ffbd0394b3c4a1a621a460a
:100bdc00536813f0040ffbd1354b394a9a621a460d
:100bec00536813f0100ffbd1314b364ada621a46b8
:100bfc00536813f0200ffbd12d4b4222c3f8a020d9
:100c0c001a4600bfd2f8a03013f0400ffad0284b90
:100c1c004122c3f8a4201a46d2f8a43013f0400f96
:100c2c00fad0234b4322c3f8ac201a46d2f8ac308e
:100c3c0013f0400ffad01e4b4222c3f8dc201a46a8
:100c4c00d2f8dc3013f0400ffad0194b4322c3f822
:100c5c0004211a46d2f8043113f0400ffad0144b89
:100c6c004022c3f820211a46d2f8203113f0400f4d
:100c7c00fad0114b144a1a6146f2ff725a61134aa8
:100c8c009a614ff4c042da6180221a62054a137fde
:100c9c0003f0fd03137700bf92f82c3013f0020f12
:100cac00fad17047001000400014004000010c0005
:100cbc00001c004006013000000800400701010044
:100ccc000701020008010100fffffb00d6820100b2
:020000040000fa
:020000040001f9
:100cdc002de9f04f89b0002800f0e38047680268e6
:100cec003c7b5378b9784fea430b002c34d0b7f8df
:100cfc0000c000244fea4108de4625464ff00609a5
:100d0c00a6b2b44549d87c7ba5426ed9d468e25cc6
:100d1c000132e254046842686578e468655d947b4e
:100d2c00a54219d195681ffa81fe1ffa83fcea5c73
:100d3c00002a4ad0013ad2b200240126a7b2be45fd
:100d4c0045d8002ef4d0ea54002217464468561cad
:100d5c00a57894b2a54242d84fea510ed0f804902f
:100d6c0000260ef1010eb4468ab20692b9f8004084
:100d7c001ffa8cf2944242d80133d9f80420dbb22a
:100d8c00994298bf0023d9f80810c95c1170026809
:100d9c000020537009b0bde8f08f966809fb04661b
:100dac00b6f802a0566836f80e60b24509d9aaeb1f
:100dbc00060a1ffa8afa554538bf55460134c6440f
:100dcc009ee7fbd2a6eb0a0af3e70f22b4e7bc4579
:100ddc0003d02f5d974208bf00260134aee70468ac
:100dec0092b2e468a7543246b0e7b5eb540fb3d2d5
:100dfc00d468e25c002aafd0013ae254ace71ffaa7
:100e0c008cf2062504686a43a568af180297aa5ca1
:100e1c00c2f38202002a3ed16768029c07eb4607a8
:100e2c000392648827f80b40914230d95400002576
:100e3c000794a8463c1905940124019410e09245ae
:100e4c000cd037f818400494059cb4f800a0049c0e
:100e5c00544518d1019c0134e4b2019408f1010805
:100e6c005ffa88fa5145ead8019ca64504d9ae45eb
:100e7c0006d92c44744503db079aba5a03920a46e6
:100e8c000132d2b2d0e73cbf0135edb2e6e7029aaf
:100e9c00bdf80c405480069a0cf1010c1644b6b205
:060eac0064e70b2076e76d
:020000040000fa
:020000040001f9
:020eb200704787
:020000040000fa
:020000040001f9
:100eb400002800f0ae802de9f04f91b0054600689f
:100ec400002800f0a9800368db6998470446286875
:100ed40003685b6898470646002c00f08f80002862
:100ee40000f08f80c369002b00f08e80d5f808a035
:100ef400076907f00107286803681b6c98470446d4
:100f0400039028680368db6b07a9984707a9304654
:100f14000df07afc002c7ad04ff000094be077b149
:100f2400bdf9204004ebd474bdf91c3003eb640418
:100f3400bdf9283003ebd37304eb630454e0bdf92b
:100f4400204004ebd474bdf91c3003eb6404bdf9f8
:100f5400283003ebd373a4eb630445e02fb1bdf950
:100f64001c40bdf920301c443ee0bdf91c40bdf9d5
:100f740020301c44bdf92830e41a35e0bdf91c408a
:100f840032e0f38abdf936209b1a6a682244bdf91f
:100f94003410686901902869009053440a440ba9ed
:100fa400304609f096fd4fe0b38a9a4409f10109ed
:100fb400039b4b451ed0286803689c6c06ab05aaae
:100fc4004946a047286803685b6c09aa49469847c4
:100fd4002b7b012ba3d0022bc0d0002fced0bdf988
:100fe4001c40bdf928301c44ddf81480069b98454c
:100ff40033d3d9e7002011b0bde8f08f4ff0ff30b4
:10100400f9e74ff0ff30f6e74ff0ff30f3e7002049
:10101400f1e74ff0ff3070474ff0ff30ebe7bbf1e3
:10102400200f12d0a9690029abd0f38abdf936206c
:101034009b1a6a682244bdf9340000915344024467
:101044000ba9304609f078fb17b9bdf932301c44be
:1010540008f10108069b9845a6d2286803689b6995
:101064004146984783460baa0146304607f080fa6a
:10107400002fd4d0bdf93230e41abbf1200fd1d106
:04108400e6e700bfdc
:020000040000fa
:020000040001f9
:101088002de9f04f87b004468b4691469a4696b2b2
:1010980003883344adf8103043883344adf8123038
:1010a80006f00107a7eb46081ffa88f8838843442f
:1010b800adf81430c3884344adf81630524604a83e
:1010c8000bf0d2f823883344adf810306388adf8bc
:1010d8001230a3884344adf814300ffa89f5adf8ff
:1010e80016505246594604a80bf0bef823883344dc
:1010f800adf810306388e28813449b1badf81230ba
:10110800a3884344adf81430adf8165052465946fa
:1011180004a80bf0a9f82388adf81030638833448d
:10112800adf81230adf81450e3884344adf81630ea
:101138005246594604a80bf097f82388a28813440e
:101148009b1badf8103063881e44adf81260adf8f3
:101158001450e3889844adf816805246594604a8be
:101168000bf082f807eb5907bfb223883b44adf870
:10117800103063883b44adf81230adf81450adf828
:101188001650cdf80ca001260296cdf804b00096b2
:101198004b465a22114604a8fef7f2fb09eb490810
:1011a800c8f34f082388a2881344a3eb0803adf8bb
:1011b800103063883b44adf81230adf81450adf8e8
:1011c8001650cdf80ca00296cdf804b000964b4608
:1011d8005a22002104a8fef7d3fb23881f44adf848
:1011e80010706388e2881344a3eb0803adf812304b
:1011f800adf81450adf81650cdf80ca00296cdf805
:1012080004b000964b465a22b42104a8fef7b8fb56
:101218002388a2881344a3eb0803adf81030638831
:10122800e2881344a3eb0808adf81280adf8145017
:10123800adf81650cdf80ca00296cdf804b0009683
:101248004b465a224ff4877104a8fef799fb07b062
:04125800bde8f08f6e
:020000040000fa
:020000040001f9
:10125c00f0b58db005460c4616461f4668460ef096
:10126c00d7fe6c4b1b7a002b40f0c280002e00f096
:10127c00c280022e03d12b7c062b00f2bf80f422fd
:10128c00002164480ef0f2fd0023adf82830adf8d3
:10129c002a306b69adf82c30ab69adf82e30214695
:1012ac000aa80af0c5f9002800f0ab8008aa21466c
:1012bc000aa808f0beff139badf81830149badf8cc
:1012cc001a303ab2adf81c20129b1bb2adf81e308e
:1012dc000021adf81010adf81210adf81420adf8d7
:1012ec00163002ab04aa694606a804f0edfcbdf961
:1012fc001430002b40f38880bdf91630002b40f3de
:10130c008680444c042323720123a372234643f8a2
:10131c000c5b04aa92e8030083e8030084f8a8603d
:10132c0004f1140302aa92e8030083e80300e762c5
:10133c00129b23630ef0bafa6072159bc4f89c30b2
:10134c002b680bb92b7be3b132480df0b5fbb0f138
:10135c00ff3f4bd0012e22d02e480bf015fab0f1e6
:10136c00ff3f43d02b480ef0e1fcb0f1ff3f3dd0e6
:10137c00022e20d127480df0e5fdb0f1ff3f20d122
:10138c0034e02246214651f80c0b159b14321030d8
:10139c0001f03cff0028d7d14ff0ff3026e01d486c
:1013ac000bf02afcb0f1ff3f20d01a480ef0befc27
:1013bc00b0f1ff3f1ad017480df0b4fdb0f1ff3f6c
:1013cc0014d014480df0baf8b0f1ff3f0ed011480c
:1013dc000df003fab0f1ff3f08d00e480df002fefd
:1013ec00b0f1ff3f4ff0ff3018bf00200db0f0bd43
:1013fc004ff0ff30fae74ff0ff30f7e74ff0ff30d8
:10140c00f4e74ff0ff30f1e74ff0ff30eee74ff02d
:08141c00ff30ebe7a0530220b2
:020000040000fa
:020000040001f9
:101424002de9f04f83b00c9c002c73d0002b71d0ad
:10143400202c73d91d4616468846074602f14004ff
:1014440020460cf0bbfc20460af080fe2b78892b4a
:1014540068d16b78502b65d1ab784e2b62d1eb7889
:10146400472b5fd12b790d2b5cd16b790a2b59d18a
:10147400ab791a2b56d1eb790a2b53d105f1080419
:1014840020460ef05dfb0d2853d1544920460af046
:1014940039fe002851d005f110000ef051fb3860e0
:1014a40005f114000ef04cfbc8f8000095f81890f4
:1014b400c6f8509095f819b086f84cb095f81aa073
:1014c400c6f840a0ec7e74642b7f0193b3643b6840
:1014d400bbb3d8f80030a3b333695bb905f11d0081
:1014e4000ef02efb0746112105f10c000cf000f85c
:1014f40087422ad1baf1000f2bd174bb019b012b77
:101504002fd8bbf1060f63d8dfe80bf02f623b4501
:1015140052625a003024c2f8e04006e01b24c2f8ac
:10152400e04002e01c24c6f8e040204603b0bde8d9
:10153400f08f5e24c6f8e040f7e71d24c6f8e040cb
:10154400f3e75d24c6f8e040efe73924c6f8e0404d
:10155400ebe72024c6f8e040e7e72124c6f8e040a2
:10156400e3e72224c6f8e040dfe7b9f1100f31d8f1
:101574001b4b23fa09f303f00103002b08bf2524b6
:1015840006e0b9f1080f03d0b9f1100f18bf2524f4
:10159400c6f8e040c9e7b9f1080f1dd84ff48b73c2
:1015a40023fa09f303f00103002b08bf2524efe716
:1015b400b9f1080fecd0b9f1100f18bf2524e7e7f3
:1015c400b9f1080fe4d0b9f1100f18bf2524dfe7f3
:1015d4001f24dde72524dbe72524d9e7a003020047
:0415e40016010100eb
:020000040000fa
:020000040001f9
:1015e80082b02de9f04f83b002ac04e906000d93f8
:1015f8009df83ca09df840709df844609df84cc053
:101608009df85480bdf858e0bdf90450bdf90610a6
:101618001ab21b14bdf938b0bdf93a404ff00009b1
:10162800a0f80090a0f80290baf1000f28d19df818
:1016380048904a4492b20280002d03dd16b97544e1
:101648002a440280002f59d15a1c624492b2428027
:10165800002973dd022e71d0012e4ad001ebd17121
:1016680002eb6102b0f906e00eebde7ea2eb6e0e35
:101678000ffa8efe6344734560daa0f802e05de07d
:10168800baf1010f12d05a449df85090a2eb09020a
:10169800b0f80490a2eb090292b20280002dd1ddcd
:1016a800032ecfd17544521b0280cbe70bebdb7bbb
:1016b80002eb6b02b0f9049009ebd979a2eb69024d
:1016c80092b20280002dbddd46b905ebd5754fea13
:1016d8005e0909eb65052a440280b3e7032eb1d100
:1016e80005ebd5754fea5e0909eb6505521b0280cb
:1016f800a8e711448e440ffa8efebbe7012f22d0d3
:10170800b0f906701a19a2eb0802d21b92b24280f5
:10171800002913dd012e11d0022e38d007ebd77621
:1017280001ebd1714d10c5eb66010a4412b21744a2
:101738002344a3eb08084745d8bf428003b0bde85f
:10174800f04f02b0704704ebd47403eb6403b0f9b4
:10175800064004ebd474a3eb64039bb243800029d6
:10176800ecdd012e0ad0022ee8d101ebd1714fea4f
:101778005e0e0eeb61015b1a4380dfe701ebd1716e
:101788004fea5e0e0eeb61010b444380d6e77144cd
:06179800521a12b2cbe769
:020000040000fa
:020000040001f9
:02179e00704792
:020000040000fa
:020000040001f9
:1017a0002de9f0438bb09df84c70149c674d2e7a58
:1017b000002e40f0bc80267c073ef6b2022e40f29e
:1017c000b980984691460e460546f42200215f48ae
:1017d0000ef052fb0020adf82000adf822006b693e
:1017e000adf82430ab69adf82630314608a809f0d1
:1017f00025ff002800f0a18006aa314608a808f0bd
:101800001efdadf81090adf81280bdf81c30adf89b
:101810001430bdf81e30adf816300023adf8083096
:10182000adf80a306369adf80c30a369adf80e303d
:101830006b4606aa02a904a804f04cfabdf91c30b4
:10184000002b7dddbdf91e30002b7cdd3f4b0522da
:101850001a721a4642f80c5b06a903c982e8030013
:101860005c6003f11402694603c982e80300227c2c
:101870005a7218460df014f9b0f1ff3f54d03348b6
:101880000ef05afab0f1ff3f4ed030480df050fb49
:10189000b0f1ff3f48d09df84830012b1ed1eb6ad4
:1018a00013f0010f15d0e36a43f00103e3622b6be1
:1018b000236326480cf088fcb0f1ff3f34d0e36a84
:1018c00013f0010f1ad0ab6bc3b120480df0b2f882
:1018d00014e0e36a23f00103e362eae71b480ef039
:1018e00047f9b0f1ff3f1fd0e36a23f00103e36241
:1018f00016480cf069fcb0f1ff3f15d02fb9134822
:101900000cf022feb0f1ff3f0ed010480cf06bff40
:10191000b0f1ff3f08d00d480df07afbb0f1ff3f6a
:101920004ff0ff3018bf00200bb0bde8f0834ff040
:10193000ff30f9e74ff0ff30f6e74ff0ff30f3e705
:101940004ff0ff30f0e74ff0ff30ede7a0530220fb
:020000040000fa
:020000040001f9
:101950002de9f04f85b00e4642b307461146b0461a
:101960004369b6f1100400f0c580002b00f0c2807e
:101970009c4205d09b68002b00f0bc809c42f9d1b2
:10198000d4f8009089450dd021f003050435202db1
:1019900038bf2025a9450dd82a462146384605f0ee
:1019a00000fa68bb304605b0bde8f08f06f02effa8
:1019b0000026f7e7294620460cf0dafd0028f1d092
:1019c000bb68103ba3eb0903bb602268256008ebf2
:1019d0000503002159609960d960521b48f8052021
:1019e00001221a73bb68103322681344bb60fa6883
:1019f000934288bffb60214638460af00fffd1e7cb
:101a00000022214638460af00ffc00286ad0027beb
:101a1000002a6ad0036803f11008214638460cf00a
:101a2000fff9814600284dd0037b002b4ad0026885
:101a30001032b8f1000f45d0002a43d02368103b84
:101a400090444344ab423dd32246214638460af0f7
:101a5000ebfb8046b0b3b9f1000f33d0e9460fc8b5
:101a600089e80f0007f1180b414658460df019fca4
:101a700007f1140a214650460df013fc94e80f00bc
:101a800088e80f002268314608f110000df0a4fd2f
:101a900099e80f0084e80f0001232373214658467c
:101aa0000af09afe414650460af096fe2146384614
:101ab0000af0b4fe2a464146384605f072f900287d
:101ac0003ff470af2946384605f068fa054678b10c
:101ad000226831460df080fd3146384606f096fe0c
:101ae0002e465fe74ff0000897e74ff0000894e7b5
:0e1af000064657e7384605f051fa064652e71b
:020000040000fa
:020000040001f9
:021afe0070472f
:020000040000fa
:020000040001f9
:101b000070b515460023136053609360d360136172
:101b100053619361b0f5b47f22dd624b83fb0023f8
:101b20000344c217c2eb23234ff4b47202fb130425
:101b3000914221dc002c40f3928063184ed4b3f51f
:101b4000b47f77dc01232b600029c0f29b806c609e
:101b50002144a96005f10c02204605f0cdf870bdc6
:101b6000044610f5b47f04da04f5b47414f5b47fb8
:101b7000fadbb1f5b47f0add4a4b83fb01230b444a
:101b8000ca17c2eb23234ff4b47202fb1311002ccb
:101b9000d0da0e19002e0cdc0e1916f5b47f33dbeb
:101ba00001232b60002c78da00296edd04f5b47473
:101bb000cde702232b6004f5b47068604ff4b47174
:101bc000a96005f10c0205f097f8002028616e610c
:101bd00005f11802314605f08ff8c0e702232b60ab
:101be00004f5b470084468604ff4b471a96005f15d
:101bf0000c0205f081f8002028616c6105f11802e3
:101c0000214605f079f8aae702232b6000206860de
:101c100004f5b471a96005f10c0205f06df806f544
:101c2000347028614ff4b471696105f1180205f050
:101c300063f894e702222a6000206860a3f5b4717b
:101c4000a96005f10c0205f057f82c614ff4b4714e
:101c5000696105f11802204605f04ef87fe700297a
:101c600003db01232b60002471e701232b6001f5c6
:101c7000b47068604ff4b471a96005f10c0205f00e
:101c80003bf86ce70c44494261e70029bff65fafbf
:101c90000c4404f5b474494259e7002c7ff757af60
:081ca00052e700bfb7600bb66c
:020000040000fa
:020000040001f9
:101ca8002de9f84f90f8c33453b3054600261027a2
:101cb80034463de095f8c23413f0070f07d02846a4
:101cc80004f064fb95f8c23413f0070ff7d13946d6
:101cd80028460cf059f800f130039bb2072b08d8be
:101ce800a5f8ce47a5f8d047a5f8d247a5f8c44728
:101cf80027e0642385f8be3402e0642385f8be3407
:101d08001846bde8f88f00bfb5f8c4370133a5f809
:101d1800c43705ebc910d5f8e01700f2c440fbf74b
:101d2800c5f895f8c3340136f2b2934240f2868082
:101d3800b5f8d4212ab1b5f8c41703fb02f39942c8
:101d4800b8d0f2b2d10101f2c2432b4405f242529b
:101d58000a445ffa86f9c84623f8024f9a42fbd133
:101d680005eb080a9af8c6272a4492f8503005eb82
:101d7800c3135433c5f8e03792f8bb2402f13f038c
:101d88001b01d91d2944c5f8d41727332b44c5f89e
:101d9800d83705eb421303f58f63c5f8dc372846bf
:101da80009f0c0fc00f00f0128460cf00dfb9af872
:101db800c62705eb4201b1f8ce3703441bb205eb49
:101dc800c810a0f8c434a1f8ce372a4492f8b83421
:101dd80005eb031202f2d712c5f8d42705eb03224c
:101de80002f2f712c5f8d82705eb431303f587630a
:101df800c5f8dc374ff0010a284609f093fc0aebd6
:101e08001013dbb200283ff47faf3f2b3ff675afce
:101e180003f1010a5ffa8afa094a12f803b000f0de
:101e28000f0128460cf0d0fa0beb881b05eb4b0b87
:101e3800abf8c404baf13f0fded965e700235fe7ca
:041e4800c4cb010006
:020000040000fa
:020000040001f9
:101e4c002de9f0418ab0119f604c247a002c40f0af
:101e5c00a880002a00f0a880022a07d1047c062c56
:101e6c0000f2a5803c7c062c00f2a4809846164615
:101e7c000d460446f422002154480df0f7ff0023d0
:101e8c00adf82030adf822306369adf82430a36989
:101e9c00adf82630294608a809f0cafb002800f046
:101eac008c8006aa294608a808f0c3f90021adf8d1
:101ebc001010adf81210adf81480109badf8163060
:101ecc00adf80810adf80a107b69adf80c30bb69a1
:101edc00adf80e306b4606aa02a904a803f0f4fe76
:101eec00bdf91c30002b6bddbdf91e30002b6addfb
:101efc00364b03221a7201229a721d4645f80c4b7e
:101f0c0006aa92e8030085e8030083f8a8605f60e6
:101f1c0003f11402694603c982e803003a7c5a7241
:101f2c0018460cf0c9fdb0f1ff3f37d0012e14d08c
:101f3c0026480af029fcb0f1ff3f2fd023480df0c2
:101f4c00f5feb0f1ff3f29d0022e12d11f480cf044
:101f5c00f9ffb0f1ff3f12d120e01c480af04cfe13
:101f6c00b0f1ff3f1ad019480df0e0feb0f1ff3f81
:101f7c0014d016480cf0d6ffb0f1ff3f0ed013482a
:101f8c000cf02bfcb0f1ff3f08d010480df03af8e4
:101f9c00b0f1ff3f4ff0ff3018bf00200ab0bde892
:101fac00f0814ff0ff30f9e74ff0ff30f6e74ff0dc
:101fbc00ff30f3e74ff0ff30f0e74ff0ff30ede785
:101fcc004ff0ff30eae74ff0ff30e7e7a053022075
:020000040000fa
:020000040001f9
:101fdc002de9f04786b004460e4691461f465d4dee
:101fec00a5fb0235ed08013502f00108a8eb42080b
:101ffc004fea450ab0f904204244b0f900004844c5
:10200c0000970b465244b4f90210401b05f070fdca
:10201c00b4f904204244b4f90210b4f9063019445e
:10202c00b4f9000048440097334652440139401b30
:10203c0005f05efdb4f906204244b4f9021049449f
:10204c00009733465244491bb4f9000005f004fdd7
:10205c00b4f906204244b4f902104944b4f9000022
:10206c00b4f904301844009733465244491b0138e4
:10207c0005f0f2fcd12505fb09f5374ba3fb053523
:10208c006d0904352388adf810306388adf8123033
:10209c002bb2adf81430adf8163003974ff00108a1
:1020ac00cdf808800196cdf8008043465a2211469f
:1020bc0004a8fdf763fcadb205ea08092388a288e1
:1020cc0013445b1b4b44adf810306388adf81230f1
:1020dc000397cdf808800196cdf8008043465a222c
:1020ec00002104a8fdf74afc2388adf81030638862
:1020fc00e28813444b445b1badf812300397cdf8c8
:10210c0008800196cdf8008043465a22b42104a8d9
:10211c00fdf734fc2388a28813444b445b1badf8b9
:10212c0010306388e28813449944a9eb0505adf897
:10213c0012500397cdf808800196cdf800804346e5
:10214c005a224ff4877104a8fdf718fc06b0bde8bd
:0c215c00f08700bfabaaaaaa1f85eb51b8
:020000040000fa
:020000040001f9
:102168002de9f04f83b00d9e3eb3009315460f4600
:10217800019104464ff0ff33336009f0b1fc80460b
:10218800d8b1edb1e7b1b8f80090554a542303fb34
:10219800092393f844302bb1542303fb09231b6c08
:1021a800a3420ad14ff0540b0bfb09fb4c4b03eb3a
:1021b8000b0a504606f01dfa48b903b0bde8f08f87
:1021c8000c9b002bf9d0009b002bdcd1f5e7b8f86d
:1021d80000e0434b542202fb0e32d2f818c0d36cf5
:1021e800d06970b10022984298bf002303ebc30165
:1021f8000ceb81071cf8211039b1013201339042f0
:10220800f1d1504607f0d3fad7e701223a700022fd
:102218003a62334a542101fb0e21888c98f8002039
:10222800120242ea0042d8b20243fa618a8c0132b1
:1022380092b24ff6ff718a4208bf01222849542002
:1022480000fb0e1eaef824200133cef84c30009b64
:102258007b60019bbb6001237b7500233b75bc61e0
:10226800d8f818303bb1082b16d86d00fd600c9bd0
:102278005b003b6102e0fd600c9b3b61fb693360e6
:10228800daf8203073b1164b9b44dbf8203013b3d7
:102298001a6ae2b91a461de0ad00fd600c9b9b006e
:1022a8003b61ebe7caf8207002237b75384603f0e0
:1022b800cdfe0b4b542202fb0939d9f814305c6867
:1022c8003b697a68f968b868a04704e01a46136a57
:1022d800002bfbd11762504607f069fa6de700bf83
:0422e80084580220f4
:020000040000fa
:020000040001f9
:1022ec0030b45c4c247f002c40f0ad80054604f0eb
:1022fc00ff0000294cd0002d4ad0574c646804f0e4
:10230c000704012c61d053480560426000244461ed
:10231c00846104614f488160002a5cd04d4ad360cf
:10232c004c4a012111774c4a127e12f0040f05d051
:10233c00494a916a117e11f0040ffad1464a518b29
:10234c0041f004015183117e41f080011176414925
:10235c008a68c968914203d93e48c168891a0161eb
:10236c003d49496811f0070f45d13a4989699142b5
:10237c0035d2384a11680878374988629169013139
:10238c009161002b5bd0344b04229a7501205be0e9
:10239c00002b59d0002a57d02f4c646804f0070446
:1023ac00012c0cd02b4805604260002444618461f0
:1023bc000461002daed1274900208860ace70029cc
:1023cc0044d113f0010fedd03ee011f0010f3bd1e1
:1023dc00002be7d0f5e71f4a0021d160a0e71d4a8a
:1023ec001269002acdd01c4aff21916219490a6951
:1023fc00013a0a61c5e7174a916849089160116969
:10240c0049081161d1684908d160916892698a4282
:10241c0008d2104a116808880f4988629169013105
:10242c009161aee70b4a1269002aaad00a4a4ff60c
:10243c00ff71916207490a69013a0a61a1e701201b
:10244c00054b987500e0002030bc704711f0010f6f
:0c245c00b7d0f9e7ac5b02200034004070
:020000040000fa
:020000040001f9
:1024680082b02de9f04383b002ac04e906000b9377
:102478009df834909df838709df83c40bdf8505058
:10248800bdf904c0bdf906101ab21b14bdf930809d
:10249800bdf932604ff0000ea0f800e0a0f802e0ad
:1024a800b9f1000f1ed19df840e0724492b202804b
:1024b800bcf1000f01dd032c10d0002f57d10133e0
:1024c8009df8442013449bb24380002901dd022c6f
:1024d80049d003b0bde8f04302b07047ac44624451
:1024e8000280eae7b9f1010f14d042449df848e0b0
:1024f800a2eb0e02b0f804e0a2eb0e0292b2028048
:10250800bcf1000fd9dd002cd7d1ac44a2eb0c02f2
:102518000280d2e708ebd87802eb6802b0f904e051
:102528000eebde7ea2eb6e0e1ffa8efea0f800e028
:10253800bcf1000fc1dd54b90cebdc7c4fea550847
:1025480008eb6c0caeeb0c0ea0f800e0b5e7032c22
:10255800b3d10cebdc7c4fea550808eb6c0ce64475
:10256800a0f800e0a9e719440d444580b1e7012f20
:102578000fd033449df84c209b1ac2889b1a9bb2fb
:1025880043800029a5dd012ca3d129445b1a43808f
:102598009fe706ebd67603eb6603b0f9066006eb19
:1025a800d676a3eb66039bb24380002991dd012c0c
:1025b80009d0022c8dd101ebd1716d0805eb6101b9
:1025c8000b44438085e701ebd1716d0805eb610190
:0625d8005b1a43807de761
:020000040000fa
:020000040001f9
:0225de00704744
:020000040000fa
:020000040001f9
:1025e0002de9f04100284ed00e46054600294fd077
:1025f0000af0f0ff00285fdb28460af0ebff0746f1
:10260000504b1b78012b7bd14e4b9b689e42c0f0f8
:1026100095804c4b0024013493f82020012a6fd17f
:1026200020339a689642f6d2b4f1ff3f68d0a742b1
:1026300025d0062c62dc434b03eb44131b695bb9ca
:10264000404b03eb44130134072c59d020331a6953
:10265000002af8d0a74212d03a4800eb44100cf000
:1026600055fa804600284bd0324629460cf0b4ff7c
:102670002946344800eb47100df080fd45462c46b6
:102680002046bde8f08108460cf0e2fc0446f7e77e
:1026900009f0c4f80024f3e72a4b03eb4818d8f8f4
:1026a00008309e4244d93246294620460cf094ff19
:1026b000284609f0b3f8e3e7294623480df0f0f87f
:1026c00080b1294620480df0cffe30460af0acfc20
:1026d000044660b1324629460cf07eff284609f0d8
:1026e0009df8cde730460cf0b3fc0446c8e732460f
:1026f00029461548fff72cf90446c1e7072cabd152
:102700003146114804f04afc04460e4b1b78012b5d
:102710000ed10c4f4ff00008294638460af03eff14
:102720000128b9d008f1010817f8203f012bf3d098
:102730003246294620460cf04fffb9e700289ed0cc
:0c274000002478e7945402204c5c022036
:020000040000fa
:020000040001f9
:10274c000100000008000000020000000000000072
:10275c00000000000000000000000000000000006d
:10276c00010000000800000002000000e000000072
:10277c001c0000000300000000000000000000002e
:10278c0002000000100000000300000000f8000030
:10279c00e00700001f000000000000000b05000017
:1027ac0002000000100000000300000000f8000010
:1027bc00c00700003e000000010000000b060100f5
:1027cc000300000018000000040000000000ff00df
:1027dc0000ff0000ff0000000000000010080000d7
:1027ec00040000002000000005000000000000ffb5
:1027fc000000ff0000ff0000ff00000018100800a0
:10280c000400000020000000050000000000ff0094
:10281c0000ff0000ff000000000000ff100800187f
:10282c00010000000100000000000000000000009a
:10283c00000000000000000000000000000000008c
:10284c000100000004000000010000000000000076
:10285c00000000000000000000000000000000006c
:10286c000100000008000000020000000000000051
:10287c00000000000000000000000000000000004c
:10288c00010000000100000000000000000000003a
:10289c00000000000000000000000000000000002c
:020000040000fa
:020000040001f9
:1028ac000100000008000000020000000000000011
:1028bc00000000000000000000000000000000000c
:1028cc00010000000800000002000000e000000011
:1028dc001c000000030000000000000000000000cd
:1028ec0002000000100000000300000000f80000cf
:1028fc00e00700001f000000000000000b050000b6
:10290c0002000000100000000300000000f80000ae
:10291c00c00700003e000000010000000b06010093
:10292c000300000018000000040000000000ff007d
:10293c0000ff0000ff000000000000001008000075
:10294c00040000002000000005000000000000ff53
:10295c000000ff0000ff0000ff000000181008003e
:10296c000400000020000000050000000000ff0033
:10297c0000ff0000ff000000000000ff100800181e
:10298c000100000001000000000000000000000039
:10299c00000000000000000000000000000000002b
:1029ac000100000004000000010000000000000015
:1029bc00000000000000000000000000000000000b
:1029cc0001000000080000000200000000000000f0
:1029dc0000000000000000000000000000000000eb
:1029ec0001000000010000000000000000000000d9
:1029fc0000000000000000000000000000000000cb
:020000040000fa
:020000040001f9
:102a0c0070b582b00446514b1b78023b062b10d894
:102a1c00dfe803f004112c334e58890000221146d4
:102a2c0008f0b6fd494b03221a702a21204609f002
:102a3c0057fd02b070bd4548836804220270190a24
:102a4c008df80410d9b28df8051000694068013b6f
:102a5c0003441b0a8df80630013901448df8071028
:102a6c000deb0201204609f071fae2e7374b052223
:102a7c001a702b2109f034fddbe73449cb680622b0
:102a8c000a701a0a8df80420dab28df8052009694b
:102a9c008968013b0b441b0a8df80630013a0a4445
:102aac008df8072004220deb020109f04ffac0e764
:102abc00264b07221a702c2109f012fd244b002200
:102acc001a60b6e7214b1869214b1a688368934248
:102adc0003dc1e4b08221a70abe700210cf026fc1d
:102aec001a4b1e697268002a0edd02380023194940
:102afc0030f8022f150a01f8135001eb43056a70e8
:102b0c00013372689a42f3dc52001249204609f0f4
:102b1c001dfa0f4a1368013313600c4a126992684c
:102b2c00934286dbd5e70122002108f031fd074cea
:102b3c00002120690cf008fc01232370064b1b6854
:102b4c00002b3ff476af984773e700bfec5d022093
:0c2b5c001c5b0220e84902207c5a022089
:020000040000fa
:020000040001f9
:102b68002de9f0473d2840f090800024494fdff8d8
:102b7800448125462646dff840a14ff03f0912e080
:102b8800092888bf0136aafb0023db0803eb83036f
:102b9800a0eb4300303088f80000083708f101083e
:102ba8000134062c0bd03946204603f043ffc0b24f
:102bb80076001328e4d988f800900135ede776b15e
:102bc800354a012312f8011fb14209d00133dbb2a3
:102bd8000a2bf7d1314b3f221a70013506e000234a
:102be80003f130012d4a11700a2bf3d02c4e2d4fd2
:102bf8004ff03f083146204603f01cffc0b21328af
:102c080099bf013540461c30c0b207f8010b0836a1
:102c180001340c2ceed1214b00225a73002d35d1f2
:102c28001c4611461046134614f8012b303a13f08f
:102c3800010f19bf891809b2121810b20133dbb29b
:102c48000c2bf1d101eb41010b181bb2164981fb8a
:102c58000321da17c2eba10202eb8202a3eb4203c3
:102c6800c3f10a03dbb20a2b08bf002330330b4a37
:102c7800127b934201d0012508e00c480cf01af8a9
:102c880006490b480cf016f800e001252846bde877
:102c9800f08700bf105802201c030200c05e02200b
:102ca8004a580220c75e02206766666650f1010036
:0c2cb8006cf10100c15e0220cdcccccc40
:020000040000fa
:020000040001f9
:102cc400f8b5054617461e464c4c4ff421620021c8
:102cd40020460df0cff820460cf0faff25602b6853
:102ce400002b40f08480464b2362464b6362069b74
:102cf400236304f128000df08ff90023c4f8f039a0
:102d0400c4f8ec396b69c4f8f439ab69c4f8f83920
:102d1400c4f8fc79c4f8006a2046f9f747f900289a
:102d240068d1204607f0e8fbb4f84200c208364bed
:102d34001a80b4f84410cb08344c2380b0ebc20f93
:102d440002dd013230480280b1ebc30f02dd0133f2
:102d54002e4a1380294b93f8cc37012b12d0022b27
:102d64003bd0032b15d1294a118801f0010303eb51
:102d740051031380244a118801f0010303eb51032a
:102d8400138006e0214a118801f0010303eb51038b
:102d940013801a480df04efa00231d4a13801d4a71
:102da40013801b4e184f154d144632883b889a42a7
:102db4001bd22846fef776ff2846f8f7a9fa23889f
:102dc40001339bb22380114a12889a42edd8002322
:102dd4002380338801333380e7e70b4a118801f0fd
:102de400010303eb51031380d3e70020f8bd4ff038
:102df400ff30fbe74ff0ff30f8e700bfc03102209f
:102e0400fbe301009d9e0100386002204460022023
:082e14003c6002204060022036
:020000040000fa
:020000040001f9
:102e1c00524b586a524b9b7d002b00f09d8070b535
:102e2c004f494c6804f007044c4b5a699d699e68e5
:102e3c000b7e13f0040f56d0896a484bdb68934223
:102e4c0051d9002c41d1454b5b6899540132444b0c
:102e5c001b7e13f0010f15d0414b012119753f4b0f
:102e6c009b68ab4255d93d4b1b68595d3c4b9962f5
:102e7c0001353a4b1b690bb9b54263d0374bdb6854
:102e8c00934263d0354b5a619d61354b1b7e13f0d9
:102e9c00020f13d0334b1b78b3b1304bdb6893422a
:102eac000fd12e4b00221a772d4907240c752d4972
:102ebc000a701b6a43b1294b1b6a9847294b1b7834
:102ecc0013b1274b02229a7570bd244b5b6823f813
:102edc0012100132224b1b7e13f0010fd2d0204b6b
:102eec000121197509e01e4b1b7e13f0010fc9d08f
:102efc001b4b01211975002cb1d0184b9b68ab42b0
:102f0c0013d9164b1b6833f81510154b9962013504
:102f1c00afe7124b1b69002babd0114bff21996211
:102f2c000e490b69013b0b61a3e70c4b1b69002b92
:102f3c009fd00b4b4ff6ff71996208490b69013b0f
:102f4c000b6196e7074b012119709be7044b01219c
:102f5c0099750421197595e7704700bfac5b022089
:082f6c00003400404f60022018
:020000040000fa
:020000040001f9
:102f74002de9f0439bb004460d46174699460df0e3
:102f840083f9002861d006468368002b60d0b5f928
:102f940000300693b5f902300793b5f9043008936d
:102fa400b5f906300993e368159363681393a3682e
:102fb400149320780df0f6f98df8480023691693e0
:102fc4004ff00008cdf86480636917938df8608032
:102fd4000cf05cf80546c3680d9343680b93836853
:102fe4000c9300780df0def98df828002b690e9310
:102ff400cdf844806b690f938df8408068460cf0df
:103004004ffab7f90030bdf900209b1a0293b7f9c3
:103014000230bdf902209b1a0393b7f904300493dc
:10302400b7f906300593b9f1fe0f2cd92378032b99
:1030340011d0053bdbb2012b0dd9b56802ab0aaa4e
:1030440006a912a8a847054615e04ff0ff3037e05f
:103054004ff0ff3034e03569ff234a460021022057
:10306400a847f36801209847b56802ab0aaa06a9e5
:1030740012a8a84705462378032b14d0053bdbb2de
:10308400012b19d80fe03469ff234a46002102209e
:10309400a047f36801209847b46802ab0aaa06a9be
:1030a40012a8a04705463469ff231a4600210846a2
:1030b400a047f36800209847281c18bf012040420d
:0630c4001bb0bde8f08323
:020000040000fa
:020000040001f9
:0230ca0070474d
:020000040000fa
:020000040001f9
:1030cc00f8b5054617461e46494c4ff421620021bf
:1030dc0020460cf0cbfe20460cf0f6fd2560089b3c
:1030ec0010336363434b2362434b636204f1280048
:1030fc000cf08eff0023c4f8f039c4f8ec396b697e
:10310c00c4f8f439ab69c4f8f839c4f8fc79c4f8dc
:10311c00006a2046f8f746ff002865d1204607f0e4
:10312c00e7f9b4f84200c208344b1a80b4f84410e2
:10313c00cb08334c2380b0ebc20f02dd01322f4899
:10314c000280b1ebc30f02dd01332d4a1380284bf3
:10315c0093f8cc37012b12d0022b3bd0032b15d17b
:10316c00274a118801f0010303eb51031380234a12
:10317c00118801f0010303eb5103138006e0204a90
:10318c00118801f0010303eb5103138018480df073
:10319c004df800231b4a13801b4a1380194e174ffe
:1031ac00134d144632883b889a421bd22846fef7b0
:1031bc0075fd2846f8f7a8f8238801339bb22380c5
:1031cc000f4a12889a42edd80023238033880133aa
:1031dc003380e7e7094a118801f0010303eb51033f
:1031ec001380d3e70020f8bd4ff0ff30fbe700bfa2
:1031fc00d03b0220fbe30100099901003a60022058
:0c320c00466002203e600220426002206a
:020000040000fa
:020000040001f9
:103218002de9f0439bb004460d46164699460df03d
:1032280031f800285fd080468368002b5ed0b5f95e
:1032380000300693b5f902300793b5f904300893c6
:10324800b5f906300993e368159363681393a36887
:10325800149320780df0a4f88df84800236916938c
:1032680000271997636917938df860700bf00cffae
:103278000546c3680d9343680b9383680c930078e5
:103288000df08ef88df828002b690e9311976b6955
:103298000f938df8407068460cf000f9b6f90030cd
:1032a800bdf900209b1a0293b6f90230bdf902203d
:1032b8009b1a0393b6f904300493b6f906300593c4
:1032c800b9f1fe0f2cd92378032b12d0053bdbb2c2
:1032d800012b0ed9d8f8085002ab0aaa06a912a8e1
:1032e800a847054614e04ff0ff3033e04ff0ff30b9
:1032f80030e0d8f81050ff234a4600210120a847a3
:10330800d8f8085002ab0aaa06a912a8a847054689
:103318002378032b13d0053bdbb2012b16d80ee024
:10332800d8f81040ff234a4600210120a047d8f8ca
:10333800084002ab0aaa06a912a8a0470546d8f871
:103348001040ff231a4600210846a047281c18bf32
:0a335800012040421bb0bde8f083e5
:020000040000fa
:020000040001f9
:023362007047b2
:020000040000fa
:020000040001f9
:103364002de9f04f8fb00546894605929a46002311
:103374000893adf83030adf832304369adf83430ed
:103384008369adf836300ca808f056f9002878d0d7
:103394000aaa49460ca806f050ffbdf92c30002bb0
:1033a40072ddbdf92e30002b71ddab682a7c052a55
:1033b4000cbf0622022208210291019200936b683d
:1033c40006aa07a908a809f058fd0446002861d1f7
:1033d400324e00230193089b00932b7c069a079995
:1033e400304607f08dff337c052b10d0042b21d001
:1033f400189b00935346059a4946284805f0cefb8e
:10340400089808f009fa00200fb0bde8f08ff369be
:10341400002bedd035466b6a297c53f8240006f066
:1034240007fd09906b6a43f824000134eb69a34259
:10343400f1d8dde7194bdb69002bd9d0174e4ff0db
:10344400000b00bf04eb4407d6f8248008eb070503
:10345400cdf824b02a88ab78adf824208df8263036
:10346400317c099806f0e4fc0990bdf824209df80d
:10347400263028f80720ab700134f369a342e1d861
:10348400b6e74ff0ff30bfe74ff0ff30bce74ff037
:10349400ff30b9e74ff0ff30b6e700bf405a0220d3
:020000040000fa
:020000040001f9
:1034a400f0b585b005460468a16cb4f9182002eba8
:1034b400d272e36ca3eb62020292b4f91a3003eb0a
:1034c400d373c1eb63030393434b02a90191626b72
:1034d40000920ccb03c905f097fc03984342039375
:1034e4002e6833685b6903ebd3735b10013b029a6c
:1034f400134402933268926902ebd272c04300eb28
:1035040062020392002b52db306841698b424eda2f
:10351400002a4cdb8069904249dd01398b424dd051
:10352400013890424ad00421c4f8901029680b65f0
:1035340029684a652168496901fb0231a1652f6840
:103544003968496901398b42b4bf5e1c1e463e6628
:1035540029684a662168496901fb0261a1662e68ef
:103564003168896901399142ccbf511c11463367d6
:10357400286841672068406900fb0131a167286819
:103584000668716901398b42b8bf0133b1690139e9
:103594009142c8bf0132c0f880302968c1f8842044
:1035a4002168496901fb0233c4f8883003e04ff015
:1035b400ff33c6f8ec30002005b0f0bd0121c4f89b
:1035c400901029680b6529684a652168496901fbdf
:0c35d4000233a365efe700bf985302200c
:020000040000fa
:020000040001f9
:1035e0001505020099040200d5c301009f040200e2
:1035f0001bc40100998c0100dd900100a5040200ac
:103600003da00100ab040200a5a001005983010008
:103610002d740100b9030200e9e5010021e2010077
:10362000190502004bba01008bed010011e6010003
:10363000c10302004de20100c903020079e201006a
:10364000c301020017f70100aded0100adb30100a9
:1036500000000000cfdc010000000000c5cc01002c
:10366000000000005d0002007fe801001d0502006f
:1036700089fd010031f70100e9c8010021050200c0
:1036800087fb0100250502009dfb010029050200c2
:10369000b3fb01002d050200c1eb01003105020062
:1036a000e5eb01006d00020061c401003505020078
:1036b00039e60100c9fb0100d1030200dff201007d
:1036c000c9020200a1d0010045d60100fba40100ff
:1036d000637a0100cf820100279801007f860100f4
:1036e00007a30100b75d010023650100e37201003b
:1036f000b1030200e14e01008de001005b03020016
:1037000039050200b1040200d9030200f1f0010002
:0c37100003ed01000d050200d1f00100e6
:020000040000fa
:020000040001f9
:10371c001505020099040200d5c301009f040200a4
:10372c001bc40100998c0100dd900100a50402006e
:10373c003da00100ab040200a5a0010059830100cb
:10374c002d740100b9030200e9e5010021e201003a
:10375c00190502004bba01008bed010011e60100c6
:10376c00c10302004de20100c903020079e201002d
:10377c00c301020017f70100aded0100adb301006c
:10378c0000000000cfdc010000000000c5cc0100ef
:10379c00000000005d0002007fe801001d05020032
:1037ac0089fd010031f70100e9c801002105020083
:1037bc0087fb0100250502009dfb01002905020085
:1037cc00b3fb01002d050200c1eb01003105020025
:1037dc00e5eb01006d00020061c40100350502003b
:1037ec0039e60100c9fb0100d1030200dff2010040
:1037fc0059e80100a1d0010045d60100fba401004d
:10380c00637a0100cf820100279801007f860100b6
:10381c004d000200b75d010023650100e372010059
:10382c00d5020200e14e01008de001005b030200b5
:10383c0039050200b1040200d9030200f1f00100c5
:0c384c0025ed0100110502009dad0100fa
:020000040000fa
:020000040001f9
:103858002de9f04f8db005461646d0f820b0446ae1
:10386800b0f904a00aebda7ab0f9003003eb6a0a7f
:10387800b0f9063003ebd373b0f9022002eb63080a
:10388800b42965dcb6f5877facbf4ff000094ff06f
:103898000109b6f5877f07db002c6fdb08f1ff38dd
:1038a800631c0193002746e06ff06303089300232d
:1038b800099306aa3146642009f0eaff54e02b6b0d
:1038c800ea6a41460aeb040008f0c6ff013429d52c
:1038d80004fb046300ee103ab8eec00a09f0f2ffe8
:1038e80007f0b4fdd5ed047af4eec07af1ee10fae3
:1038f800ecd8d5ed057af4eec07af1ee10fae5dbf6
:103908000a94002fdbd004aa08a90aa809f0b3f882
:103918000028dbd002aa06a90aa809f0acf80028fa
:10392800cdd1d3e74b46b9461f46013708f1010808
:10393800019b9f4222d07b420b93cbf10004bbf149
:10394800000ff2dd07fb07f63b464f469946bfe7f7
:1039580008aa642009f09cffb6f5877fa9db00233d
:1039680006936ff0630307934cf250330493054ab0
:103978000592029203934ff001098de70db0bde85f
:08398800f08f00bfb03cffff0f
:020000040000fa
:020000040001f9
:1039900030b4047814f0800f07d104f07f040121c3
:1039a00019601460002030bc704704f0e005c02da1
:1039b0002ed004f0f005e02d35d004f0f805f02d00
:1039c00040d004f0fc05f82d51d004f0fe05fc2d8c
:1039d00073d1052974d94178090601f07c51a407f7
:1039e00004f080440c43417901f03f010c4381789d
:1039f000890401f47c010c43c178090301f47c3192
:103a000021430479a40104f47c640c430621c7e734
:103a1000012946d9a40104f4f864417801f03f017a
:103a20000c430221bce702293ed94178890101f407
:103a30007c612403a4b22143847804f03f040c4346
:103a40000321ade7032932d94178090301f47c3120
:103a5000a40404f4e0140c43c17801f03f012143b5
:103a60008478a40104f47c640c43042198e70429bd
:103a700020d94178890401f47c01240604f04074c3
:103a80000c43017901f03f010c438178090301f4f3
:103a90007c312143c478a40104f47c640c430521e7
:103aa0007ee74ff0ff307ee74ff0ff307be74ff0cf
:103ab000ff3078e74ff0ff3075e74ff0ff3072e7e7
:063ac0004ff0ff306fe73c
:020000040000fa
:020000040001f9
:023ac600704747
:020000040000fa
:020000040001f9
:103ac8002de9f0418ab0109d494c247a002c7cd114
:103ad800047c2f7ca7427bd1073ce4b2022c7ad924
:103ae8001e4690460c460746f422002140480cf03a
:103af800bff90020adf82000adf822007b69adf8d1
:103b08002430bb69adf82630214608a807f092fd9d
:103b1800002863d006aa214608a806f08cfbadf859
:103b28001080adf81260bdf81c30adf81430bdf847
:103b38001e30adf816300023adf80830adf80a3065
:103b48006b69adf80c30ab69adf80e306b4606aa60
:103b580002a904a802f0baf8bdf91c30002b40dd18
:103b6800bdf91e30002b3fdd214b02221a721a4686
:103b780042f80c7b06a903c982e803005d6003f1e3
:103b88001402694603c982e803002a7c5a7218465f
:103b98000af082ffb0f1ff3f14d015480cf0c8f8c6
:103ba800b0f1ff3f0ed012480bf0bef9b0f1ff3f65
:103bb80008d00f480bf028fab0f1ff3f4ff0ff3064
:103bc80018bf00200ab0bde8f0814ff0ff30f9e7d8
:103bd8004ff0ff30f6e74ff0ff30f3e74ff0ff30dc
:103be800f0e74ff0ff30ede74ff0ff30eae700bfb6
:043bf800a0530220b4
:020000040000fa
:020000040001f9
:103bfc002de9f04f8db005461646036a0093446ad2
:103c0c00b0f904b00bebdb7bb0f9003003eb6b0bc2
:103c1c00b0f9063003ebd373b0f9022002eb630961
:103c2c00b1f5877f64dcb6f5b47facbf4ff0000a0a
:103c3c004ff0010ab6f5b47f06db002c6ddd631c7a
:103c4c0001934ff0010848e0002308936ff06303e1
:103c5c00099306aa3146642009f018fe53e00bf1d3
:103c6c00ff302b6bea6a4946204408f0f3fd01341f
:103c7c00a6422bd004fb047300ee103ab8eec00a37
:103c8c0009f01efe07f0e0fbd5ed047af4eec07ae5
:103c9c00f1ee10faebd8d5ed057af4eec07af1ee30
:103cac0010fae4db0a94baf1000fd8d004aa08a9e0
:103cbc000aa808f0defe0028d9d002aa06a90aa894
:103ccc0008f0d7fe0028cad1d1e700bf08f10108df
:103cdc0009f10109019b98451fd0c8f100030b9312
:103cec00009b002bf2dd08fb08f75e1c0124c1e7ea
:103cfc0008aa642009f0cafdb6f5b47fa9db6423d9
:103d0c000693002307934cf2503304930593044b12
:103d1c00029303934ff0010a8fe70db0bde8f08fcb
:043d2c00b03cffffa9
:020000040000fa
:020000040001f9
:103d30001505020099040200d5c301009f0402008a
:103d40001bc40100998c0100dd900100a504020054
:103d50003da00100ab040200a5a0010059830100b1
:103d60002d740100b9030200e9e5010021e2010020
:103d7000190502004bba01008bed010011e60100ac
:103d8000c10302004de20100c903020079e2010013
:103d9000c301020017f70100aded0100adb3010052
:103da0004dae0100cfdc0100c5d70100c5cc01003c
:103db00079e401005d0002007fe801001d050200ba
:103dc00089fd010031f70100e9c801002105020069
:103dd00087fb0100250502009dfb0100290502006b
:103de000b3fb01002d050200c1eb0100310502000b
:103df000e5eb01006d00020061c401003505020021
:103e000039e60100c9fb0100d1030200dff2010025
:103e1000e34d0100a1d0010045d60100fba4010043
:103e2000637a0100cf820100279801007f8601009c
:103e300007a30100b75d010023650100e3720100e3
:103e4000f5ad0100e14e01008de001005b030200d1
:103e500039050200b1040200d9030200f1f00100ab
:043e600085cc01000c
:020000040000fa
:020000040001f9
:103e64002de9f04f8db005461746d0f820b0466acc
:103e7400b0f904a00aebda7ab0f9003003eb6a0a6d
:103e8400b0f9064004ebd474b0f9023003eb6404d7
:103e9400002913dd08aa642009f0fcfc592f23dd56
:103ea4000023069364230793384b04934cf2503257
:103eb4000592029203934ff0010906e0592ad4bff8
:103ec4004ff001094ff0000908dd002e5add00947f
:103ed40004f1ff38f6433319019346e00029d9d1a0
:103ee400642308930023099306aa3946642009f041
:103ef400d1fcd9e70af1ff302b6bea6a4146204432
:103f040008f0acfc0134a7422ad004fb046300eea1
:103f1400103ab8eec00a09f0d7fc07f099fad5edcb
:103f2400047af4eec07af1ee10faebd8d5ed057a06
:103f3400f4eec07af1ee10fae4db0a94b9f1000f62
:103f4400d8d004aa08a90aa808f097fd0028d9d057
:103f540002aa06a90aa808f090fd0028cad1d1e750
:103f640008f1ff38019b98450cd0009ba3eb080691
:103f74000b96bbf1000ff3dd06fb06f60bf1010710
:103f84000124c2e70db0bde8f08f00bfb03cffffd5
:020000040000fa
:020000040001f9
:103f94002de9f04f95b083468a46914698461e9e79
:103fa400209d0cf071f900284ed007460368002bc1
:103fb4004dd00bf06bf80446c3680f9343680d9320
:103fc40083680e9300780cf0edf98df830002369c6
:103fd400109300231393626911928df8483006a858
:103fe4000cf01af8bdf91830a3eb0b020a92bdf9d4
:103ff4001a00a0eb0a020b92a3eb09020892a0ebb1
:1040040008020992b6f900209b1a0293b6f902300d
:10401400c01a0390b6f904300493b6f90630059338
:10402400fe2d2fd99df83030032b13d0053bdbb286
:10403400012b0fd91f9b00933c6802ab08aa0aa965
:104044000ca8a047044614e04ff0ff3033e04ff0d3
:10405400ff3030e03c69ff232a4600210120a047bd
:104064001f9b00933c6802ab08aa0aa90ca8a047ae
:1040740004469df83030032b13d0053bdbb2012bf3
:1040840015d80ee03c69ff232a4600210120a047f1
:104094001f9b00933c6802ab08aa0aa90ca8a0477e
:1040a40004463d69ff231a4600210846a847201c00
:0c40b40018bf0120404215b0bde8f08f9d
:020000040000fa
:020000040001f9
:1040c0002de9f04f8db005461746d0f820a0466a7e
:1040d000b0f9049009ebd979b0f9003003eb690924
:1040e000b0f9064004ebd474b0f902b00beb640bea
:1040f0005a2960dcb32ad4bf4ff001084ff0000802
:1041000008dd002e6cddcdf804b00bf1ff37f6436f
:10411000b34442e0002308936423099306aa394676
:10412000642009f0b9fb51e02b6bea6a414609ebc8
:10413000040008f095fb013429d504fb046300ee6c
:10414000103ab8eec00a09f0c1fb07f083f9d5edcb
:10415000047af4eec07af1ee10faecd8d5ed057ad7
:10416000f4eec07af1ee10fae5db0a94002fdbd012
:1041700004aa08a90aa808f082fc0028dbd002aa39
:1041800006a90aa808f07bfc0028cdd1d3e7434656
:10419000b8461f46013f5f4522d0019bde1b0b96b0
:1041a000caf10004baf1000ff4dd06fb06f63b4647
:1041b00047469846c1e708aa642009f06dfbb32f73
:1041c000acdd6ff06303069300230793064b049363
:1041d00005934cf25033029303934ff0010890e79c
:0c41e0000db0bde8f08f00bfb03cffff49
:020000040000fa
:020000040001f9
:1041ec000a0d204150505f43414d5f5461736b3a4f
:1041fc00204172647543414d2053746172742100e7
:10420c000a0d204150505f43414d5f5461736b3a2e
:10421c00204172647543414d20636f6e666967750a
:10422c00726174696f6e20697320636f6d706c6559
:10423c0074656421200000000a0d204150505f433a
:10424c00414d5f5461736b3a20456e746572202743
:10425c00302720746f207265736574207468652034
:10426c0064657669636520000a0d204150505f43f8
:10427c00414d5f5461736b3a20456e746572202713
:10428c00312720746f2063617074757265207468b7
:10429c006520696d616765200000000025630000e2
:1042ac000a0d0a0d204150505f43414d5f5461731c
:1042bc006b3a205363616e6e696e672e2e2e000072
:1042cc000a0d204150505f43414d5f5461736b3a6e
:1042dc00205363616e20416761696e2e2e2e212062
:1042ec00000000000a0d204150505f43414d5f54c7
:1042fc0061736b3a205461736b204572726f722e2e
:08430c002e2e21200a0d0000f5
:020000040000fa
:020000040001f9
:104314002de9f04101224249424c43482272066889
:10432400b1f8403020889bb226f81030072081f87d
:104334002e0008886ff3410008803c4827880168f4
:104344004d680c2101fb0751c97a04291dd9656800
:10435400ddb1257d04391544c9b2edb22575a569d1
:104364001d44a56194f814e002fa01f5ae450ed19e
:10437400a56925fa01f126f817102d4909780129b4
:1043840007d0022924d0bde8f08126f81730002296
:10439400f3e70168238848680c2101fb0301c97a0b
:1043a400042905d9616819b122b10022a2612275dc
:1043b4000133238008f0eafe30b92088fcf7aafa1a
:1043c40004236372bde8f081e368bde8f041184757
:1043d40006680c252188726805fb0125aa7a02f07b
:1043e4000f00ea7a0625042a28bf0422904238bf27
:1043f400121ab0682cbf0022d2b205fb01010d4d88
:1044040013412d6898b24a88ad79561bb04202dd3b
:104414002a44904202db4b80236998470223d0e769
:10442400001c0043a45d02200c00002008000020b2
:08443400ab6702200400002028
:020000040000fa
:020000040001f9
:10443c002de9f04f0e4649683568d6f80890f768b4
:10444c008bb0cde903230029acbf25f00205012177
:10445c0015f010030593039b8346d3e900232fd05b
:10446c0052ea03002cd0a9f10208346915f00800b7
:10447c0004f1ff3408904ff00000385518bf08f1d4
:10448c00ff388a46012c1ddc059b002b54d1089b60
:10449c0013b1013c20233b5532690095013a4b4640
:1044ac00121b3919584604f02ffadbf80430db05df
:1044bc0003d573689842b8bf18460bb0bde8f08faf
:1044cc00c846d2e752ea030009d1baf1000f06dc64
:1044dc00a8eb010050440028d6dda807d4d502f083
:1044ec000f000928d4bf00f1300e00f1570e0498cc
:1044fc00a0f1410cbcf1190f04f1ff3410d84ef0af
:10450c00200cacf1610cbcf1190f09d87046099163
:10451c00cde906230bf064fedde9062309998646f6
:10452c00100940ea03704fea131c07f804e00af183
:10453c00ff3a02466346a5e7039bd3e9000150ea24
:10454c000103a4d03a19049b02f8013c023c30232d
:04455c003b559ce748
:020000040000fa
:020000040001f9
:1045600070b584b0437e002b67d0044603689b6e11
:1045700002a99847637e012b65d0bdf90c30002b52
:104580005fd0bdf90e20002a5bd0032b70dd032a1b
:104590006edd0225bdf80830adf80030bdf80a30f8
:1045a000adf802302eb2adf80460bdf80e30adf8b3
:1045b00006302368d3f82c31694620469847bdf869
:1045c0000c30adf80430adf806602368d3f82c3118
:1045d000694620469847adb2bdf80830bdf80c20ba
:1045e00013445b1badf80030bdf80a30adf8023063
:1045f000adf80460bdf80e30adf806302368d3f88e
:104600002c31694620469847bdf80830adf8003097
:10461000bdf80a30bdf80e2013445b1badf8023024
:10462000bdf80c30adf80430adf806602368d3f85f
:104630002c3169462046984703e00368d3f8dc3004
:10464000984704b070bdbdf90c30002bf9d0bdf90e
:104650000e20002af5d0012b03dd012a01dd012502
:1046600098e72368d3f82c3102a920469847e8e759
:0e4670002368d3f82c3102a920469847e1e7d1
:020000040000fa
:020000040001f9
:02467e00704783
:020000040000fa
:020000040001f9
:104680002de9f843414b1b68002b7dd0dff80881f2
:104690003f4e08f105093d4f69e0336803b1984783
:1046a000013510343b68ab425ed9204614f8043c17
:1046b0000c2bf5d801a252f823f000bf9b46010055
:1046c000f1460100fb460100054701000f470100cc
:1046d00019470100234701002d470100374701001a
:1046e000414701004b470100554701005f4701006a
:1046f0007368002bd4d09847d2e7b368002bcfd093
:104700009847cde7f368002bcad09847c8e73369cc
:10471000002bc5d09847c3e7f369002bc0d098475a
:10472000bee77369002bbbd09847b9e7b369002b8c
:10473000b6d09847b4e7336a002bb1d09847afe7bb
:10474000736a002bacd09847aae7b36a002ba7d0b6
:104750009847a5e7f36a002ba2d09847a0e7336bf0
:10476000002b9dd098479be73436c84509d018f8f0
:10477000013b002bf8d03b68002bf5d0054c002501
:1047800093e7024b00221a60bde8f883186002200c
:0c4790009452022098500220d45f0220b6
:020000040000fa
:020000040001f9
:10479c002de9f0418ab0109e424f3f7a002f72d122
:1047ac0090f810c0377cbc4570d11f4690460d4622
:1047bc000446c82200213b480bf058fb0021adf801
:1047cc002010adf822106369adf82430a369adf860
:1047dc002630294608a806f02bff002859d006aa37
:1047ec00294608a805f025fdadf81080adf812702b
:1047fc00bdf81c30adf81430bdf81e30adf81630d5
:10480c000023adf80830adf80a307369adf80c3000
:10481c00b369adf80e306b4606aa02a904a801f0e4
:10482c0053fabdf91c30002b36ddbdf91e30002bc0
:10483c0035dd1c4b02221a721d4645f80a4b06aa9e
:10484c0003cac3f80a0069605e606a4603cac3f80b
:10485c001200c3f8161018460af09ef8b0f1ff3f8c
:10486c000ed010480af01efbb0f1ff3f08d00d48e7
:10487c000af038fbb0f1ff3f4ff0ff3018bf0020bb
:10488c000ab0bde8f0814ff0ff30f9e74ff0ff3090
:10489c00f6e74ff0ff30f3e74ff0ff30f0e74ff063
:0848ac00ff30ede7805502200a
:020000040000fa
:020000040001f9
:1048b4002de9f04f85b001920293ddf83c90119ef2
:1048c400dff8f880dff8f8e0041fdff8f8c03a4fab
:1048d400043918300d4622460394109c04e000bfae
:1048e400caf800b0824224d058f804af0af1ff336a
:1048f4005ef804bfa3eb0b034b44b3fbfaf342f89b
:10490400043f5cf804af0af1ff3357f804bfa3eb8c
:104914000b032344b3fbfaf36b609246136803b1b1
:104924006b6845f8043f9b46002bd9d0daf800b0f9
:10493400d6e7039c00230e9a1360029a1360019831
:10494400054603601346ddf838c000f11c029046aa
:104954001ee07046384428601f6854f8040f00fbba
:1049640006f00730c0084a6802fb007043f8040fe1
:10497400dcf8007051f8040f226802fb00f006fb1b
:1049840000f0073007ebd0074cf8047f454510d002
:1049940055f8047b60680028dcd0d1f804e0bef14f
:1049a400000fd6d006fb00f00730c00800fb0ee075
:1049b400d0e705b0bde8f08f84f4010030f40100c5
:0849c40068f401004cf401004d
:020000040000fa
:020000040001f9
:1049cc0030b4404b404a1a604ff490221a610022d6
:1049dc0083f8402083f8412083f8422083f8432059
:1049ec0083f8442083f8452083f8462083f8472039
:1049fc00012183f84c1083f84d1083f84f2083f875
:104a0c00501083f8511083f8522083f8531083f818
:104a1c00541083f8551083f8561083f8571083f808
:104a2c005b1083f8302083f8312083f8322083f830
:104a3c003320222083f8360083f8372083f838009f
:104a4c00202083f83900112083f83a0083f83b00ca
:104a5c00102483f83d401d4dc3f8805005f50035fa
:104a6c00c3f8905083f8c01083f8c11083f8c220ab
:104a7c0083f8c31083f8c42083f8c52083f8c610cc
:104a8c0083f8c71083f8ce1083f8cf1083f8d020aa
:104a9c00062183f8d11083f8d620412183f8d71052
:104aac0083f8b00083f8b14083f8b22083f8b300e8
:104abc0083f8b70083f8b820d02283f8bb2030bc31
:104acc00704700bf00800041ff8004003400c1002b
:020000040000fa
:020000040001f9
:104adc00002879d13e4b93f85030012b02d04ff087
:104aec00ff3070473a4b002283f8502093f9103076
:104afc00022b49d1364b1b78002b45d0344b5b78bd
:104b0c00002b48d1324b5b68002b4bd130b4304b6f
:104b1c009d68002d50d0da681046d3784bb12832fe
:104b2c0000230133ab4247d010462832c478002c06
:104b3c00f7d10122c27011f0080f02d0244a0124cf
:104b4c005470234a546801345460948cdbb243eaa9
:104b5c0004434362938c01339bb24ff6ff72934232
:104b6c0008bf01231a4a9384012382f8503041f084
:104b7c0004018170002343608360ff22027780f878
:104b8c0020300380406a1de0114b012283f8502035
:104b9c004ff0ff3070470e4b012283f850204ff03e
:104bac00ff30704711f0080fb0d0094b012283f889
:104bbc0050204ff0ff307047054b012283f85020f6
:104bcc004ff0ff3030bc70474ff0ff30704700bfe4
:044bdc0084580220d7
:020000040000fa
:020000040001f9
:104be0003c4b1b7803b17047f0b583b008f0dafb9b
:104bf000384b586060b3384b2022c3f894204ff0f4
:104c0000ff33019301a90a2006f0a8fe20b90198fc
:104c10000af0d6fe0028fad02f4b2022c3f89820a5
:104c20004ff0ff33019301a91e2006f097fe20b933
:104c300001980af0c5fe0028fad0264b5d680022d4
:104c40001146284606f0aafc244fbc1c923710e0ff
:104c500009221a703ce03146284607f07df950bb26
:104c600028460bf093f90028fad012e01834bc4221
:104c700021d0264614f8021c284607f037fcd0b98c
:104c800028460bf083f90028fad016f8012c002ae8
:104c9000e1d1d6f812000028e8d04ff0ff3301939d
:104ca00001a906f05bfe0028e0d101980af088fe19
:104cb0000028fad0dae701220021284606f06efc2f
:104cc000044c0022064960680bf068f90123237048
:104cd00003b0f0bdec5d022000800041dc7d0100ee
:044ce00021fc0100b2
:020000040000fa
:020000040001f9
:104ce4002de9f84f0446894690469b46816c013174
:104cf4008900c06cfdf772fc0546a16c0131890086
:104d0400206dfdf76bfc0646a16c01318900606dd6
:104d1400fdf764fc8246a16c01318900a06dfdf7aa
:104d24005dfc0746002d4cd0002e4ad0baf1000f8e
:104d340047d0002845d0a06c431ca364e5642665d5
:104d4400c4f854a0a76505eb80000af05ffd6ff07e
:104d54004045a06c2844e36c494603eb800008f00e
:104d6400abfba06c2844236d03eb80000af04efdde
:104d7400a06c2844236d414603eb800008f09cfba3
:104d8400a06c2844636d03eb80000af03ffda06c27
:104d94002844636d594603eb800008f08dfba06c3a
:104da4002844a36d03eb80000af030fda06c054499
:104db400a06d0a9900eb850008f07efb0020bde899
:104dc400f88f284606f028fd304606f025fd5046ab
:0e4dd40006f022fd384606f01ffd5320efe7e3
:020000040000fa
:020000040001f9
:024de200704718
:020000040000fa
:020000040001f9
:104de400012b6ad92de9f04383b01678577807eb85
:104df4000625384c84fb05c42c442411c4eb44140c
:104e0400a5425cd106f00f04082c5ad17f2e5cd841
:104e140017f0200f5bd11c4617460e46804602321f
:104e2400023b0a998d68bdb100913146a84700281c
:104e340048d10a9b1d68002d44d1201f38440af034
:104e44007ffe8146d8f80020306868b329460123e4
:104e540041f2ae5c204f17e00a9900913146f6f713
:104e640093fde4e7a7fb0304e40bc4eb043e04eb6b
:104e74000e141b1ba7fb0104e40bc4eb043e04eb60
:104e84000e14091b30468eb10446604528bf6446a3
:104e9400061b0028e6d0144412f801eb73441944ad
:104ea400a242f9d12246dde70146012343ea014348
:104eb40099450cbf28463a2004e035207047182055
:104ec40000e0192003b0bde8f0831920fae71a20a6
:0c4ed400f8e700bf4308218471800780cc
:020000040000fa
:020000040001f9
:104ee00038b504460b78642b4ad00d4614d9662b8e
:104ef0005bd04fd3672b63d0682b13d1436913f07a
:104f0000100f0fd109f0cefc01280bd02368d3f885
:104f1000fc302046984705e0022b13d0032b20d00d
:104f2000012b00d038bd436913f0100ffad109f0fe
:104f3000b9fc0128f6d02368d3f80431294620466d
:104f40009847efe7436913f0100febd109f0aafc83
:104f50000128e7d02368d3f808312946204698472e
:104f6000e0e7436913f0100fdcd109f09bfc012846
:104f7000d8d02368d3f80c31294620469847d1e78a
:104f800009f090fc0128cdd02368d3f830312046b9
:104f90009847c7e709f086fc0128c3d02368d3f8f7
:104fa000f030294620469847bce709f07bfc0128f1
:104fb000b8d02368d3f8f430294620469847b1e7a3
:104fc000436913f0100fadd109f06cfc0128a9d092
:0c4fd0002368d3f8f83020469847a3e788
:020000040000fa
:020000040001f9
:104fdc002de9f0418cb00646884617460bf050f987
:104fec00002834d005464368002b33d00af04af829
:104ffc000446c36807934368059383680693007857
:10500c000bf0ccf98df810002369089300230b9357
:10501c00626909928df82830b6f900300093b6f920
:10502c0002300193b6f904300293b6f906300393bb
:10503c00fe2f2ad9032810d00538c0b201280cd96c
:10504c006b684246694604a89847044614e04ff042
:10505c00ff3036e04ff0ff3033e02c69ff233a4647
:10506c0000210220a047eb68012098476b6842465c
:10507c00694604a8984704469df81030032b13d0ba
:10508c00053bdbb2012b18d80ee02c69ff233a4606
:10509c0000210220a047eb68012098476b6842462c
:1050ac00694604a8984704462e69ff231a46002136
:1050bc000846b047eb6800209847201c18bf012019
:0850cc0040420cb0bde8f08188
:020000040000fa
:020000040001f9
:1050d4002de9f04f85b08046831e029300f5475ab0
:1050e4000af13e0a1c460020014600bf34f8022f94
:1050f4000023801843eb0101a245f7d14ff4c852b5
:10510400002308f063ff1ffa80fbcdf804b0cdf84c
:105114000c8032e092b20023b61843eb0707013447
:1051240045f10005e2450dd03cf8022f5a45f1d374
:1051340092b20023801843eb010118f1010849f1f0
:105144000009efe758ea090312d054ea05030fd027
:1051540042464b4608f03aff1ffa80fb22462b4694
:105164003046394608f032ff1bfa80fb4fea5b0bee
:10517400019b9b450cd0cdf804b0ddf808c0002499
:10518400002526462f46a046a94620462946cbe7b9
:10519400ddf80c8001225946404600f0fbf9fdf78a
:1051a400e1fcc0b218b9012005b0bde8f08f0022bf
:1051b400594608f5207000f0edf9fdf7d3fcc0b2b4
:0851c400b0fa80f04009efe7aa
:020000040000fa
:020000040001f9
:1051cc002de9f0471646c2688a46c57919461f462e
:1051dc0010460af0c3fe57454fea151420eae0705a
:1051ec001ffa80f858d0791e104689b20af0b6fe24
:1051fc00002851dd1ffa80f90aeb0603013b9f42a0
:10520c004dd0791c104689b20af0a8fe002846dd64
:10521c0082b2a7eb0a0091454fea003087b240d327
:10522c00a8eb020080b2821a09eb02010c2289b2af
:10523c0005f064ffa0f5805000b2022e384480b215
:10524c0004d9711e002289b205f058ffb0f5805fb9
:10525c0028bf4ff4805015f00f0580b210d005eb2d
:10526c0085050c22ed0085424fea450198bf401b95
:10527c00c1f580518cbf002080b289b205f03eff91
:10528c0040f6ff739842c4f10c0428bf184680b254
:10529c00204180b2bde8f0874ff00009ace7002256
:1052ac00b7e7a8eb4901a2eb090011440c2280b22c
:0852bc0089b205f023ffbfe7f2
:020000040000fa
:020000040001f9
:1052c4002de9f04182b00446884617461e46099de2
:1052d400b0f90620b0f9021000954346023a0131b4
:1052e400b0f9000002f0bcfbb4f90620b4f90210d6
:1052f400b4f9000000953b46023a0131013002f056
:10530400affbb4f9042000954346013ab4f9021006
:10531400b4f9000002f0f0fbb4f90420b4f902106f
:10532400b4f9000000953b46023a0131013002f025
:10533400e3fbb4f90620b4f90210b4f90000b4f99f
:105344000430184400953346023a0131013802f022
:1053540087fbb4f90620b4f90210b4f90000b4f9db
:10536400043018440095089b023a0131023802f0d7
:1053740077fbb4f90210b4f90630194400953346aa
:10538400b4f904200139b4f9000002f0b5fbb4f912
:105394000420b4f90210b4f906301944b4f9000039
:1053a4000095089b023a0239013002f0a5fb02b0d5
:0453b400bde8f081df
:020000040000fa
:020000040001f9
:1053b8000378002b71d090f91030022b6dd170b5a5
:1053c8000446056aab69c3f307223449542000fb3d
:1053d8000212dbb203eb8303d66806ebc30696f929
:1053e8001c00b0f1ff3f0ed0737ff3b900f01f032c
:1053f800c0f34a1000f5020000f5807001219940c1
:10540800c0010bf097f8726aab699a421bd0236a05
:105418002bb11a6a226200225a751a621a70256a1a
:1054280015b16b7d012b2bd070bd00f01f03c0f3ad
:105438004a1000f5020000f5807001219940c00172
:105448000bf07af8dfe701232b75e969236a2bb1a2
:105458001a6a226200225a751a621a707368002b3f
:10546800ddd094f82630013384f826307368b268aa
:105478000120984794f82630013b84f82630cee77f
:10548800284600f0e3fd02236b7563695c682b69ad
:105498006a68e968a868a047c6e770478458022088
:020000040000fa
:020000040001f9
:1054a800f0b58bb004460d4617461e4668460af00e
:1054b800b1fd364b1b7a002b5bd1c8220021334843
:1054c8000af0d6fc0023adf82030adf8223063692d
:1054d800adf82430a369adf82630294608a806f0af
:1054e800a9f8002848d006aa294608a804f0a3fe6f
:1054f800adf81070adf81260bdf81c30adf814307e
:10550800bdf81e30adf8163002ab06aa694604a8ed
:1055180000f0dcfbbdf91c30002b30ddbdf91e307e
:10552800002b2fdd194b1d4645f80a4b06aa03ca66
:10553800c3f80a00696002aa03cac3f81200c3f8d4
:105548001610184609f02afab0f1ff3f0fd00f489d
:1055580009f0aafcb0f1ff3f09d00c4809f0b4fcef
:10556800b0f1ff3f03d0094b01221a7200200bb0a3
:10557800f0bd4ff0ff30fae74ff0ff30f7e74ff09c
:10558800ff30f4e74ff0ff30f1e700bf805502200d
:020000040000fa
:020000040001f9
:105598002de9f0419446a2b3841e00f27e20002734
:1055a8003a463b463d46be46dff8cc8005e001372b
:1055b80065463d2b5bd8a04218d034f8026f8e4266
:1055c80009d8002df3d1002af1dd28f81320013382
:1055d800dbb20022ebe735b1002f04dd28f81370a9
:1055e8000133dbb2002701327546e2e7002fc7bf5f
:1055f800214a22f81370204921f813200133d8b228
:1056080036e000f520740230154600273a463b463e
:10561800dff864804ff0010e05e0013775463d2b39
:1056280028d8a04218d034f8026d8e4209d8002d2f
:10563800f3d1002af1dd28f813200133dbb2002270
:10564800ebe735b1002f04dd28f813700133dbb226
:10565800002701326546e2e7002fc7bf064a22f855
:105668001370054921f813200133d8b200e0002057
:0c567800bde8f0810020fbe7085802208c
:020000040000fa
:020000040001f9
:10568400f8b5002866d003680c261d880023194647
:105694009ab295424ed800295ed0304c0af01cfdd7
:1056a4002f48637a002b4fd10af016fd038843f08c
:1056b400010303800af010fd012301626372294f84
:1056c4000022294c1546012621fa02f3db072cd5ca
:1056d400d05d00f03f0c10f0010f4fea90134fea39
:1056e4005c0e4feac31304eb030023447044634489
:1056f40090f830e014bf66f3071e66f3030e80f8db
:1057040030e083f8405093f8400040f0010083f803
:10571400400093f8400065f3820083f8400093f85a
:10572400400065f3410083f840000132202acbd1c8
:105734000020f8bd06fb03f244680133a718a25801
:105744007c6822431143a3e70af0c6fc036a0b43b7
:105754000362b4e70b20f8bd0220f8bda45d02206b
:0c576400001c0043c8e001000080004170
:020000040000fa
:020000040001f9
:10577000f8b5064604680423c4f89030c168606a2e
:1057800006f032fc7061334d85fb0035c017c0eb6d
:10579000651533681b685b69ab42d8bf03f1ff3501
:1057a0003169a06a06f020fcb0612a4b83fb00231c
:1057b000c017c0eb631033681b689b698342d8bf76
:1057c00003f1ff302a4625650346606521684f696d
:1057d00007fb0057a765256660663068006840696a
:1057e000013885423cbf013525664869256e00fbbe
:1057f0000350a066226763673068006880690138db
:1058000083423cbf581c6067606f4d6905fb0020f8
:10581000a067c4f88020c4f884303068006840690c
:10582000013882423cbf0132c4f8802032681268dd
:105830009269013a93423cbf0133c4f88430d4f8f2
:1058400084304969d4f8802001fb0323c4f88830f0
:085850000020f8bd1f85eb519b
:020000040000fa
:020000040001f9
:10585800002b69d02de9f843984614460e460546b4
:10586800334b1b78012b2ad0b8f1ff0f32d009f047
:105878000bfc3246294606f057fe07460af018f890
:105888003a46052109f08cfd07460af011f8224630
:10589800052109f085fd04460af00af8032820d0fe
:1058a80003d3421fd2b2012a1bd924f0ff0048ead1
:1058b800000010f0ff0f22d10020bde8f8831d4b37
:1058c8001978104609f034f880b3b8f1ff0fced13b
:1058d800ff28ccd1002322463146284609f0f0fea5
:1058e800ebe75ffa84f9ff21404608f027fc014600
:1058f800484606f075fb24f0ff042043d9e73946f3
:1059080000f000f9044609f0d3ff224601460520bd
:1059180009f046fd044609f0b7fb234632462946fe
:1059280005f030f90020c8e7002070470020c4e7e0
:085938004d6002204e600220c8
:020000040000fa
:020000040001f9
:1059400070b40401354d25442d7b04f1824404f5e7
:10595000204494f84e4014f0030f02d1edb2002d14
:1059600055d1040104f1824505f52045032685f84b
:105970004e602a4d254401262e73294d2c5b14f4cc
:10598000806f19bfc91805eb0014254c04eb0014f7
:1059900061600101224c615a11f4006f27d01a4452
:1059a00004eb00118a601e4902018c18895a9bb2cf
:1059b000c1f301210b419bb2638002f1824303f5e5
:1059c00020431a6c42f002021a641a6c12f4fe4f61
:1059d0001fd193f8463013f0400f1dd111490c69c7
:1059e000012202fa00f323430b61104612e00d4935
:1059f000498811f4404f04d1094901eb00118a6034
:105a0000d1e71168064a02eb00129160cbe7002053
:105a100000e0012070bc70470120fbe7805e02209f
:085a2000705e022000a00041ad
:020000040000fa
:020000040001f9
:105a280010b5364b5b7c012b08d05ab212b1022b51
:105a38001bd010bd314b01225a74fae701f0a6fbc6
:105a48000af062fc10f0010f03d02c4b02225a74aa
:105a5800efe72a4b1b7c012bebd1284b0020187455
:105a68009a88198808f04cf8e3e700200af0e2f970
:105a7800044601200af0def9e3b27f3bc3eb0313cf
:105a88005b011f4a82fb0341cc18d917c1ebe41113
:105a9800f031c343dbb27f3b03eb83039b0182fb03
:105aa8000302d018da17c2ebe012a032134b1b7caa
:105ab800012b04d0a3b1114b01225a74b9e70f4b43
:105ac8001b68994203d10d4b5b689a42f3d00b4b8c
:105ad80019605a6092b289b2002008f02bf8eae700
:105ae800064b012018749960da6019605a6092b206
:105af80089b2002007f0eaffdde700bfd85d022089
:045b08008180808098
:020000040000fa
:020000040001f9
:105b0c002de9f04110f0ff0565d00346ff2d61d063
:105b1c0011f0ff0c62d0bcf1ff0f3fd0c5f1ff04b8
:105b2c00c5eb05267f360cfb04662d48a0fb06262c
:105b3c00f6091f0e0a0e0cfb02f204fb02f27f3276
:105b4c00a0fb02e2d20905fb0727b7fbf6f7c3f36c
:105b5c00074ec1f307420cfb02f204fb02f27f3248
:105b6c00a0fb0282d20905fb0e22c3f30723c1f36b
:105b7c0007210cfb01fc04fb0cf47f34a0fb041488
:105b8c00e40905fb0343b2fbf6f1090441ea0761a2
:105b9c003143b3fbf6f641ea06211ce0030a090a7d
:105bac00c5f1ff0203f0ff1001f0ff1402fb04f437
:105bbc0005fb004000f0ff2003f47f4301f47f411c
:105bcc0002fb01f105fb031101f47f01014341f0dc
:105bdc00ff0100e001460846bde8f0810146fae706
:045bec0081808080b4
:020000040000fa
:020000040001f9
:105bf000020e69d00346ff2a65d05fea116c65d0ba
:105c00002de9f041bcf1ff0f41d0c2f1ff05c2eb1d
:105c100002267f360cfb05662d48a0fb0646f609da
:105c2000c3f30747c1f307440cfb04f405fb04f47a
:105c30007f34a0fb04e4e40902fb0747c3f3072e0b
:105c4000c1f307240cfb04f405fb04f47f34a0fb30
:105c50000484e40902fb0e44dbb2c9b20cfb01fc74
:105c600005fb0cf57f35a0fb0515ed0902fb035183
:105c7000b1fbf6f141ea0661b7fbf6f741ea0741ed
:105c8000b4fbf6f441ea04210846bde8f081c2f114
:105c9000ff0400f0ff1001f0ff1504fb05f502fb07
:105ca0000050000a00f0ff1003f47f4301f47f412d
:105cb00004fb01f102fb0313190a01f47f410143c4
:105cc00041f07f41e0e70146084670470146fbe7a7
:045cd00081808080cf
:020000040000fa
:020000040001f9
:105cd400f0b5056844681d605c60b3f90050b1f923
:105ce4000040a5425dda16883444641b148094880d
:105cf4000d88641b1d882c449480b1f900501d80cc
:105d04000488641b9d882c449c80b3f90060b3f91b
:105d14000450b1f90040b1f9047006eb050e04eb30
:105d2400070ce6450bdd644697883c44a41b641bc2
:105d340094800c888d882c441d88641b9c80b3f946
:105d44000250b1f90240a5422fda56883444641b4c
:105d54005480d4884d88641b5d882c44d480b1f968
:105d640002405c804088001bdc882044d880b3f962
:105d74000250b3f90640b1f90200b1f9066005eb2f
:105d8400040c8719bc450bdd3846d6883044401bcb
:105d9400001bd0804a88c9880a445988521ada807c
:105da400f0bdb0f900401c80afe7b0f902005880a4
:025db400dde729
:020000040000fa
:020000040001f9
:025db600704734
:020000040000fa
:020000040001f9
:105db8002de9f04f8bb004460d4691469a46149e45
:105dc800ddf858b0adf82030adf822604b88adf85a
:105dd80024308b88adf8263008a809f075fd012815
:105de80049d009f065fd0a2894f8188007bf244aad
:105df800244b254a254bb8f1000f0cbf9046984616
:105e080006a908a80af00ef9bdf918205245ccbf1a
:105e1800a2eb0a0300230493b5f9027007eb0a0109
:105e2800bdf91c3013449942c4bf5b1aff18bdf971
:105e38001a40bdf92230e41abdf91e30002b1addd4
:105e4800cdf814a0ddf854a0e889cdf808b0cdf855
:105e580004a00097049b3219059904fb0090c047e1
:105e68000134bdf91a30bdf922209b1abdf91e2054
:105e78001344a342e8dc00200bb0bde8f08f00bf5c
:105e88000dc70100bbd20100ef840100c9790100f0
:020000040000fa
:020000040001f9
:105e98008369002b62d02de9f04704460f4615466a
:105ea800c38b93421bd900295bd00b68db6908467a
:105eb8009847002857d03b68db69384698478046a2
:105ec800002852d063699b6d20469847e28b531e89
:105ed800e8430244934218db4fea480609e0436965
:105ee8009b6a9847bde8f087013be28b02449a42df
:105ef8000bdca18b08eb03029142f5d9a26932f8b9
:105f08001310324422f81310eee7c246b8f1000f1e
:105f180014dda38b9d4211d2002600bfd4f818903f
:105f28003b689b6931463846984729f81500013681
:105f3800564503d00135a38b9d42efd3e38b98449c
:105f48001ffa88f8a38b984528bf9846a4f81e80a6
:105f58006369db6d204698470020c3e74ff0ff30a8
:105f680070470020bee70020bce70020bae700bf6a
:020000040000fa
:020000040001f9
:105f7800f8b5344c656b63689b69984760616069e4
:105f880009f00efdd4e90a67321847f10003c4e9a5
:105f98000a23002d4cd094f83030013384f8303087
:105fa80007f0faff646b2cb1a3681bb90125002721
:105fb800244e10e0244d00242e461fe0e06907f02f
:105fc800c5f8e3680bb120699847746b002cf1d0d1
:105fd800a368002beed125756575a37813b9e3681e
:105fe800002bebd1204604f0bbfca378002be8d1b2
:105ff8006770e6e701342035052c13d006eb44130f
:106008005b7d002bf6d006eb441300225a75ab7863
:10601800012befd16b6806eb44118b60284601f029
:1060280069ffe7e7074a92f83030013b82f83030e1
:106038000af0d6f9044600f0a3fc20460af0d4f989
:0c604800f8bd00bf005a0220485602209c
:020000040000fa
:020000040001f9
:106054002de9f04186b080468169304ec1f30720b6
:10606400542202fb0060cbb203eb8303db00c06865
:106074001d181c5a02fb0462936a99423bd001ae7c
:1060840005f10c070fcf0fc63b683360234b542236
:1060940002fb04346a69236b53f8223003932a69a0
:1060a400636b53f822300293aa69e36a53f82230ef
:1060b400049363691b68002101a89847d8f8183035
:1060c400a362002385f8203095f91c00b0f1ff3f4e
:1060d4000ed06b7fa3b900f01f03c0f34a1000f584
:1060e400020000f5807001219940c0010af026faef
:1060f40006b0bde8f08195f82030002be4d0bee76f
:1061040000f01f03c0f34a1000f5020000f5807090
:1061140001219940c0010af00ffae9e784580220ee
:020000040000fa
:020000040001f9
:10612400f0b58fb002ac84e803001d46bdf90c1035
:10613400bdf90e4001ebd17040104642069604ebc7
:10614400d4735b100793091a089109930a961b1bd1
:106154000b930c910d93002304930593574206acc3
:106164000194009704ae96e80c0094e8030002f052
:106174004bfe08a90191009796e80c0003c902f0b0
:1061840043fe0aa90191009796e80c0003c902f0a6
:106194003bfe0ca90191009796e80c0003c902f09c
:1061a40033fe23460eaf104a104c1146264618689b
:1061b4008642a8bf06468142b8bf01465868844259
:1061c400a8bf04468242b8bf024608339f42eed1bc
:1061d40000232b806b800831891ba9800832121b95
:1061e400ea800fb0f0bd00bf6179feff9f86010019
:020000040000fa
:020000040001f9
:1061f4002de9f04f87b0ddf84080119e002e50d07d
:106204001c4691468b4682462b4b1b78012b1fd094
:10621400ff2e27d002a809f043f9bdf90a30abebf1
:106224000303bdf90820aaeb0202adf81020adf873
:106234001230adf81490adf816403246414604a829
:10624400fef7cafe034668b394b35d46a34418e060
:106254001a4b1978404608f06dfb38b3ff2ed9d19c
:10626400ff28d7d100230193cdf8008023464a4666
:106274005946504604f01bff034613e001355d45c3
:1062840018d0b9f1000ff9d0544609eb0a07334688
:1062940042462946204606f0e1fa0134bc42f6d1d2
:1062a400ece70023184607b0bde8f08f0023f9e7b8
:1062b4000023f7e70023f5e74d6002204e6002203b
:020000040000fa
:020000040001f9
:0462c40000787047a7
:020000040000fa
:020000040001f9
:1062c800002951d0f8b50e46002850d12c4c012396
:1062d80084f838300b686360db689847e0600746ed
:1062e8000021c300420f1b1a62eb0102550145ea67
:1062f800d3655801181842eb05051fa3d3e90023fd
:10630800c01945eb010107f05ffe02302062b6f9c3
:1063180004302381002121614ff6ff73a36147f602
:10632800ff73e36100220023c4e90a23616384f850
:10633800301063681b681348984763681b690bb182
:10634800208b98470e4ce06963685b6980b2984778
:1063580063685b689847a02200210b4809f088fd14
:10636800022323702046f8bd4ff0ff3070474ff0ee
:10637800ff30f8e7aff30080000e270700000000a9
:0c638800005a0220795f010048560220f4
:020000040000fa
:020000040001f9
:1063940070b50446b0f8e629b0f8e4399a4221d33e
:1063a400056a03464ff40072012100f2e470a84725
:1063b40080b2a4f8e409231893f8e337ff2b0ed135
:1063c400a36b1a46db43184483189bb2013ae118c5
:1063d40091f8e317ff29f7d0a4f8e439a263002366
:1063e400a4f8e6391025082608e0d3b2ff2b24d000
:1063f400b2f57f4f08bf84f8c26400bf94f8c2347a
:1064040003bb84f8c254b4f8e639591c89b2e218c3
:1064140092f8e40702339bb2a4f8e639621892f8c2
:10642400e42702eb002292b2a4f8c024b4f8e409f1
:106434009842dad284f8c264e0e784f8c264a4f82b
:10644400e619dbe7b4f8c0044200a4f8c024013b19
:0864540084f8c234c00b70bdd6
:020000040000fa
:020000040001f9
:10645c002de9f04389b00023adf80430adf80630d7
:10646c0013600b68002b4cdb4b68002b4cdb91460c
:10647c000f4605460368db69984706462b685b6840
:10648c00284698478046002e41d0002841d0002451
:10649c001ce003aa0146404602f066f8bdf8123033
:1064ac00adf80830bdf81030adf80a30394601a807
:1064bc0006f062fb01281bd0bdf80430bdf8122099
:1064cc001344adf804300134a64215d02b689b69f7
:1064dc002146284698470a28dbd10023adf8043022
:1064ec00bdf80630b8f814201344adf80630eae7ce
:1064fc00c9f80040002001e04ff0ff3009b0bde8c2
:10650c00f0834ff0ff30f9e74ff0ff30f6e7002053
:06651c00f4e70020f2e7a5
:020000040000fa
:020000040001f9
:026522007047c0
:020000040000fa
:020000040001f9
:106524002de9f04101284fd800eb40032b4c04eb3c
:1065340083035b68002b4ad017468846064609f059
:1065440025ff036843bb1c2008f080fd0446002897
:1065540040d0002343600323037086601f4a710008
:106564008b1902eb83039868e060d8682061c4f853
:106574001480a761c3f80880df60204608f02eff6e
:106584000546b0f1ff3f18bf002519d02846bde8e5
:10659400f0811b68002bd6d05c682578032df8d1d8
:1065a400a068b042f5d1c4f81480a7610b4b720007
:1065b400911903eb8101c1f80880cf600025e5e75c
:1065c400204605f029f9e1e74ff0ff35dee74ff00b
:1065d400ff35dbe74ff0ff35d8e700bf285c02202a
:020000040000fa
:020000040001f9
:1065e4002de9f04786b0064609f0d4fe824609f04c
:1065f400d1fed0f8e842013c26d40af5387a274f78
:106604002146504608f02dfe8046f568d6f81090d5
:1066140001940023029303930493059309f02efe3f
:10662400836801a915209847029bfb61039a3a628b
:10663400ed1aa9eb02094a462946404601f03afb05
:10664400804658b9013cdbd5002005f0bdfa002096
:1066540021e0002005f0b8fa00201ce009f07efdde
:10666400012818d0f560c6f8109000bfd8f80030a3
:10667400d3f814313146404698477378012b04d03f
:10668400d8f84080b8f1000ff0d170680028e0d04d
:1066940005f09afa002006b0bde8f087285c0220d5
:020000040000fa
:020000040001f9
:1066a40038b50346002947d0002845d0264d6a7adc
:1066b400002a43d0042a43d000684279013a062aca
:1066c40040d8224ce960236000f000ff23684ff4b7
:1066d40000011f4a1b68c2f88c115b795b01dbb2b5
:1066e40082f87733d16009f0f7fc1a4991f82c301d
:1066f40043f0040381f82c3009f0eefc072381f801
:106704002e3009f0e9fc012291f82d3043f0010309
:1067140081f82d30104b1a7000232b8006f036fdc3
:10672400044630b9288804236b72faf7f3f820463c
:1067340038bd0220687238bd0b2038bd032038bd37
:10674400012038bd022038bda45d022008000020cd
:0c67540000e100e0001c0043ab670220e5
:020000040000fa
:020000040001f9
:106760000001000100010001ff00ff00ff00fe002a
:10677000fe00fd00fc00fb00fa00f900f800f70045
:10678000f600f500f300f200f100ef00ed00ec0080
:10679000ea00e800e600e400e200e000de00db00e2
:1067a000d900d700d400d200cf00cc00ca00c70067
:1067b000c400c100be00bb00b800b500b200af000d
:1067c000ab00a800a500a1009e009a0096009300cf
:1067d0008f008b008800840080007c0078007400ab
:1067e00070006c006800640060005c00580053009a
:1067f0004f004b00470042003e003a003500310098
:106800002c00280024001f001b00160012000d00a1
:0868100009000400000000bfb4
:020000040000fa
:020000040001f9
:10681800032953d943682bb1f0b583b00e4604461b
:1068280000273fe0002070475210da8023682b448d
:10683800bdf80620d988521aadf80620bdf8022006
:10684800db881344adf802306946204605f010fc99
:1068580023682b44b3f90410b3f9062002fb01f2b4
:10686800b2421bd96a461868596803c2b3f90620b0
:1068780091b20229d8d8b3f9042052109a8023681b
:106888002b44bdf804209988521aadf80420bdf8ad
:1068980000209b881344adf80030d5e701376368c2
:1068a800bb420ed9fd0023682b44b3f90410b3f999
:1068b800062002fb01f29642d4d3efe74ff0ff30f7
:0868c8007047002003b0f0bd91
:020000040000fa
:020000040001f9
:1068d000032953d943682bb1f0b583b00e46044663
:1068e00000273fe00020704752109a8023682b4415
:1068f000bdf804209988521aadf80420bdf8002094
:106900009b881344adf800306946204605f0b4fb7f
:1069100023682b44b3f90410b3f9062002fb01f2fb
:10692000b2421bd96a461868596803c2b3f90420f9
:1069300091b20229d8d8b3f906205210da80236820
:106940002b44bdf80620d988521aadf80620bdf8b0
:106950000220db881344adf80230d5e701376368c5
:10696000bb420ed9fd0023682b44b3f90410b3f9e0
:10697000062002fb01f29642d4d3efe74ff0ff303e
:086980007047002003b0f0bdd8
:020000040000fa
:020000040001f9
:106988002de9f8432a4b5a6b59691961002a40d0fe
:106998009368b3f5004f33d3254b5b6947f6ff7413
:1069a800002514eb030845f10009214e73689b6923
:1069b800984782b200233169814206d94ff6ff71a8
:1069c80052184ff0000141eb03031949096a5618a0
:1069d80043f10007b94508bfb04524d20a44144b17
:1069e800da61134bdb699bb213b9114b0122da61ef
:1069f8000f4bd8695b685b6980b29847bde8f8833c
:106a080094680b4b5b69002514eb030845f10009fa
:106a1800cbe7074b5b6947f6ff74002514eb0308c7
:106a280045f10009c1e7024bc3f81c80d9e700bf54
:046a3800005a0220de
:020000040000fa
:020000040001f9
:106a3c00f0b589b004ae8a1e6c4606312546012796
:106a4c0046f8047b32f9023f9b0045f8043b8a422e
:106a5c00f6d1009b019a1344029a1344039a1344ef
:106a6c001f4a82fb03121a44db17c3eba20204f188
:106a7c00100123689b1a44f8043b8c42f9d103247f
:106a8c00019b00998b42d4bf0023012308a901eb81
:106a9c00830151f8201c029d8d42c8bf022308a916
:106aac0001eb830151f8201c039d8d42c8bf0323c9
:106abc0008a901eb830353f8101c013143f8101c97
:106acc0053f8201c891a43f8201c013cd8d1052806
:106adc0004a9d4bf0120002002f0f4fd09b0f0bde0
:046aec009324499214
:020000040000fa
:020000040001f9
:106af000f8b505460c4617461e4606f0bffd0028b1
:106b000042d0234b93f90030022b05d04ff0ff34d5
:106b100008f09ef82046f8bd002c2fd0ac4230d3b0
:106b20001c4b1b7853b11c4a0123117841b101332e
:106b30002032052bf9d14ff0ff34e9e70023154a45
:106b40000121117000215170117551759df81810b7
:106b500091705460d7601661641b94600f49098876
:106b60009bb243ea0144d4614b1c9bb24ff6ff72c7
:106b7000934208bf0123094a1380c9e74ff0ff344d
:106b8000c6e74ff0ff34c3e74ff0ff34c2e700bf62
:106b9000005a0220485602206856022086670220ca
:020000040000fa
:020000040001f9
:106ba00030b585b0044603680122c3f8902003681d
:106bb000986cb3f9181001ebd171da6ca2eb61019a
:106bc0000291b3f91a2002ebd272c0eb6202039277
:106bd0001d4a02a901915b6b00930cca03c902f024
:106be00015f903994b420393206803685b6903eb33
:106bf000d3735b10013b029a1344029302689269bb
:106c000002ebd272c94301eb62020392002b14db48
:106c100001684d69ab4210da002a0edb89699142a6
:106c20000bdd036523685a6523681a685269586d3d
:106c3000196d00fb02129a6503e04ff0ff33c0f8b4
:0c6c4000ec30002005b030bd985302205d
:020000040000fa
:020000040001f9
:106c4c00882910b536d012dc812943d003dc802989
:106c5c0040d0002010bd82290ed08429f9d11968aa
:106c6c0002b30a1d1a60b1f90020d3171ee0a02947
:106c7c002bd00bdc9029ecd11968073121f00701de
:106c8c0001f108021a60d1e900230fe0c02901d0fc
:106c9c00f029ded11a68111d1960136803600023f6
:106cac00436005e00a1d1a600a880023c0e900232e
:106cbc000120cfe7196822b10a1d1a6091f9002052
:106ccc00d3e70a1d1a600a78efe71a68111d1960dc
:106cdc001268cae719681ab10a1d1a600a68c4e773
:0c6cec000c1d1c600b68c0e90032e1e7e1
:020000040000fa
:020000040001f9
:106cf8000023137053709370d37088424cd00b1ad2
:106d0800b3f5877f26dc431a13f5877f22db10b49f
:106d180059288cbf002301231370a0f15a04592c61
:106d28008cbf002301235370a0f1b403592b8cbfef
:106d3800002301239370a0f58773592b8cbf002380
:106d48000123d37059280bd9592c1cd99378012bbe
:106d580016d10fe00123137053709370d3707047ee
:106d68005929d4bf002301235370b329d4bf00236a
:106d780001239370b1f5877fb4bf00210121d17041
:106d88005df8044b7047b329d4bf002301239370e7
:0a6d98005378012beed0d9e77047c5
:020000040000fa
:020000040001f9
:106da2002de9f84f05468946174607f038f806469a
:106db20000283ed0037b002b3dd0036803f1100274
:106dc200d9f80040a4f110031344bb4235d307f1b4
:106dd2001008a7eb040be41b04f110033268134400
:106de2002f2b2dd905f1180a3146504608f058fad2
:106df20006eb0b0133681c4400234b608b60cb60b5
:106e020046f80b4001230b73504605f0e4fcab68d7
:106e1200d9f800209b1a103bab60c9f80070ab6830
:106e22004344ab60ea6893420dd9eb600020bde8b1
:106e3200f88f0022c4e70022c2e74ff0ff30f6e7e6
:0a6e42004ff0ff30f3e70020f1e706
:020000040000fa
:020000040001f9
:106e4c002de9f04387b0804603f0d0fc254bd3f8f6
:106e5c00e83243b300263446224f07f538790196c1
:106e6c00029403940494059409f004fa836801a92c
:106e7c00152098473146484608f0eff90546029b25
:106e8c004365039b836503685b69224621469847eb
:106e9c002b68db6a059a0499284698470136d7f87f
:106eac00e832b342dbd809f055f9012813d00d4b69
:106ebc00d3f8e8327bb100240a4d05f5387621462b
:106ecc00304608f0caf9414607f052fa0134d5f8b9
:106edc00e8329c42f3d3f5f715fb002007b0bde870
:086eec00f08300bfa84d022055
:020000040000fa
:020000040001f9
:106ef40038b504461f4d20220021284608f0baff69
:106f04001d4b2268127c52019a58aa612268127c95
:106f140003eb42131b7aeb612c602268137c073b62
:106f2400dbb2022b15d8137b4bb9144aea60114922
:106f3400134b4b60204606f0affe002038bda37a09
:106f44001bb90c4b0f4ada60f1e70a4b0e4ada60c0
:106f5400ede7137b1bb9074b0c4ada60e7e7a37a2a
:106f64001bb9044b0a4ada60e1e7024b094ada60ca
:106f7400dde700bfc05c0220ac28010071ef010016
:106f840099c10100b1bc0100cdb7010059ea01006b
:086f9400f1dd010005da010046
:020000040000fa
:020000040001f9
:106f9c008369002b4ed070b521f00301043100241d
:106fac0002e01c469b684bb11a689142fad8002c3f
:106fbc00f7d02568aa4238bf1c46f3e7002c37d01f
:106fcc000546202938bf20210e46204607f0cafa74
:106fdc0001281ad0237ba3b1214605f1180008f033
:106fec005af9214605f1140005f0f0fb0023237338
:106ffc00ab68103322681344ab60ea68934288bfd5
:10700c00eb6004f11003184670bd23689b1be1d0a4
:10701c0026601036a11900224a608a60ca60103bb3
:10702c00a35101230b7305f1180005f0cffbd1e739
:08703c002346e8e718467047ff
:020000040000fa
:020000040001f9
:1070440000230b604b60436d002b49d070b58cb0ae
:1070540016460d4604461a68d26b184690472a68ad
:107064006b6832607360606d03685b689847314693
:1070740007f0cafb236d1b6e0aa920469847194adc
:107084000023089394f82310079194f82210069192
:1070940094f82110059194f8201004910393e37e51
:1070a4000293a37e01930b9b00930a9b06ca30466e
:1070b400faf798fab6f900302b80b6f902306b80f3
:1070c40032460aa9304603f0b8f82a460aa92846e7
:1070d40003f0b3f83146204608f0b4f80cb070bda4
:0870e400704700bfac5f022001
:020000040000fa
:020000040001f9
:1070ec00264b002908bf1946254a136823f00203d2
:1070fc001360244b0022da609a60214ad369002b7a
:10710c00fcd100282ed00368b3eb510f2cd830b42f
:10711c005b00b1fbf3f3013b194a116821f04051bc
:10712c001160146881684568294321431160ff2b65
:10713c0028bfff23dbb21373536823f0070353609c
:10714c005368c1680b435360d369002bfcd10120f9
:10715c000b4a136843f002031360d369002bfcd174
:10716c0030bc7047002000e00020054a136843f053
:10717c0002031360d369002bfcd170470087930383
:08718c0000340040ac5b02205e
:020000040000fa
:020000040001f9
:1071940008b5204b1b78dbb2012b05d01e4b1b78a6
:1071a400dbb2012b0ad008bd1c491d48fff778fa51
:1071b4000028f3d1174b00221a70efe7164b002278
:1071c4001a70f6f77ffcb8b91648f9f785fd58b977
:1071d4001548f5f70dfc58b91448f7f7d7f970b10d
:1071e400134b04221a700ae0114b02221a70efe7c3
:1071f4000f4b03221a70efe70d4b01221a700a4b52
:107204001b6893f90030002bb4bf024b094b0122d9
:107214001a70c8e75260022053600220050302007e
:10722400706702208867022014670220906702209a
:087234005160022050600220ad
:020000040000fa
:020000040001f9
:10723c002de9f04184b005460e4614461f46ddf894
:10724c002880adf80800adf80a105388013badf862
:10725c000c309388013badf80e3002a808f032fbdd
:10726c00012831d008f022fb0a2830d0b4f90420d0
:10727c00cdf800803b46013a3146284600f0ecfb45
:10728c00b4f90420b4f902002844cdf800803b4640
:10729c00013a3146013800f0dffbb4f90220cdf899
:1072ac0000803b46013a3146284600f021fcb4f9f7
:1072bc000220b4f904103144cdf800803b46013a69
:1072cc000139284600f014fc04b0bde8f081003709
:0672dc0018bf0127cae7fc
:020000040000fa
:020000040001f9
:0272e2007047f3
:020000040000fa
:020000040001f9
:1072e40001381b280fd8dfe800f0111519360e0eef
:1072f4000e46330e0e0e21250e0e0e0e0e0e280e09
:107304000e0e0e0e0e414ff0ff30704702230b702d
:107314000020704701230b60002070474ff4f07386
:107324000b604ff4a0734b600020704701230b6087
:107334000020704700200860704700200860486003
:1073440088604ff4f073cb604ff4a0730b61704707
:10735400002008607047094b1b78012b03d00123e0
:107364000b60002070470020086070470a68044bd7
:107374001a60002070470020704700bfec5d0220b7
:047384007c5a02200d
:020000040000fa
:020000040001f9
:107388002de9f84f05468946164698460a9f9b46ba
:1073980003780a2b2bd05b01214ad35803fb08fb47
:1073a800b8f1000f0add88440c460b9b3246214693
:1073b800284603f0e7fb0134a045f6d1324649469a
:1073c800284607f0a9f88046012f0ddd741c3e44bd
:1073d80022464946284607f09ff85a46414608f093
:1073e800f7f80134a642f3d10020bde8f88f002f4a
:1073f800fadd07eb020a02e00136b245f4d0bbf130
:10740800000ff9dd08eb09074c460b9b3246214675
:10741800284603f0b7fb0134bc42f6d1ece700bfc5
:04742800ac2801008b
:020000040000fa
:020000040001f9
:10742c0051ea020302d14ff0ff30704770b582b0c1
:10743c0015460e4604466b46024652f80a0f516832
:10744c0003c36946204607f0f9fe2368d3f82c31b4
:10745c00694620469847b4f90e10194a5160b4f9a0
:10746c0010309360314409b2e1815a1912b2228270
:10747c000029dcbf0123e381002adcbf0123238226
:10748c000f49b4f90e30cb60b4f910300b6123689e
:10749c00d3f81431204698476b46224652f80a0f0f
:1074ac00516803c36946204607f0c8fe2368d3f829
:1074bc002c31694620469847002002b070bd00bfb1
:0474cc00e066022054
:020000040000fa
:020000040001f9
:1074d00038b50424244b00210a4661f305111d69c7
:1074e00064f30e351d611d6964f30a251d615d6934
:1074f00064f30e355d615d6964f30a255d6183782f
:10750000402b17d1082363f30301182363f30c22e4
:1075100042f01f0008f0e2fd144b82b21448828052
:107520001b681b681b790f2b0cd96ff30b2141f4df
:1075300080510be0802b15d10a2363f3030141f046
:107540004001e2e763f30b216ff30c3108f0c6fd55
:107550000322037a62f30303037208f0bffd816123
:10756000002038bd022038bd002000420800002065
:04757000001c0043b8
:020000040000fa
:020000040001f9
:10757400002849d02de9f04705464368012b46dd34
:107584004ff0080c002713e00133296801ebc30214
:1075940021f83360a2f80290a2f80480a2f806e071
:1075a4007a1c0cf1080c02376b68bb4229dd1746c4
:1075b4002a6802eb0c0332f90c60b3f90290b3f9b8
:1075c4000480b3f906e03b46002fdddb02ebc70085
:1075d40032f93710b142d7dd61465418d0f800a013
:1075e400406842f801a06060013bb3f1ff3fcbd09b
:1075f4002a6802ebc300083932f93340b442ecdca8
:10760400c2e70020bde8f0874ff0ff30704700204c
:02761400f8e795
:020000040000fa
:020000040001f9
:10761600002848d02de9f04705464368012b45dd93
:107626004ff0080c002712e00133296801ebc30272
:1076360021f833905680a2f80480a2f806e07a1c5e
:107646000cf1080c02376b68bb4229dd17462a6825
:1076560002eb0c0332f90c90b3f90260b3f9048023
:10766600b3f906e03b46002fdedb02ebc701b1f9ba
:107676000200b042d8dd60461418d1f800a049686f
:1076860042f800a06160013bb3f1ff3fccd02a680d
:1076960002ebc3010838b1f90240b442ecdcc3e79f
:1076a6000020bde8f0874ff0ff3070470020f8e774
:020000040000fa
:020000040001f9
:1076b6002de9f04188b005460c46164600231360b6
:1076c60053600368db69984780462b685b682846e9
:1076d6009847b8f1000f2fd0074600282fd02b6807
:1076e6001b6c28469847a0422cd9fb696bb32b68c4
:1076f600d3f8488001ab02aa21462846c047029c1f
:10770600019b9c4212d22b689b69214628469847ca
:1077160003aa0146384600f02affb388bdf81220b6
:107726001344b3800134019ba342ecd8bb8af38097
:10773600002008b0bde8f0814ff0ff30f9e74ff0c8
:10774600ff30f6e74ff0ff30f3e74ff0ff30f0e79a
:020000040000fa
:020000040001f9
:107756002de9f04387b00546894616460023136097
:1077660053600368db69984707462b685b682846c1
:10777600984787b3804688b34f4532d9c3699bb3d0
:1077860000240fe001aa0146404600f0f0febdf8d5
:107796000a30b380b8f81430f380002018e00134c2
:1077a600a74213d02b689b692146284698470a288a
:1077b600f5d0a145e6d001aa0146404600f0d7fe25
:1077c6003388bdf80a2013443380e8e74ff0ff30d2
:1077d60007b0bde8f0834ff0ff30f9e74ff0ff3018
:0e77e600f6e74ff0ff30f3e74ff0ff30f0e72b
:020000040000fa
:020000040001f9
:1077f4002de9f04784b007468a4691461d460c9e03
:107804000023adf80830adf80a306b68adf80c30e1
:10781400ab68adf80e306a46314602a802f00dfda1
:10782400bdf90630002bc8bf4ff000080cdc002067
:1078340004b0bde8f08700bf08f1010809f10109af
:10784400bdf906304345f2ddbdf90430002bc8bf55
:107854000024f1ddb6f90220b6f9001042442144b7
:10786400284607f0c3fa02463978287807f09afdcb
:1078740003464a4604eb0a01384603f085f901340d
:0c788400bdf90430a342e5dcd6e700bfec
:020000040000fa
:020000040001f9
:107890002de9f0418cb004460e4617469846002369
:1078a0000793adf82830adf82a304369adf82c3095
:1078b0008369adf82e300aa803f0c0fe68b308aaa9
:1078c00031460aa802f0bbfcbdf92430002b27ddad
:1078d000bdf92630002b26dda368254615f8102fac
:1078e000052a0cbf06220222082102910192009370
:1078f000636805aa06a907a805f0c1fa00962b46f9
:107900004246394614981030fff774ff079803f089
:1079100085ff00200cb0bde8f0814ff0ff30f9e7a3
:0c7920004ff0ff30f6e74ff0ff30f3e7c8
:020000040000fa
:020000040001f9
:10792c0010b4244ad36823f4e0631b041b0c43f00b
:10793c00bf6343f40033d360bff35f8f62b61e4b5b
:10794c00e02183f80b134ff40060186083f81f13c9
:10795c004ff000441c6083f832134ff480245c60b9
:10796c0083f833134ff400245c6083f834134ff422
:10797c0080145c6083f835134ff400145c6083f85a
:10798c006b13d86083f877134ff40001d960536af6
:10799c0043f480235362536943f010035361536ad9
:1079ac0043f400335362536a43f4803353625df8fb
:0c79bc00044b704700ed00e000e100e02b
:020000040000fa
:020000040001f9
:1079c8002de9f04705460e4617461c46ddf820907f
:1079d8000a9aff21002008f0b1fbfe2807d94c4580
:1079e80039da013c2c44a846013d4d442ee0ff21e4
:1079f80006f0a4fb80464c452dda013c2c44aa46ef
:107a0800013d4d4414e0ff2106f098fb0146404635
:107a180004f0e6faff2104f0e3fa06eb040c03464f
:107a2800099a3946aceb0a0006f002f8ac4212d0cb
:107a380014f8010f0028f9d0e5e73019099a3946fa
:107a4800a0eb080005f0f4ffac4204d014f8013fa5
:0a7a5800002bf9d0f1e7bde8f0873c
:020000040000fa
:020000040001f9
:027a620070476b
:020000040000fa
:020000040001f9
:107a6400f0b589b014461d46adf81000adf81210fb
:107a74000123adf81430adf8162004a807f026ff52
:107a8400012834d006a904a808f0cefabdf918706c
:107a94000e9aff21002008f053fb064618b9002374
:107aa400184609b0f0bd0290019506ab0093234639
:107ab4000122bdf91210bdf91000fcf769fa034662
:107ac4000028edd0bdf91e30002b13dd002400bfcb
:107ad400bdf91a1033462a462144384605f0aaff58
:107ae4000134bdf91e30a342f2dc0023d8e74ff085
:087af400ff33d5e70023d3e7bf
:020000040000fa
:020000040001f9
:107afc00f0b589b014461d46adf81000adf8121063
:107b0c00adf814200123adf8163004a807f0dafe06
:107b1c00012832d006a904a808f082fabdf91a701f
:107b2c000e9aff21002008f007fb064618b9002327
:107b3c00184609b0f0bdbdf910000296019506abd0
:107b4c000093012322460146fcf71efa0346002847
:107b5c00eed0bdf91c30002b12dd0024bdf918004d
:107b6c0033462a463946204405f060ff0134bdf9fe
:107b7c001c30a342f2dc0023dae74ff0ff33d7e7e7
:047b8c000023d5e716
:020000040000fa
:020000040001f9
:107b900010b508f07bfa1e4b1b680021186808f02e
:107ba000a5fa1c4b1b680021186808f09ffafcf727
:107bb0000dfff8f7a3ff04f0b9fe05f0c3f802f0db
:107bc00077fe05f06dff05f089fa07f0a3fc07f0da
:107bd0001bf802f09bfe07f0d3fd0f49002000f0d8
:107be0004ffd0e4c606006f05dfb08f007fb0c4992
:107bf0000020fef769fb206006f0baf902f01afcdb
:107c000002f0b4fb08f05afafff790fe10bd00bf77
:107c1000cc640220b066022098ec0100c45f022010
:047c2000100402004a
:020000040000fa
:020000040001f9
:107c2400224b30b51a680623946803fb004043884e
:107c34008b4239d0156834bfc91a591aab7889b246
:107c4400402b08bf490884292cd805292cd98288bf
:107c5400c2f3013302f00f0403eb4300c3ebc00390
:107c6400c2f30320c2f3031200eb400003ebc3038f
:107c7400c0ebc000184400eb420080b2052c0cd8c5
:107c8400eb780b4ac3f3011332f81330594389b22a
:107c940088422cbf0020012030bd0130053c80b259
:107ca400e4b2ebe7012030bd002030bd0800002025
:047cb400bae0010031
:020000040000fa
:020000040001f9
:107cb8002de9f04383b000910192836c002b3ed0f4
:107cc80090460f4605468146002403e00134ab6c1c
:107cd800a34225d9214605f1440008f07bf9064660
:107ce800436913f0010ff1d013f0020feed069468b
:107cf8000a3004f043ff0128e8d1b6f90c20b6f9a0
:107d08000a10a8eb0202791a3046fff7d1ff0028c3
:107d1800dcd0436903f02003002b08bf8146d5e778
:107d2800b9f1000f07d0d9f81430c3f34013002b72
:107d380018bf4ff00009484603b0bde8f0838146fc
:027d4800f1e761
:020000040000fa
:020000040001f9
:107d4a0002780b789a422fd142684b689a422dd119
:107d5a0003690a6993422bd15bb142694b699a4222
:107d6a0028d182698b699a4226d1c269cb699a4223
:107d7a0024d170b4c568cb689d4221d1ad0022d010
:107d8a0083688a681878117888421ed11e465c1c5e
:107d9a00587812f8011f884219d10233991b2346d9
:107daa00a942f4d101200ce000207047002070475e
:107dba00002070470020704700207047002070475d
:107dca00002070bc70470120fbe70020f9e7002083
:027dda00f7e7c9
:020000040000fa
:020000040001f9
:107ddc003a01050000000000000000000000000057
:107dec000000000000000000e9010100000000009c
:107dfc000000000000000000000000000000000077
:107e0c00b0010000000000000000000000000000b5
:107e1c0000000000000000003601280000000000f7
:107e2c000000000000000000000000000000000046
:107e3c001100000000000000000000000000000025
:107e4c0000000000000000002900000000000000fd
:107e5c000000000000000000000000000000000016
:020000040000fa
:020000040001f9
:107e6c002de9f04782b09c46ddf828800023019371
:107e7c000093037890f8019003eb090edcf80040b6
:107e8c0004fb0e04d8f800708f422dd20234e61891
:107e9c000de001980744974215d8dcf8000001303a
:107eac00ccf80000c8f8007076448f421ed2f01a4d
:107ebc00824601ac002becd010f8015b04f8015b9e
:107ecc00b042f9d1e5e7b9f1000f09d053446a4645
:107edc004e4400bf13f8011b02f8011bb342f9d149
:107eec00009802b0bde8f0870020fae70020f8e720
:020000040000fa
:020000040001f9
:107efc0030b32de9f0418646204b5a6bd0f8088000
:107f0c00c2b193684046002198451bd3002400253c
:107f1c009368e41845f100059369dbb1d3f808c008
:107f2c0014eb0c0645f10007b94208bfb04211d35f
:107f3c001a46ede7c0f80880104b586301201ae090
:107f4c00002070470d4bc3f834e0cef81820002405
:107f5c00012004e0cef81830c2f818e00020a8eb9d
:107f6c000404cef80840def8183023b1def808100f
:107f7c009a68521a9a60bde8f08100bf005a02203c
:020000040000fa
:020000040001f9
:107f8c0010b51f4b1b7adbb2012b02d0022b1dd07c
:107f9c0010bd1b4b196981b11a4b4ff48002c3f809
:107fac009820174c237d013b2375e368164a00206b
:107fbc00fdf7c0fc02232372eae700221a729b69c8
:107fcc00002be5d00e48c2699847e1e70c4b1b7dae
:107fdc0053b90b4b00221a729b69002bd8d008485e
:107fec00c26900219847d3e7054a013b1375d36852
:107ffc00116919441161044a0020fdf79bfcc7e785
:0c800c00945c02200080004110800041c4
:020000040000fa
:020000040001f9
:1080180070b584b0436913f0020f05d10368d3f833
:108028001831984704b070bd04460e4602ab0246ac
:1080380052f80a0f516803c3314602a803f0fafa4e
:10804800012805d02368d3f8183120469847e9e776
:108058002368d3f82031022120469847a36c002bcf
:10806800e0d000256a46314602a802f0e4f8bdf8df
:10807800003062899b1aadf80030bdf80230a28941
:108088009b1aadf80230636c694653f82500fff778
:0c809800bfff0135a36cab42e4d8c3e786
:020000040000fa
:020000040001f9
:1080a400f0b58bb004460f460023089308f072f92c
:1080b400066808f06ff966b345682a46a169304638
:1080c40004f0ceff40b3a3690293039502a930469e
:1080d40005f048f9b0f1ff3f20d0069a0ab3002515
:1080e4002c46307d08ab009309ab0599214407f079
:1080f40001fab0f1ff3f16d0089b1c44af4205d0f3
:108104000135069aa242ecd8002003e0bdf8240011
:1081140000e000200bb0f0bd0020fbe74ff6ff703d
:0c812400f8e70020f6e74ff6ff70f3e7e5
:020000040000fa
:020000040001f9
:1081300000283dd02de9f04182b006464368012b6e
:1081400039dd00274ff001080ee00135326802ebff
:10815000c5046b4603cb42f83500616008f10108a5
:108160000137736843451fdd32686b4602ebc80276
:108170001068516803c33d46002fe6dbfc00316800
:108180002144684604f05afc0128ded133682344b8
:108190001a4652f8080b596898605160013d083c36
:1081a000b5f1ff3febd1d0e7002002b0bde8f08190
:0a81b0004ff0ff3070470020f7e7a2
:020000040000fa
:020000040001f9
:1081ba002de9f843089e05460c461f46904622b113
:1081ca0005f01df83b6818443860d4f8089000247c
:1081da00b9f1000f01d04c451cdaeb6bea6c934203
:1081ea0012d25a1cea631878b8f1000f18d0202866
:1081fa0003d0a0f10903042b12d8eb6c13b1eb6b7b
:10820a00013beb63b6b906e0284602f0f6fe431cd2
:10821a00ead11cb15eb9201c18bf0120bde8f88361
:10822a0006b130553b68013301343b60d0e7b8f101
:0a823a00000ff0d000233355ede7ec
:020000040000fa
:020000040001f9
:108244002de9ff41836946690093f61acde901617e
:1082540004461746039216444ff002086d46424600
:108264002946206806f045f9b04209d1d4e9023222
:10827400c4e905331a44a262384604b0bde8f0816b
:1082840000280dda6268002342f01002b8f1020ff0
:10829400a362c4e90533626015d06b68ff1aebe78b
:1082a4006b68984288bf0835a6eb000688bfc01ae1
:1082b4002b6803442b606b68a3eb000088bf08f1b4
:0a82c400ff386860cbe71f46d6e7dd
:020000040000fa
:020000040001f9
:0282ce007047f7
:020000040000fa
:020000040001f9
:1082d00010b4019c002c39d06060a16001fb00f15a
:1082e000e1602270d01f032827d8dfe800f00217d2
:1082f00024020a460029b8bfca1dd210484201f024
:10830000070100f0070058bf41420029c8bf0132f1
:108310002261636100205df8044b704701ebd1726c
:108320005210002901f00101b8bf49420029c8bf1d
:1083300001322261ede72161ebe7064800eb4212d2
:108340005268d20801fb02f12161e2e74ff0ff30f1
:08835000e1e700bfac280100c9
:020000040000fa
:020000040001f9
:1083580070b582b004460d461646b0f90e308b4211
:1083680030d0002d08bf0125002e08bf0126236844
:108378009b6e6946204698472368d3f82c31694696
:10838800204698471349b4f90e304b60b4f91030c1
:108398008b602db2e58136b22682cd600e612368ee
:1083a800d3f814312046984723689b6e69462046c7
:1083b80098472368d3f82c3169462046984700200f
:1083c80002b070bdb0f910309342cad14ff0ff30ff
:0883d800f6e700bfe066022099
:020000040000fa
:020000040001f9
:1083e00008b5194b9847194b9847eff3108172b6af
:1083f000174ad2f8883043f47003c2f88830bff3cc
:108400004f8fbff36f8f01b962b6124a936823f0a2
:10841000010393601346da6812f0010ffbd10d4b94
:1084200024225a6001229a6005f044f90a4b23f095
:108430007f03074a9360094b9847094b9847094bbc
:10844000984707f0c5fefee7cbe80100cbe8010046
:1084500000ed00e00060004100000000c5a901003f
:08846000cbe80100cbe80100ac
:020000040000fa
:020000040001f9
:1084680070b4b0f90230b1f90220934208d0b0f9e3
:108478000050b1f90040a5421ad0002070bc7047e6
:10848800b0f90650b1f90640a542f0d1b0f9005054
:10849800b1f90060b0f904402c440134b4421ed054
:1084a800b1f9044034440134a542e0d10120e5e7a4
:1084b800b0f90450b1f90440a54201d00020dde72d
:1084c800b0f906001844013090420ad0b1f906000c
:1084d80010440130984214bf00200120cee701204b
:0684e800cce70120cae709
:020000040000fa
:020000040001f9
:1084ee002de9f84306460f4690461c46089d0a9a0b
:1084fe00ff21002007f01ffefe2803d9ac4224db2b
:10850e00bde8f8838146ac4209dbf9e74b46099a90
:10851e004146e01905f089fa0134a542f0d0e21087
:10852e00634204f0070103f0070358bf594280234a
:10853e000b41b25c1a42efd0e8e7099a4146e019c6
:10854e0005f07ffc0134a542dad0e210634204f05c
:10855e00070103f0070358bf594280230b41b25c59
:06856e001a42efd0e9e71c
:020000040000fa
:020000040001f9
:10857400f0b4c3691f68e7b19c88a14218bf002406
:1085840015d00134a74214d003f118061d8b1433ff
:108594008d42f6d133687468b068f1681360546032
:1085a4009060d160336913610020f0bc70471e1dd8
:1085b400f0e7202911d04ff6ff731380838a5b08fc
:1085c4005380818a9180d38000231381818a5181d1
:1085d4001361d3814ff0ff30e7e720231380b2f912
:1085e400021000239380d180138153811361d381be
:0685f4004ff0ff30d9e753
:020000040000fa
:020000040001f9
:1085fa0070b590f82630002b39d190f85130012b04
:10860a0001d0002534e00446002380f85130c66bbf
:10861a00357835b1b6f9040004f0c7f984f83b009f
:10862a0026e007f0dcfe05467068b0f1ff3f0cd18a
:10863a00b068b0f1ff3f0ed1f068b0f1ff3f10d142
:10864a00284607f0d0fe012512e000b204f0adf989
:10865a0084f83800ece700b204f0a7f984f839008e
:10866a00eae700b204f0a1f984f83a00e8e7012544
:04867a00284670bd61
:020000040000fa
:020000040001f9
:02867e00704743
:020000040000fa
:020000040001f9
:10868000002835d138b51d4b1b78002b33d11b4c3e
:10869000012384f8503084f8513084f8523023702c
:1086a0000a686261c869a0618869e0610025256285
:1086b0004868e0608868a0606560a3844ff0ff337d
:1086c000a36284f826506570cb68e3620b6923636c
:1086d0004b6963630b6ae36384f84450a564e56403
:1086e000d36821460648984702232374284638bd9c
:1086f0004ff0ff3070474ff0ff30f8e7845802200a
:04870000b953010068
:020000040000fa
:020000040001f9
:10870400f8b51f4b1b7873b301282fd800eb400337
:108714001b4c04eb83035b68012b2ad016460f46df
:10872400054600eb400204eb820301225a60996083
:10873400de60142006f08afc0446e8b1002343609e
:10874400012303708560c760066106f047fe054695
:10875400b0f1ff3f18bf002501d02846f8bd2046e0
:1087640003f05af8f9e74ff0ff35f6e74ff0ff351d
:10877400f3e74ff0ff35f0e74ff0ff35ede700bfcb
:04878400285c02204b
:020000040000fa
:020000040001f9
:108788002de9f04104460f469046c16b013189003e
:10879800006cf9f721ff0546e16b01318900606c37
:1087a800f9f71aff06462db320b3e06b431ce363c9
:1087b8002564666405eb800007f026f86ff04045f5
:1087c800e06b2844236c394603eb800004f072fe0a
:1087d800e06b2844636c03eb800007f015f8e06b4e
:1087e8000544606c414600eb850004f063fe002000
:1087f800bde8f081284603f00df8304603f00af88a
:048808005320f5e71d
:020000040000fa
:020000040001f9
:10880c002de9f041a1f11004237b012b1fd00f4661
:10881c0005468368103b51f8102c9b1a8360214647
:10882c00143006f038fd05f118082146404603f0d7
:10883c00cdff0123237366682eb1326802f1100359
:10884c0033449c4205d02146284603f0e1ffbde8a5
:10885c00f08157f8107c103717443146404606f02b
:10886c001afd2146404606f016fd00237360b360e6
:10887c00f3603760012333733146404603f0a6ffa3
:04888c003446e0e7a7
:020000040000fa
:020000040001f9
:1088900010b582b000230193030103f1824303f575
:1088a000204393f84e30dbb20193019b13f0020f8b
:1088b0000dd0010101f1824202f52042022382f82b
:1088c0004e30134b0b4400221a73012400e00224a3
:1088d000019b13f0010f0cd0010101f1824202f55e
:1088e0002042012382f84e30094b0b4400221a73b8
:1088f0000224074b03eb00135b6833b1044a02eb1d
:10890000001399685b682046984702b010bd00bf0d
:04891000805e022063
:020000040000fa
:020000040001f9
:108914002de9ff471d460c9b13f0010906468a46c4
:10892400144601d195420bd822465146304604f0f4
:1089340087fca54204d82546284604b0bde8f08744
:108944002f1b102f3a464ff0200128bf10226846f3
:10895400b84607f08ffa00bfb8f10f0f11d83b09e2
:108964006ff00f0202fb03726946304604f068fca4
:10897400b9f1000fe0d122465146304604f060fcc4
:10898400dae710226946304604f05afca8f11008d0
:04899400e2e700bf57
:020000040000fa
:020000040001f9
:10899800f0b51f4c2568a446002d36d00022294684
:1089a80016461346d1f800e00f6986450ad132b160
:1089b800176101f110031846f0bd3946f2e7ccf80b
:1089c8000070f6e705d9ebb11c68a6453cbf164612
:1089d8000b460a46002ff0d1002becd019461f6930
:1089e80051f8102b121a102a05d918600844103aa9
:1089f8000761026007469d420cbfccf800703761e2
:108a08000b46d8e716460b46e3e72b46d3e700bfed
:048a180028600220b0
:020000040000fa
:020000040001f9
:108a1c002de9f04f83b0ddf830a0a3eb020b00235f
:108a2c000193baf1000f31d091460f460546002450
:108a3c00a04625e0e208e34303f0070101238b4045
:108a4c00a95c0b43ab540134b44211d0394601a894
:108a5c0006f0c0fe0028edd1e308e14301f0070168
:108a6c00012202fa01f1ea5c22ea0102ea54eae785
:108a7c003446019b5b44019308f10108c24505d0c3
:108a8c0009eb0406b9f1000fe0d1f2e703b0bde841
:028a9c00f08f59
:020000040000fa
:020000040001f9
:108a9e002de9f04186b005460f46904618460c9ecd
:108aae00b5f9041001ebd1735b102a8801320c4624
:108abe000029b8bfcc1c02eba402adf81020b5f90a
:108ace0006100029b8bf03316a88013202eba102f9
:108ade00adf81220adf81430adf816300396002420
:108aee000294019000944ff4b472214604a8f6f754
:108afe0044ff03960294cdf8048000943b464ff455
:108b0e00b47221462846f6f738ff204606b0bde877
:028b1e00f081e4
:020000040000fa
:020000040001f9
:108b200010b50446c37f042b1ad8dfe803f00319fd
:108b30000d131500164bff221a60036d9b6b9847af
:108b400001280ed0237e9bb9606d18b103681b6aa3
:108b5000984790b1637eabb90123e3770023a3620a
:108b600010bd236d5b6c20469847094b1860e9e700
:108b70000223e377074ba362f2e70323e377064b75
:108b8000a362ede7054ba3620423e377e8e700bfa8
:108b90001060022031f901001da60100e1de010094
:020000040000fa
:020000040001f9
:108ba0002de9f04782b060b3074669b39946904615
:108bb0008a46194e002402e001340a2c1cd056f8d3
:108bc000045b002df8d02d683846a8470128f3d162
:108bd000114b53f824305d68cdb10a9b00934b468e
:108be000424651463846a847054698b90a4b53f8bd
:108bf00024301b6a984700e00025284602b0bde8f3
:108c0000f0874ff0ff35f8e74ff0ff35f5e74ff00d
:0c8c1000ff35f2e70025f0e7d85b0220fa
:020000040000fa
:020000040001f9
:108c1c002de9f8438369002b31d0002932d00f465f
:108c2c0006460b68db690846984768b33b68db6906
:108c3c00384698478146f38b83429cbfb6f81c900c
:108c4c00a9eb030973699b6d30469847b9f1000f86
:108c5c000ed00024f58b2544d6f818803b689b6910
:108c6c0021463846984728f815000134a145f1d122
:108c7c007369db6d304698470020bde8f8834ff0f0
:0c8c8c00ff30fae70020f8e70020f6e7d0
:020000040000fa
:020000040001f9
:108c9800b0f90a308b422fd070b582b016460d4617
:108ca800044603689b6e694698472368d3f82c31bd
:108cb8006946204698471449b4f90a304b60b4f91c
:108cc8000c308b602db26581a681cd60b4f90c3073
:108cd8000b612368d3f814312046984723689b6eac
:108ce8006946204698472368d3f82c3169462046c0
:108cf8009847002002b070bdb0f90c309342cbd138
:0c8d08004ff0ff30704700bfcc66022027
:020000040000fa
:020000040001f9
:108d1400842910b523d00cdc812903d0822913d0f7
:108d240080290bd119680c1d1c600b6803601a6044
:108d340013e0902921d003dc882917d0002010bd2e
:108d4400a029efd0c029ece719680c1d1c600b6842
:108d54000360d1171046c3e900010120efe7196849
:108d64000c1d1c600b6803601a80f6e719680c1d63
:108d74001c600b6803601a70efe719680c1d1c6017
:0c8d840009680160d317c1e90023e6e78d
:020000040000fa
:020000040001f9
:108d9000882930b52cd012dc812930d003dc802921
:108da0002dd0002030bd82290ed08429f9d1196838
:108db00000680a1d1a600b6818800120f2e7a029dc
:108dc0000fd00adc9029ecd119680a1dd0e90045c2
:108dd0001a600b68c3e90045efe7c02901d0f0290c
:108de000dfd11a680168101d186013681960e4e784
:108df000196800680a1d1a600b681870dde71968a9
:0c8e000000680a1d1a600b681860d6e7b5
:020000040000fa
:020000040001f9
:108e0c002de9f04784b004ac04e90300694681e81d
:108e1c000c000d9d91461e46029ba3eb0208039f7e
:108e2c00bf1b0c9bc3f1000a504603f09dfb04468c
:108e3c00504603f0aff800fb08f2002ab8bfff322f
:108e4c00121204fb07f3002bb8bfff33a2eb232253
:108e5c004a442a6004fb08f3002bb8bfff331b12f3
:108e6c0000fb07f7002fb8bfff3703eb2723334472
:088e7c006b6004b0bde8f08753
:020000040000fa
:020000040001f9
:108e840070b582b0194bd3f8e862194b1b684bb329
:108e94006c2006f0dbf8044604f047fa2146154836
:108ea40004f0a2f8204600f08dff002500950195fe
:108eb400684605f04dfe6581a581009be381019b19
:108ec40023822368d3f8dc3020469847636943f053
:108ed40038036361022384f8503084f85c503046d0
:108ee40002b070bd4ff0ff36f9e700bfa84d022075
:088ef4007c5b02208850022083
:020000040000fa
:020000040001f9
:108efc00010000000200000003000000040000005c
:108f0c000500000007000000090000000d00000033
:108f1c0011000000190000002100000031000000c9
:108f2c00410000006100000081000000c100000051
:108f3c00010100008101000001020000010300009a
:108f4c00010400000106000001080000010c0000f3
:108f5c000110000001180000012000000130000089
:088f6c0001400000016000005b
:020000040000fa
:020000040001f9
:108f740000000000000000000000000000000000ed
:108f840001000000010000000200000002000000d7
:108f940003000000030000000400000004000000bf
:108fa40005000000050000000600000006000000a7
:108fb400070000000700000008000000080000008f
:108fc40009000000090000000a0000000a00000077
:108fd4000b0000000b0000000c0000000c0000005f
:088fe4000d0000000d0000006b
:020000040000fa
:020000040001f9
:108fec0010b5044603680122c3f890200368c168d9
:108ffc00586a02f0f3ff23683230164aa2fb0020b5
:10900c004009186523681a685269196d914224bf8a
:10901c0002f1ff321a6523682169986a02f0deffbb
:10902c00236832300b4aa2fb0020400958652368a4
:10903c001a689269596d914224bf02f1ff325a6548
:10904c0023681a685269586d196d00fb02129a65f3
:08905c00002010bd1f85eb513f
:020000040000fa
:020000040001f9
:1090640010b50446c37f042b27d8dfe803f003269a
:109074000d202200144bff221a60036d9b6b98474e
:10908400012808d0237e6bb9636d83b10323e37792
:109094000e4ba36211e0236d5b6c204698470a4b8c
:1090a4001860efe70223e377094ba36205e0637ed0
:1090b40023b90123e3770023a36210bd054ba36208
:1090c4000423e377f9e700bf0c6002206db80100c8
:0890d40019f90100b1de0100f1
:020000040000fa
:020000040001f9
:1090dc0051ea020332d070b582b016460d460446f2
:1090ec0003689b6e694698472368d3f82c31694610
:1090fc00204698471349b4f90a304b60b4f90c0078
:10910c00886063892b441bb263813044a081cb609f
:10911c00b4f90c300b612368d3f81431204698470e
:10912c0023689b6e6946204698472368d3f82c31f8
:10913c00694620469847002002b070bd4ff0ff30c2
:08914c00704700bfcc66022051
:020000040000fa
:020000040001f9
:10915400c268f0b501eb4106931985689f780c232a
:1091640003fb01535c681b896488e41a935de41a69
:10917400436828460025a4b21e88abb29e4201d89b
:109184000020f0bd994219d09378bb4216d10378e0
:109194007b33dbb2012b15d94368b0f808e05b8858
:1091a4009e450bd2a3eb0e0392f800e09bb27345ed
:1091b40004d9a3eb0e039bb29c4203d301350332c3
:0891c4000c30dae70120f0bdd8
:020000040000fa
:020000040001f9
:1091cc002de9f84f04460c9f6668d4f80cb024695e
:1091dc0010463a68013c002502f0020a0b9a0bf883
:1091ec000450002e1946b8bf0126012390464feac1
:1091fc00e279002c03dcd3b12046bde8f88f50eaad
:10920c00010209d1721b002a06dc0a9a521b002aa1
:10921c00f1ddbaf1000feed042464b4604f0d2fe1f
:10922c00013c134630320bf804200135e1e73b6872
:08923c0023f010033b60dfe7a3
:020000040000fa
:020000040001f9
:1092440070b582b004460d461646b0f90620b0f952
:10925400021000962b46013a0131b0f90000fef7e6
:10926400fffbb4f90620b4f90210b4f90000b4f914
:109274000430184400962b46013a01310138fef7b8
:10928400effb00962b46b4f90420b4f90210b4f9ac
:109294000000fef731fcb4f90210b4f906301944a9
:1092a40000962b46b4f904200139b4f90000fef706
:0692b40023fc02b070bdb6
:020000040000fa
:020000040001f9
:1092ba00f8b5846a05460f46164654b1ab6a6a6920
:1092ca009b1ab3420bd2324639462846fef7b5ffff
:1092da00f8bd06f0a0fb0028f0d02046f8e7002ee3
:1092ea00f1d095f93430002b1bdbdbb23446621e19
:1092fa00b95c994212d1224639462846fef79dffab
:10930a00a042e5d32744341b22463946686906f051
:10931a005ef96b691c446c613046d9e71446002a31
:06932a00e5d13446f0e736
:020000040000fa
:020000040001f9
:10933000f8b51746184a176101241475b3f5803f34
:1093400012d30225154e01e0154623465c086a003b
:10935000d2b2b342f8d8104b1d750f4bdc6000b190
:1093600021b907b15cb9f8bd1c46f6e701221a72b3
:109370000b460b4a01460020fcf7e2faf3e7064be6
:109380001a7d013a1a7502221a722346044a394696
:109390000020fcf7d5fae6e7945c0220ffff01000d
:0493a00010800041f8
:020000040000fa
:020000040001f9
:1093a40003000000040000000500000006000000a7
:1093b4000700000008000000090000000a00000087
:1093c4000b0000000d0000000f0000001100000061
:1093d40013000000170000001b0000001f00000025
:1093e400230000002b000000330000003b000000bd
:1093f40043000000530000006300000073000000fd
:1094040083000000a3000000c3000000e30000008c
:049414000201000051
:020000040000fa
:020000040001f9
:109418000000000000000000000000000000000044
:109428000000000000000000000000000000000034
:109438000100000001000000010000000100000020
:10944800020000000200000002000000020000000c
:1094580003000000030000000300000003000000f8
:1094680004000000040000000400000004000000e4
:1094780005000000050000000500000005000000d0
:0494880000000000e0
:020000040000fa
:020000040001f9
:10948c000368996cb3f91220914226d270b4dd6c4a
:10949c00b3f90c2054195c62b3f90e200a449a6299
:1094ac00b3f914602e44de61b3f916600e441e62eb
:1094bc000126c3f890601c655a6500680068406915
:1094cc0000fb02429a65b3f91020013a95420cd286
:1094dc003544dd64002070bc70470022c3f8ec20da
:1094ec000122c3f8f020002070470022da64013119
:0494fc009964efe799
:020000040000fa
:020000040001f9
:1095000038b5124de0220021284606f0b5fc104c7b
:10951000104ba360104a6261104a2262104ae26254
:10952000104aa263104a626462682168284600f00b
:10953000b3ff63690c342035002bf5d14ff4805212
:109540000a490b4804f08bfd002038bd94540220da
:109550009465022000f30120c025022000db0120d9
:10956000c0050220409e012000c30120c01502203a
:049570004c5c02202d
:020000040000fa
:020000040001f9
:109574001a4b1b68d3f8e8328b4229d970b582b0f4
:109584000446084604f0bafb054600f10a062146e3
:10959400304602f051f8f0b16a462146304600f0f8
:1095a4004cfe286e0e4b93f82830012b06d96946e1
:1095b400183000f0dcfd002002b070bd084b012221
:1095c40083f8282069460c3000f0d1fd0020f3e731
:1095d4004ff0ff3070474ff0ff30ede7046002209a
:0495e40028590220e0
:020000040000fa
:020000040001f9
:1095e8008b010200ddf401006f0402007504020023
:1095f8007b04020081040200a58001004bb5010034
:1096080099010200d9a10100870402008d0402001b
:1096180093040200c73a010000000000c99a010043
:1096280081de0100b7760100399b01005777010000
:109638005d64010033e80100b1020200bd020200ce
:10964800a7010200b501020001050200e3f60100ce
:049658000105020006
:020000040000fa
:020000040001f9
:10965c00836963b3838b6bb379b32de9f0410d460a
:10966c0006460b68db690846984748b3b6f81c8079
:10967c00804528bf804673699b6d30469847a6f895
:10968c001e80b8f1000f0bd00024b7692b689b69c2
:10969c0021462846984727f8140001344445f4d154
:1096ac007369db6d304698470020bde8f0814ff0c0
:1096bc00ff3070474ff0ff3070474ff0ff3070476e
:0496cc000020f2e7a1
:020000040000fa
:020000040001f9
:1096d00010b4f8b1043900231a46184c51f8040f9d
:1096e00012f0010f03fa00f31cbf205c03430132a8
:1096f000042af3d10d2b1ed0114a012012f8011fac
:10970000994204d001301e28f8d14ff0ff305df8a7
:10971000044b7047024604390346084c51f8040fc5
:1097200012f0010f03fa00f304bf205c034301327f
:10973000042af3d1dee70020e9e700bf18040200a5
:0497400070f10100c3
:020000040000fa
:020000040001f9
:109744000368d96ab3f91020914225d270b41d6b15
:10975400b3f90a2054195c62b3f90c200a449a62e2
:10976400b3f912602e44de61b3f914600e441e6234
:1097740001265e675c639a6300680068406900fbc9
:109784000242da63b3f90e20013a95420cd2354411
:109794001d63002070bc70470022c3f8c020012262
:1097a400c3f8c4200020704700221a630131d96233
:0297b400efe7dd
:020000040000fa
:020000040001f9
:1097b60090f8263003b1704770b50446c56b2b7818
:1097c6004bb190f83b10b5f9040005f09efc01235f
:1097d60084f8513070bd06f004fe06466868b0f1a4
:1097e600ff3f0bd1a868b0f1ff3f0dd1e868b0f19b
:1097f600ff3f0fd1304606f0f8fde8e794f8381041
:1098060000b205f082fcede794f8391000b205f0dd
:109816007cfcebe794f83a1000b205f076fce9e739
:020000040000fa
:020000040001f9
:02982600704789
:020000040000fa
:020000040001f9
:10982800f8b5012829d800eb4003184c04eb830352
:109838005b682bb317460e46054600eb400204eb67
:10984800820300225a60142005f0fefb0446d0b1c2
:1098580000234360022303708560c660076105f03a
:10986800bbfd0546b0f1ff3f18bf002501d02846d3
:10987800f8bd204601f0cefff9e74ff0ff35f6e7d7
:109888004ff0ff35f3e74ff0ff35f0e7285c022093
:020000040000fa
:020000040001f9
:1098980038b5184b1b68012b29d00d4604464ff4e8
:1098a8003b720021144806f0e3fafff725feb0f1f9
:1098b800ff3f1bd006f0cef9b0f1ff3f16d005f000
:1098c8007dfdb0f1ff3f11d02946204600f04afb4c
:1098d800b0f1ff3f0ad005f003f9084806f0cef9c9
:1098e800044b01221a60fff7c9fa002038bd4ff077
:1098f800ff30fbe77c5b0220a84d02208850022045
:020000040000fa
:020000040001f9
:109908002de9f84fddf830a08c68002c2ddd91464c
:109918000d4606461f46ddf834804ff0000b07e081
:109928000bf1010b013708f10108ab685b451cdd41
:109938006b68002bc8bf0024f2dd3a4609eb04012e
:10994800284602f0f1fd736b1a782978c0b205f049
:1099580027fd034642460aeb0401706b05f062fee0
:1099680001346b68a342e8dcdae7bde8f88f00bf92
:020000040000fa
:020000040001f9
:1099780008b52c2200210d4806f07afa0c480d4b48
:1099880003600d4b43600d4b83600d4bc3600d4b63
:1099980003610d4b43610d4b83610d4bc3610d4b4f
:1099a80003620d4b43620d4b836208bda053022036
:1099b800805b022069020200d9000100c93a010057
:1099c800a11701004d1e01005d1201000d050100e7
:1099d80021070100edac01007502020065d5010008
:020000040000fa
:020000040001f9
:1099e8002de9f84368b3074669b316460d463c208f
:1099f80005f02afb0446e0b105fb07f87301134a9a
:109a0800d05800fb08f0a06005f01efb814660609e
:109a180090b10023236023736761a561a268226265
:109a280026746062c4f81c800822e26223636363c0
:109a3800a3632046bde8f883204601f0ebfe4c46c0
:109a4800f7e70024f5e70024f3e700bfac2801009e
:020000040000fa
:020000040001f9
:109a5800124b1870092802d90a2816d07047104be3
:109a6800104a1a60104a5a60104a9a60104ada601e
:109a7800032808d00538c0b201288cbf0020012077
:109a88000c4b187070470120fae7054b0a4a1a6018
:109a98005a600a4a9a60da60704700bf4e60022036
:109aa800605e0220c9f6010059580100b3b00100f8
:109ab800f56101004d600220c1f20100bdce010038
:020000040000fa
:020000040001f9
:109ac800f0b583b006460d4600230b604b60036873
:109ad800db69984740b333681b6c304698470746a4
:109ae80010b300240ee0eb88bdf806201344eb8089
:109af800bdf90430b5f904209a42b8bfab800134ef
:109b0800a74211d033685b6c6a46214630469847b5
:109b18007b1ea342e7d933685b6830469847eb88d9
:109b2800828a1344eb80e3e7002003b0f0bd00bf56
:020000040000fa
:020000040001f9
:109b38002de9f04705468946924698460368db6951
:109b4800984728b306462b681b6c28469847484513
:109b580021d90024caf80040c8f80040274602e08e
:109b68000134a6420fd02b689b69214628469847a6
:109b78000a28f5d1c8f80040b9450fd00137631c51
:109b8800caf80030ece7c8f800400020bde8f087cc
:109b98004ff0ff30fae74ff0ff30f7e70020f5e726
:020000040000fa
:020000040001f9
:109ba8002de9f84304460d461646b1f90010b0f900
:109bb800000006f0e0fb8146b5f90210b4f9020096
:109bc80006f0d9fb0746b5f90010b5f90420b4f939
:109bd8000000b4f904301144184406f0d0fb804664
:109be800b5f90210b5f90620b4f90200b4f9063047
:109bf8001144184406f0c3fba6f800907780a8eb40
:0e9c08000908a6f80480c01bf080bde8f883b0
:020000040000fa
:020000040001f9
:109c1600836963b370b505460c461646c38b8b4203
:109c260028d952b343699b6d9847a219eb8b591eed
:109c36008a4219d09a4202d3e643f6180bd0631c27
:109c46005b000021aa69d05a1a4422f8020c01319d
:109c56000233b142f6d3eb8b9e1bee836b69db6d51
:109c660028469847002070bdec830020fbe74ff0a4
:0e9c7600ff3070474ff0ff30f5e70020f3e7b6
:020000040000fa
:020000040001f9
:109c84002de9f047824689461446104605f058fff0
:109c940000f10c07d9f8005015eb070820d206464e
:109ca40045451fd84146daf80000f8f797fcd8b1cb
:109cb400caf80000c9f80080daf800106fb1631e1a
:109cc400013d294404f10b00304400bf13f8012f77
:109cd40001f8012f8342f9d100273846bde8f08707
:0c9ce4004d27fae74d27f8e75327f6e775
:020000040000fa
:020000040001f9
:109cf00021ff010005050200fdf601005d9601004f
:109d000031ab01009ba701003d00020009050200e4
:109d10003d03020059b301001d8c0100995e010052
:109d2000179c010001f901006dda0100c99a0100d8
:109d300081de0100b7760100399b010057770100f1
:109d40005d64010033e80100b1020200bd020200bf
:0c9d5000a7010200b501020000000000a5
:020000040000fa
:020000040001f9
:109d5c0030b58db004460d46036d1b6e0aa99847ad
:109d6c0000232b806b80636d0bb35b69ab80636de1
:109d7c009b69eb80104a0023089394f823100791f9
:109d8c0094f82210069194f82110059194f8201063
:109d9c0004910393e37e0293a37e01930b9b0093a8
:109dac000a9b06ca2846f8f759fb0db030bd0023b4
:0c9dbc00ab80eb80dee700bfa45f02205c
:020000040000fa
:020000040001f9
:109dc80038b50446184b036006f0e2fa83685a1c5b
:109dd8008260636000252572e562032363610223c4
:109de800a377e5776581a5816423e381238265777d
:109df800657601232376ff222277a376e376042370
:109e080084f8203084f8213084f8223084f8233014
:109e180025636563a563e563256404f1440005f0e3
:0c9e280037ff6562a56238bd303d0100c7
:020000040000fa
:020000040001f9
:109e3400023904292fd8dfe801f0030c1923230089
:109e4400c3029bb2c0f3c422134300f4fc60184362
:109e54007047c3039bb2c0f3c422134300f4f862f7
:109e64001343800200f4784018437047030403f45a
:109e74007f03c0f30742134300f47f401843704745
:109e8400030a03f47f43020e42ea00621343000212
:089e940000f47f001843704741
:020000040000fa
:020000040001f9
:109e9c002de9f84fddf83090ddf838a088680028ff
:109eac0027dd90460d461e460d9f4ff0000b06e039
:109ebc000bf1010b01360137ab685b4519dd6b68a3
:109ecc00002bc8bf0024f3dd324608eb0401284602
:109edc0002f028fb297804f025fe53460246394649
:109eec0009eb040002f0b6fc01346b68a342ebdc16
:089efc00dee7bde8f88f00bfae
:020000040000fa
:020000040001f9
:109f040008b5154b00221a605a609a600368da6a31
:109f140012f0040f01d05a6bbab91b7c032b0cd07e
:109f2400052b0ed0062b13d10b4b0c4a5a600a4951
:109f3400086003f0b1fe002008bd074b084a5a60d0
:109f4400f5e7054b074a5a60f1e74ff0ff30f3e7b6
:109f54004ff0ff30f0e700bfe05e022049bd010092
:089f640041f80100e1c1010018
:020000040000fa
:020000040001f9
:109f6c0070b582b004460e4606f010fa144b186019
:109f7c0048220021134805f079ffa4b12368abb146
:109f8c006368b3b1a368bbb10e4d2c606e60002446
:109f9c00019401a902209847019beb6085f82840a9
:109fac00204602b070bd4ff0ff30fae74ff0ff30a3
:109fbc00f7e74ff0ff30f4e74ff0ff30f1e700bf69
:089fcc00046002202859022064
:020000040000fa
:020000040001f9
:109fd40010b50446037e012b06d0637efbb9012332
:109fe400e3770023a36210bd437f13b1437e012bab
:109ff4000ad90021e06a04f0b9f80d4b1a68014649
:10a00400204603f0c2fbe8e70021c06a04f0aef882
:10a01400074b1a680146204604f093fedde702234d
:10a02400e377044ba362204603f070ffdbe700bf35
:08a034001460022011df01009d
:020000040000fa
:020000040001f9
:10a03c00b0f90e308b422bd030b583b00d460446b0
:10a04c0003689b6e694698472368d3f82c316946a0
:10a05c00204698470f49b4f90e304b60b4f91020e4
:10a06c008a602db2e581cd600a612368d3f8143182
:10a07c002046984723689b6e69462046984723687c
:10a08c00d3f82c31694620469847002003b030bde8
:08a09c0000207047e06602207d
:020000040000fa
:020000040001f9
:10a0a400b0f910308b422bd030b583b00d46044646
:10a0b40003689b6e694698472368d3f82c31694638
:10a0c40020469847b4f90e200e494a60b4f910307e
:10a0d4008b602db22582ca600d612368d3f81431d8
:10a0e4002046984723689b6e694620469847236814
:10a0f400d3f82c31694620469847002003b030bd80
:08a1040000207047e066022014
:020000040000fa
:020000040001f9
:10a10c00f8b50546836c0bb300242646ef6c57f864
:10a11c00240001f07dfb47f824602f6d57f82400d4
:10a12c0001f076fb47f824606f6d57f8240001f0be
:10a13c006ffb47f82460af6d57f8240001f068fb03
:10a14c0047f824600134ab6ca342dfd1e86c01f01a
:10a15c005ffb286d01f05cfb686d01f059fba86d8d
:06a16c0001f056fbf8bdf6
:020000040000fa
:020000040001f9
:10a17200f8b504460f464368d3b10026f5002068bf
:10a182003946284401f031fa012815d021682944c2
:10a19200384601f02afa01280fd0216829443846ae
:10a1a20001f04bfa01280fd001366368b342e5d8bb
:10a1b2003946204601f05ffff8bd23685a19386816
:10a1c200796858515160f7e7216829440a463846b0
:06a1d200fff7e9fcf0e7d5
:020000040000fa
:020000040001f9
:10a1d80059b32de9f0410e4605464369db699847b6
:10a1e80080463368db6930469847804528bf8046fb
:10a1f800b8f1000f1cd0002433689b692146304613
:10a20800984707466b699b692146284698478742c5
:10a2180004d101344445efd100200ae06b699b6901
:10a22800214628469847c01b03e04ff0ff3070478f
:06a238000020bde8f081ea
:020000040000fa
:020000040001f9
:10a23e00f0b5b0f90060b0f90250b0f90440b0f9d1
:10a24e000630b1f90000b04203dd3444241a24b2c2
:10a25e000646b1f904c0371900eb0c0e774502dd46
:10a26e007446a41b24b2b1f90200a84203dd2b44ac
:10a27e001b1a1bb20546b1f90670e91800eb070c64
:10a28e00614502dd63465b1b1bb2168055809480d0
:04a29e00d380f0bdbc
:020000040000fa
:020000040001f9
:10a2a200b8b138b504468368b3b10568bdb16b680f
:10a2b20099420ad02b46186820b142688a4211d0ce
:10a2c2000346f8e74ff0ff301be02846036823609f
:10a2d20011e04ff0ff3070474ff0ff3011e04ff0c8
:10a2e200ff300ee08542f1d06268824206bf6360b1
:10a2f200002202681a6001f090faa368013ba36091
:04a30200002038bd42
:020000040000fa
:020000040001f9
:02a3060070479e
:020000040000fa
:020000040001f9
:10a308000400010000140000001a0000002e0000e4
:10a318000040000004005363616e110052656164df
:10a328007920746f205052474d2e2e2e21000f0099
:10a33800496f54204c6162204756504345570007e7
:10a348000057656c636f6d65000000000000000039
:10a3580000000000000000000000000000000000f5
:04a3680000000000f1
:020000040000fa
:020000040001f9
:10a36c0000b585b00f491048fff790fa0f4b5a68ab
:10a37c0001921a7c8df80820db68039301a90b204d
:10a38c00fcf7aaff03f0e6fc094b0a4a5a610a4a99
:10a39c009a610a4ada610a4b00221a7005b05df81c
:10a3ac0004fb00bf6c5d02202c020200acfc01001f
:10a3bc00bc5a0220ebfe0100d9fe0100c7fe0100d1
:04a3cc002f600220dc
:020000040000fa
:020000040001f9
:10a3d00010b40368da6cb3f90c1011445962996c2b
:10a3e000b3f90e400c449c620468b4f916400c4466
:10a3f0001c620068b0f914001044d861b3f9180069
:10a4000082423cbf0132da64da6c904203d0002011
:10a410005df8044b70470022da6401319964b3f9a6
:10a420001a209142f3d30022c3f8ec200122c3f892
:04a43000f020ece745
:020000040000fa
:020000040001f9
:10a4340070b504f01dfc1248fbf722f9114805f031
:10a4440005fd00240e4da6b23146284604f09efeba
:10a454003146284601f01efb01340c2cf3d10a4d81
:10a4640000240a4e2a46e1b2304605f0a5f801342c
:10a4740006350c2cf6d1064805f065f970bd00bf11
:10a4840070670220c05d0220b859022014670220c0
:04a4940090670220ab
:020000040000fa
:020000040001f9
:10a49800f8b504460f4616461d462022002105f051
:10a4a800e7fc06b3042f38bf04276660a760e7609f
:10a4b800a561ddb1e56133460022114604e029605b
:10a4c80001326368934208d9013b9342f7d9e368a4
:10a4d8002b442b60e3681d44f2e72661002060618d
:10a4e80001232370f8bd4ff0ff30fbe74ff0ff303a
:02a4f800f8e783
:020000040000fa
:020000040001f9
:02a4fa007047a9
:020000040000fa
:020000040001f9
:10a4fc0090f8d631012b28d9f0b44fea530c00f266
:10a50c00564400252e4600f5eb7700bf24f81e6c50
:10a51c006684a4f11e0307eb05111a8811f8010fcc
:10a52c000244520023f8022f91f82022d88f0244c3
:10a53c005200a3f84020a342efd101352034ebb2f6
:10a54c009c45e3d80020f0bc70470020704700bf4a
:020000040000fa
:020000040001f9
:10a55c00f0b585b00468d4f88c30e26fe16ee06d34
:10a56c0025682d7c0295dff844e0def818700e4d5e
:10a57c0085fb076cfe17c6eb6c164ff0640c0cfbde
:10a58c0016760196def8147085fb0756fd17c5eba1
:10a59c0066150cfb1575009502f004fdc4f89800c7
:10a5ac00002005b0f0bd00bf1f85eb51885d022077
:020000040000fa
:020000040001f9
:10a5bc00f0b58db0044605f063fe18b3054643684c
:10a5cc001bb3e368079367680597a668069620781f
:10a5dc0005f0e4fe8df810002369089300220b921d
:10a5ec00636909938df828200092019202970396d3
:10a5fc006b68694604a89847003018bf0120404298
:10a60c000db0f0bd4ff0ff30fae74ff0ff30f7e739
:020000040000fa
:020000040001f9
:10a61c0070b58cb0044608aa0aa9fcf70dfd636d51
:10a62c000193bdf920300293bdf922300393a37e30
:10a63c008df810300b21e06a03f094fd064605906e
:10a64c000a4b1b680693e56a0021284603f08afd35
:10a65c0002463146284602f0d7fe079001a8f6f7cd
:10a66c0023fc2046fef756fa0cb070bd1060022099
:020000040000fa
:020000040001f9
:10a67c007fb5c36800911546002b18bf013a0192b3
:10a68c0082680446cde902230e4602226946006820
:10a69c0003f016ff002808dc00f0180383f0080212
:10a6ac0063681343636005460fe0019a8242fad255
:10a6bc00a368e363801ae268184420642ab15a1c28
:10a6cc00e2632e441b7806f8013c284604b070bdaa
:020000040000fa
:020000040001f9
:10a6dc0037b5154d2b68044673b104f063fd01903a
:10a6ec0001a805f081fa0f30019920f00f0005f058
:10a6fc00a9f960b100232b60002c08bf01240f3492
:10a70c0034f00f0405d1094b0c221a60204603b01b
:10a71c0030bd042c38bf04242046fef737f900283e
:10a72c00f5d040f8044cf2e7a46702202460022024
:020000040000fa
:020000040001f9
:10a73c00f0b583b0089ef0b101b316b31d461446b4
:10a74c000a884ff6ff739a420bd00368e3b9476847
:10a75c000a690196009523463a44f5f7c7fd03b004
:10a76c00f0bdff23009333680a4629462046fcf7c8
:10a77c005ffd0020f3e74ff0ff30f0e74ff0ff30c4
:0ea78c00ede74ff0ff30eae74ff0ff30e7e770
:020000040000fa
:020000040001f9
:10a79a0083690bb370b5868b0eb319b30c460546a5
:10a7aa00084605f020f900b3864228bf06466b69c1
:10a7ba009b6d28469847ee83611e88190023aa6973
:10a7ca0011f8014fd45202338142f8d16b69db6d23
:10a7da0028469847002070bd4ff0ff3070474ff071
:0ea7ea00ff30f8e74ff0ff30f5e70020f3e70f
:020000040000fa
:020000040001f9
:10a7f800154b9b682bb370b5134b1d68fdb11e46f6
:10a8080006e0204603f08cff70b1022814d0b5b1e1
:10a818006c68f3681bb1204698470028f8d02d686b
:10a828002378013b022becd921463046fff735fd52
:10a83800204600f0efffeae7034803f0b0fd0020f0
:0ca8480070bd0020704700bf3c5e022085
:020000040000fa
:020000040001f9
:10a854002de9f84305464ff0000818e02968c819a7
:10a8640002463144fff79ef92146284603f06dff66
:10a87400444601346b68a34208d92868e60081196c
:10a884003844fdf7effd0128f3d1e7e7c8466b68cc
:10a89400434508d908f101094b45f7d94feac907df
:0ca8a400083f4c46e9e70020bde8f883bf
:020000040000fa
:020000040001f9
:10a8b000154b01221a801a46136b13f0010ffbd1be
:10a8c0004ff080131b681a0902f07002d90001f4de
:10a8d000e0610a43c3f382031a430b4ba3f84820f9
:10a8e0004ff400721a800322da7283221a724ff434
:10a8f000c0529a800222da80072283f82e201a465c
:0ca90000136b002bfcd17047001c0043bf
:020000040000fa
:020000040001f9
:10a90c0010b4124900220a704a608a600a73104c13
:10a91c00104b5c6310489863586940f0812040f4f8
:10a92c00010058611a6440f20f40208083f84520e2
:10a93c0001220a70032283f84d20802283f84620de
:10a94c0040f602721a805df8044b7047805e02205c
:0ca95c00705e022000a00041905e02200e
:020000040000fa
:020000040001f9
:10a96800154b5a6b1ab310b40146824204d183695d
:10a97800abb1002206e01a469369d3b19942fad1e5
:10a988008b6923b18c689868204498604ab18b69b8
:10a998009361002000238b615df8044b70471a46d1
:10a9a800f4e7054b5a6b92695a630120f2e70020dd
:0ca9b80070470020f0e700bf005a0220aa
:020000040000fa
:020000040001f9
:10a9c4000e4a38b5002313600d4a0e4c13600e4a2c
:10a9d4000e4d13600e4a13600e4a13600e4a536202
:10a9e40013610123936005f087fb05f016f9ac426f
:10a9f40000d338bd54f8043b9847f8e720600220a0
:10aa0400e45802206c020000e058022070020000aa
:0caa1400d8580220dc580220e85802202c
:020000040000fa
:020000040001f9
:10aa200038b50d46044608b9002038bd43689b067a
:10aa300007d5d0e905239a4216d80023c4e9053387
:10aa4000a362d4e90f13994204d20122c91a2068e3
:10aa500005f084fd0023c4e90f33002de4d0206805
:10aa6000bde8384005f02abd0022c36a1146984768
:0caa70006369002be1d14ff0ff30d6e706
:020000040000fa
:020000040001f9
:10aa7c0043684bb382688a4226d070b48b420fd99c
:10aa8c004c1ce4000368013123441a4652f808694f
:10aa9c005d6843f8086c5560083443689942f1d3fb
:10aaac000139cc000268002322f8313002682244bc
:10aabc00538002682244938002682244d380436806
:0aaacc00013b436070bc7047704707
:020000040000fa
:020000040001f9
:10aad60070b584b000b311b31d4614460a884ff60c
:10aae600ff739a420ed00368e3b946680a69099b68
:10aaf6000293089b0193009523463244fbf759f9cc
:10ab060004b070bd099b0093089b0a46294620465f
:10ab1600fcf791fb0020f3e74ff0ff30f0e74ff032
:0aab2600ff30ede74ff0ff30eae7e3
:020000040000fa
:020000040001f9
:10ab30008369fbb170b5858bfdb109b31ab30e46bd
:10ab40000446954228bf154643699b6d9847e583a7
:10ab5000b31e03eb4505c6f10206f218a16933f8ee
:10ab6000020f8852ab42f8d16369db6d20469847eb
:10ab7000002070bd4ff0ff3070474ff0ff30f8e716
:0aab80004ff0ff30f5e70020f3e787
:020000040000fa
:020000040001f9
:02ab8a00fee7e4
:020000040000fa
:020000040001f9
:10ab8c0038b505780a2d0fd01c4603f0c3fc104bca
:10ab9c0003eb45135a68d208013a0e4b53f8223096
:10abac0021469847002038bd446804fb0212d44368
:10abbc0004f00704d2084569012101fa04f0a95cec
:10abcc0021ea000103fa04f40c43ac54eae700bf99
:08abdc00ac280100046702200f
:020000040000fa
:020000040001f9
:10abe40038b32de9f0410546002712e021462846f6
:10abf40003f0abfd3c4601346b68a34208d92868d6
:10ac040000ebc401304401f017ff0128f3d1ede754
:10ac140047466b685a1eba4208d907f101084345f2
:10ac2400f6d94feac806083e4446e8e70020bde8e6
:08ac3400f0814ff0ff30704782
:020000040000fa
:020000040001f9
:10ac3c0008b505f08ffa012806d0114b1b68002bc4
:10ac4c0003da104b1b68bbb108bd0e4b1b6853b12c
:10ac5c000b4b1b686bb10a4b19680a4a11604ff019
:10ac6c00ff321a60ede700f0d1ff064b00221a60ac
:10ac7c00eee7f5f71bf9eee704f0c8fbe4e700bfdd
:08ac8c00e85f0220ec5f0220ea
:020000040000fa
:020000040001f9
:10ac9400f8b507460c4605f02ff83d4626460fce7c
:10aca4000fc596e80f0085e80f00a368d3b14ff4f1
:10acb400806004f0cbf9b86078b1e068800018bf18
:10acc400002310d0a268d15cba68d1540133e26881
:10acd400b3eb820ff6d1002005e0e068002818bf2e
:08ace400532000e00020f8bd40
:020000040000fa
:020000040001f9
:10acec0038b5144b1b7a03b3124c0025d4f8f03052
:10acfc00bbb9d4f8ec3004eb8303d3f8ac00436855
:10ad0c009847b0f1ff3f13d0d4f8ec20531c04eb60
:10ad1c008202d2f8b020002a08bf2b46c4f8ec30cf
:10ad2c00e4e702f019fc002038bd4ff0ff30fbe7e0
:08ad3c000020f9e7a0530220fa
:020000040000fa
:020000040001f9
:10ad440010b4447804f0fc04dc2c0cd0012920d984
:10ad5400022119604178037803eb0123136000207a
:10ad64005df8044b7047032910d904211960017858
:10ad7400437843ea01218478c37843ea042303eb4c
:10ad84008123a3f15773a3f57733e7e74ff0ff303f
:08ad9400e6e74ff0ff30e3e7b2
:020000040000fa
:020000040001f9
:10ad9c0038b5436d8b4221d00d4604466bb103f0a0
:10adac0055fd606d03681b6e002211469847606d5f
:10adbc0003685b6e00221146984765655db12b6890
:10adcc001b6e2246064928469847606d03685b6ee9
:10addc00224604499847204603f038fd002038bd30
:08adec005103020047030200bd
:020000040000fa
:020000040001f9
:10adf40038b5054605f006fa85421dd005f008fa77
:10ae040085421dd0286c18b103685b6f29469847aa
:10ae1400ab6c63b16b6c1c682368d3f810312046ab
:10ae24009847204600f0f8fcab6c002bf2d105f1fa
:10ae3400440004f025fa38bd002000f0c5fedde72b
:08ae4400002000f021fcdde715
:020000040000fa
:020000040001f9
:10ae4c0009b370b50c464b6913f0080f1ed11646aa
:10ae5c0005460146204603f09bfe012819d0206cc4
:10ae6c0018b103685b6f214698472246314605f1bd
:10ae7c00440000f0edf825642368d3f8dc3020465c
:10ae8c009847002070bd4ff0ff3070474ff0ff30f7
:08ae9c00f8e74ff0ff30f5e785
:020000040000fa
:020000040001f9
:10aea4002de978480546134c63689b6998476061af
:10aeb400606904f077fd064603f070f805f092fa35
:10aec400d4e90abc1beb06024cf10003c4e90a23d3
:10aed40005f08cfa2846fdf70ff808b9bde8788824
:10aee40005f080fa0446fbf74dfd204605f07efa96
:08aef400f4e700bf005a022040
:020000040000fa
:020000040001f9
:10aefc0038b5044602f0bcfb10b3204602f006f94c
:10af0c000546b0b14378b3b983680bb94368836025
:10af1c000c4b93f8303043b92846fff7bdff0024a3
:10af2c002c756c7501236b7006e02846fcf7e0ff6e
:10af3c00f5e7012400e0002403f084fe204638bd30
:08af4c000124fbe7005a02207a
:020000040000fa
:020000040001f9
:10af54002de9f0410e4619461d46804605f002f8db
:10af6400b54220eae07087b21ad9691e404689b218
:10af740004f0f8ff002813dd84b21644013eb54204
:10af840010d2691c404689b204f0ecff002809dda8
:10af940080b284428cbfe019c01980b2bde8f08150
:08afa4000024eae70020f4e7b5
:020000040000fa
:020000040001f9
:10afac002de9ff41134dd1f80080af88adf80c703e
:10afbc0006462868029002aca8798df80e00002a8b
:10afcc0018bf1446d1e901571a461bb9204604f0a4
:10afdc0009fd0246002d02dbaa4228bf2a46cdf805
:10afec0000803b4621463046fdf78efc04b0bde8a0
:08affc00f08100bf30040200e7
:020000040000fa
:020000040001f9
:10b0040038b5036d04463bb1426d934204dc002322
:10b01400e3644ff0ff3038bd204603f05bfb0028ab
:10b02400f5db236dd4e90f12a3b1656d5b1b551ad3
:10b03400ab420fdc013b0b44e36422b1636d521a53
:10b0440001321a44626511f8013c834218bf01f8c9
:08b05400010ce0e71346efe7f1
:020000040000fa
:020000040001f9
:10b05c0000b370b5044643688b421ed302b3164648
:10b06c000d468b420bd081688b420cd02946204672
:10b07c0001f020f8236843f82560002070bd1146cc
:10b08c0002f049fbfae7053101f0b5feb0f1ff3fe4
:10b09c00ecd1f3e74ff0ff3070474ff0ff30ede7a6
:06b0ac004ff0ff30eae75f
:020000040000fa
:020000040001f9
:10b0b200f0b587b004460d4616461f4602a804f0b6
:10b0c200f0f9bdf90830e41abdf90a30ed1aadf80d
:10b0d2001040adf81250adf81460adf81670ff22b2
:10b0e2000c9904a8f9f779ff10b9002007b0f0bd58
:10b0f20003f0cdff0c9b0193009733462a4621466d
:06b1020000f07bfcf1e708
:020000040000fa
:020000040001f9
:10b1080059b10132d2b2030400d452b90b040dd59f
:10b11800002322b113f4004f0dd04ff6ff731846e9
:10b128007047013a4000d2b280b2ece701324900e0
:10b13800d2b289b2eae75b00884228bf401a02f11e
:10b14800ff329bb24fea510128bf0133d2b224bf6c
:06b1580080b29bb2dde7ae
:020000040000fa
:020000040001f9
:10b15e00f0b50c4649682368a668e76887b00029f1
:10b16e000593a4bf23f00203059305ab02930a23b4
:10b17e00cde900630546d2e900232046fef71ff80d
:10b18e002269059b0093013a3346121a3918284654
:10b19e00fdf7b9fb6b68db0503d563689842b8bf52
:06b1ae00184607b0f0bdd9
:020000040000fa
:020000040001f9
:10b1b400e0b1f1b102b330b583b015460c460023bb
:10b1c400adf80030adf802304368adf80430836860
:10b1d400adf80630684600f02ffa80b12a462146c1
:10b1e4006846fff72af8002003b030bd4ff0ff3067
:10b1f40070474ff0ff3070474ff0ff3070474ff00b
:04b20400ff30f1e73f
:020000040000fa
:020000040001f9
:10b20800f8b5e8b10368d3f8843098470646c8b162
:10b218000f4bd3f8e832bbb100240d4d05f5387754
:10b228002146384604f01bf8864207d00134d5f889
:10b23800e832a342f4d84ff0ff3000e02046f8bdd2
:10b248000020fce70020fae74ff0ff30f7e700bfe7
:04b25800a84d0220db
:020000040000fa
:020000040001f9
:10b25c0038b5134b1b7af3b1114c0025d4f8c4301c
:10b26c00abb9d4f8c030203354f823004368984766
:10b27c00b0f1ff3f12d0d4f8c020531c213254f847
:10b28c002220002a08bf2b46c4f8c030e6e702f0a3
:10b29c00f3f8002038bd4ff0ff30fbe70020f9e752
:04b2ac0080550220a7
:020000040000fa
:020000040001f9
:10b2b00008b52c2200210b4804f0defd0a480b4b98
:10b2c00003600b4b43600b4b83600023c36003613f
:10b2d00043618361c361084b0362084b4362084bbf
:10b2e000836208bd80550220205b022045020200d7
:10b2f000a95401009d4701005db201005102020006
:04b3000085d40100ef
:020000040000fa
:020000040001f9
:10b30400f0b4049ed8b10446e1b1f2b146600598a8
:10b31400206002fb01f758010d4d2d5805fb07f580
:10b32400a560002020736161a261256223746662b6
:10b33400e761e06220636063a063f0bc70474ff094
:10b34400ff30fae74ff0ff30f7e74ff0ff30f4e754
:04b35400ac28010020
:020000040000fa
:020000040001f9
:10b35800e0b1f8b5064601b30d460b68db6908464f
:10b368009847f78b874228bf0746cfb100242b6840
:10b378009b69214628469847b36933f814309842a8
:10b3880009d10134bc42f2d100200ae0003118bfd3
:10b39800012148427047181a03e04ff0ff3000e0df
:04b3a8000020f8bdcc
:020000040000fa
:020000040001f9
:10b3ac00f9b138b50c464b6913f0080f1cd10546a2
:10b3bc000146204603f0ecfb012818d0206c18b194
:10b3cc0003685b6f21469847214605f1440002f063
:10b3dc00a2f925642368d3f8dc3020469847002076
:10b3ec0038bd4ff0ff3070474ff0ff30f8e74ff0ab
:04b3fc00ff30f5e742
:020000040000fa
:020000040001f9
:10b4000070b4114b1b7863b1104b012413f8012b5e
:10b4100042b10134052cf9d14ff0ff34204670bc05
:10b42000704700240a4b342606fb043605460fcd30
:10b430000fc60fcd0fc60fcd0fc62b683360024b62
:10b4400001221a55eae700bfd45f0220d55f02202f
:04b4500094520220f0
:020000040000fa
:020000040001f9
:10b45400fdeec07ab5eec00af1ee10fa11d4f8eea2
:10b46400e77a30ee670ab6ee007ab4eec70af1ee78
:10b4740010fa44bfb7ee007a77eec77ab0ee670ae7
:10b484007047f8eee77a30ee670ab6ee007ab4ee6b
:10b49400c70af1ee10faf1d4b7ee007a77ee877aa4
:02b4a400ece7d3
:020000040000fa
:020000040001f9
:10b4a60030b585b004460d4603685b6e02a9984721
:10b4b600246cc4b123681b6e69462046984702aacd
:10b4c60069461046fef7b8febdf808306289134497
:10b4d600adf80830bdf80a30a2891344adf80a3039
:10b4e600246c002ce6d102ab03cb2860696005b062
:02b4f60030bd67
:020000040000fa
:020000040001f9
:10b4f8002de9f0410546fcf717fe002712e021462a
:10b50800284603f020f93c4601346b68a34208d969
:10b51800286800ebc401304400f064f80128f3d136
:10b52800ede747466b68bb4208d907f10108434578
:10b53800f7d94feac806083e4446e9e70020bde8c7
:02b54800f08190
:020000040000fa
:020000040001f9
:10b54a0030b587b0054604f022ff0468c4b1ab6980
:10b55a00b3f1ff3f16d0009304f019ff436801933b
:10b56a006946204601f0fbfeb0f1ff3f0dd0694667
:10b57a00204601f092f9b0f1ff3f08d0059802e0a9
:10b58a00002000e0002007b030bd0020fbe70020cb
:02b59a00f9e7cf
:020000040000fa
:020000040001f9
:10b59c0008b321b103290fd04ff0ff3070472ab9ff
:10b5ac000e4b1022c3f89420002070470b4b102236
:10b5bc00c3f898200020704732b9084b4ff4800232
:10b5cc00c3f8942000207047044b4ff48002c3f85a
:10b5dc009820002070474ff0ff30704700800041ea
:020000040000fa
:020000040001f9
:10b5ec00b0f90030b1f90020934219dc10b4b1f974
:10b5fc0004402244b0f9044023449a4212dcb0f9ce
:10b60c000220b1f90240a24210dcb1f90630234409
:10b61c00b0f9060010448342ccbf0020012002e0a8
:10b62c000020704700205df8044b70470020fae7bb
:020000040000fa
:020000040001f9
:10b63c0010b4b1f90020b0f90040b1f90430134452
:10b64c00a34217ddb0f904301c44a24216dab1f95a
:10b65c000230b0f90240b1f906201a44a24201dcd2
:10b66c00002008e0b0f9060020448342acbf002063
:10b67c00012000e000205df8044b70470020fae741
:020000040000fa
:020000040001f9
:10b68c00124bd3f8d83283421bd010b5044623b1e9
:10b69c001a6dd2f83821184690470c4bc3f8d84293
:10b6ac008cb1236dd3f8343120469847b0f1ff3f6d
:10b6bc0018bf002000d010bd044b0022c3f8d822c4
:10b6cc00f9e7002070470020f5e700bfa84d0220e5
:020000040000fa
:020000040001f9
:10b6dc00104b1b68a3b1104bd3f8e832834212d93c
:10b6ec0010b50c4601460d4803f0b7fd90f85030ec
:10b6fc00a3420bd080f8504002f030f9002010bd6e
:10b70c004ff0ff3070474ff0ff3070474ff0ff3075
:10b71c00f5e700bf7c5b0220a84d02208850022078
:020000040000fa
:020000040001f9
:10b72c00f8b5064600252f46284607e0d6f8d83748
:10b73c001f44b85c1be00135102d17d0400084b2bb
:10b74c003046faf721fe204480b2d6f8d4375b5d40
:10b75c00002bf0d0d6f8dc2732f81520821a92b2e2
:10b76c009bb29342e2d83b449fb2e4e70020f8bd81
:020000040000fa
:020000040001f9
:10b77c00494441540000000049454e44000000007b
:10b78c00504c54450000000074524e530000000011
:10b79c00624b4744000000007445587400000000e0
:10b7ac007a5458740000000069545874000000006a
:10b7bc0074494d450000000070485973000000bfeb
:020000040000fa
:020000040001f9
:10b7cc0070b582b0114c2568d5f8943005eb031593
:10b7dc00217fa86d04f014fc0023236163612346d0
:10b7ec0053f8102b1268d169566a04f114020092b6
:10b7fc0002463046fcf734fb23681b681a7c014672
:10b80c00a86d04f0f5fbe86502b070bdc05c0220c9
:020000040000fa
:020000040001f9
:10b81c0000b338b50446104804f06afe204601f027
:10b82c00d3feb0f1ff3f09d021460c4b03eb401087
:10b83c0004f09efc084804f05bfe38bd064d28461b
:10b84c0004f056fe21462846fcf7daff284604f0a1
:10b85c004ffef2e7704700bf4c5c0220945402206c
:020000040000fa
:020000040001f9
:10b86c0010b586b004460023adf80830adf80a30a8
:10b87c00436d5a69adf80c209b69adf80e3004a9e4
:10b88c00fef766fa04a9204603f0d8fc074b1b68a8
:10b89c000093bdf91230bdf9102002a9606dfdf7bf
:10b8ac0079f92046fdf7d8fb06b010bd0c600220dc
:020000040000fa
:020000040001f9
:10b8bc002de9f04184b00446884603689b6e02a9ca
:10b8cc0098470221e06a02f04dfc05460221e06a2d
:10b8dc0002f048fc06460421e06a02f043fc0746ed
:10b8ec000321e06a02f03efccdf8048000903b4658
:10b8fc003246294602a8f9f7dffc04b0bde8f08116
:020000040000fa
:020000040001f9
:10b90c0010b370b506460d4602f014fbd5b10024f9
:10b91c000e4a137e13f0040ffbd0538b13f0070f5a
:10b92c000bd1536803f00703012b936a14bf3355f3
:10b93c0026f814300134a542ebd1a54214bf0020e7
:10b94c00012070bd2c46f8e7002070470020014113
:020000040000fa
:020000040001f9
:10b95c0009b330b583b00c4610b9012003b030bd2b
:10b96c000e4bd96800254ff47a720023a1fb00011d
:10b97c0002f028fb00952b462a4601462846fbf789
:10b98c00b1f82060b0f1ff3f01d10120e6e7fff7ed
:10b99c00affa2846e2e70120704700bf005a0220a8
:020000040000fa
:020000040001f9
:10b9ac0010b582b0114c00f07f0084f82400002305
:10b9bc0084f8203004f11c0301930323009304f159
:10b9cc002603012204f12401a069f6f7c7fb01202c
:10b9dc0001f092f9224600bf92f82030002bfbd0e8
:10b9ec00024b93f8280002b010bd00bf10000020dd
:020000040000fa
:020000040001f9
:10b9fc0010b586b0adf81010adf81220adf81430bb
:10ba0c00089badf81630b8b1044602aa04a9fff79a
:10ba1c00cbfbb0f1ff3f0dd0099b0193bdf90e306c
:10ba2c000093bdf90c30bdf90a20bdf90810204671
:0eba3c00fbf7a4fc06b010bd4ff0ff30fae798
:020000040000fa
:020000040001f9
:10ba4a0070b5044603689b6b9847f0b1ff21207fcd
:10ba5a0002f073fb0546246c94b1ff2623689b6ba6
:10ba6a002046984701280bd13146207f02f065fb1a
:10ba7a000146284600f0b3fa0546246c002cedd1a5
:0eba8a002946ff2000f0abfa70bdff20fce75c
:020000040000fa
:020000040001f9
:10ba980008b303681a888a421fd39b788268402bb0
:10baa8000dd106234ff40d7003fb0123988000206d
:10bab80006235943535c43f002035354704783f001
:10bac8008003012b05d8062341f2342003fb012310
:0ebad800ece70220ece70b20704702207047dd
:020000040000fa
:020000040001f9
:02bae600fee779
:020000040000fa
:020000040001f9
:10bae800431e13f1030f16d810f47f4f15d1c3b2bc
:10baf8000d4a9268934212d203eb83020a4bdb6829
:10bb080003ebc2035a6a82420bd1da78002a08bfd3
:10bb18000023184670470023fbe70023f9e70023ba
:0cbb2800f7e70023f5e700bf8458022077
:020000040000fa
:020000040001f9
:10bb34002de9f04105460e461746090e000e01f0a8
:10bb4400d3fd04463a46c6f30741c5f3074001f066
:10bb5400cbfd000440ea04643a46c6f30721c5f36a
:10bb6400072001f0c1fd80463a46f1b2e8b201f087
:0cbb7400bbfd204340ea0820bde8f08142
:020000040000fa
:020000040001f9
:10bb80002de9f04105460e461746090e000e01f05c
:10bb9000adfd04463a46c6f30741c5f3074001f040
:10bba000a5fd000440ea04643a46c6f30721c5f344
:10bbb000072001f09bfd80463a46f1b2e8b201f061
:0cbbc00095fd204340ea0820bde8f0811c
:020000040000fa
:020000040001f9
:10bbcc00114bd3f8d43283421cd010b582b004464a
:10bbdc0043b168228df804201a68d2f8142101a907
:10bbec0018469047084bc3f8d44244b167238df8ec
:10bbfc0004302368d3f8143101a92046984700205b
:0cbc0c0002b010bd00207047a84d0220bf
:020000040000fa
:020000040001f9
:10bc180010b50b4c0021206800f006fa206803f0ec
:10bc28008ffe00232360074a1360074a1360074a00
:10bc38001360074a1360074a1360074a137010bd60
:10bc4800e45f02204c5e0220dc5f0220e05f0220fd
:0cbc5800ec5e0220dc5e0220d95f0220be
:020000040000fa
:020000040001f9
:10bc6400100000001100000012000000000000009d
:10bc740008000000070000000900000006000000a2
:10bc84000a000000050000000b0000000400000092
:10bc94000c000000030000000d0000000200000082
:0cbca4000e000000010000000f00000076
:020000040000fa
:020000040001f9
:10bcb00070b582b0104d2c68d4f8943004eb0314a6
:10bcc000297fa06d04f0a2f92b4653f8102b1268bf
:10bcd000d169566a05f11402009202463046fcf71b
:10bce000c5f82b681b681a7c0146a06d04f086f924
:0cbcf000e06502b070bd00bfc05c022027
:020000040000fa
:020000040001f9
:10bcfc0008b50268936bb3b1197c437a994212d0a0
:10bd0c000c4b00221a605a609a60da600268936bde
:10bd1c0073b11b7c07490b730860074b4b6001f038
:10bd2c00b7ff002008bd127c437a9a42e8d1f8e7ad
:0cbd3c00137cefe7505e022091ef010045
:020000040000fa
:020000040001f9
:10bd48000368d3f8982012f07f4f05d14ff0ff32e7
:10bd5800c3f8ec200020704710b504460a4b1b6856
:10bd6800196ad86902f06ffb236802460621587adf
:10bd780003f016fb24680146d4f89800f9f734ff5d
:0cbd8800c4f89800002010bde05e02200e
:020000040000fa
:020000040001f9
:10bd9400f8b54368f3b103681d68ab7f022b17d075
:10bda40006460024274609e001347368a3420ed9ed
:10bdb400336853f82450ab7f022b09d0012bf3d105
:10bdc40005f14400fff7e4ff30b9af77ece7002555
:0cbdd4002846f8bd0025fbe70546f9e70e
:020000040000fa
:020000040001f9
:10bde000022a70b5044616461d461ad043689b06c3
:10bdf00017d441b9002d08bf4ff4806505f1080044
:10be0000fef76cfc01466368012e43f0200363607b
:10be1000c4e9021514bfff230a2384f83430024b0f
:0cbe2000e362002070bd00bfbb92010077
:020000040000fa
:020000040001f9
:10be2c0001f000428b1aa3f16051b1f5801f0adbbf
:10be3c00b1f17f6f09d242eac102c10071f1004138
:10be4c0042eb507070471046704701285b4113f568
:10be5c00001f02d842f0ff407047c90041ea507001
:0cbe6c00104340f4800040f0804070471c
:020000040000fa
:020000040001f9
:10be780010b50f4c236863b1002813da0d4b226804
:10be88001b68d21a43429a4208db22681044206099
:10be980006e002f0b1f82368002bedd14ff0ff3235
:10bea800104610bd044b1a682368d21a8242ebe789
:0cbeb800985f0220a05f02209c5f022027
:020000040000fa
:020000040001f9
:10bec400f8b505460e461746c1f3c421c0f3c42095
:10bed40001f00afc04463a46c6f38411c5f3841003
:10bee40001f002fc800140eac4243a46c6f344014e
:10bef400c5f3440001f0f8fb44ea4000354315f073
:0abf0400010f18bf40f00100f8bd66
:020000040000fa
:020000040001f9
:10bf0e0010b590f948305a1e134380f84830d0e9e6
:10bf1e0005239a42044603d90022c36a1146984764
:10bf2e0060680023a362c4e90533830755bfd4e9d3
:10bf3e00023240f010009b18606056bfc4e90f3308
:0abf4e004ff0ff3040f3c00010bdbb
:020000040000fa
:020000040001f9
:10bf580090b1a1b1b2b108b50d4b1b7aabb913467c
:10bf68000a460c494ff48000c1f8980000210846a1
:10bf7800fdf7daf9002008bd4ff0ff3070474ff0a9
:10bf8800ff3070474ff0ff3070474ff0ff30f2e757
:08bf9800945c022000800041ce
:020000040000fa
:020000040001f9
:10bfa00008b502f065ffb0f5877f0adcb4280edc27
:10bfb0005a2812ddc0f1b4000a4b33f91000404298
:10bfc00004e0c0f5b470074b33f9100008bdb43875
:10bfd000044b33f910004042f8e7024b33f91000ec
:08bfe000f4e700bf60670100f7
:020000040000fa
:020000040001f9
:10bfe80010b401fb00f3642000fb03f00c4ca4fb2d
:10bff8000020400b4ff47a7202fb03f3a4fb0323e7
:10c008005b0b084aa2fb0312d20802eb8202a3ebe5
:10c018004203042bc8bf01305df8044b704700bfd2
:08c028005917b7d1cdcccccce7
:020000040000fa
:020000040001f9
:10c0300030b583b0c0b104460d466b46024652f897
:10c040000a0f516803c329460a4803f00cf9036834
:10c050005b6f21469847044648b929466846fdf774
:10c0600089fa204603b030bd4ff0ff34f9e74ff0b6
:08c07000ff34f6e788500220be
:020000040000fa
:020000040001f9
:10c07800e0b170b50446e1b10d46816843688b4272
:10c088000dd06268236803ebc2012e68686843f824
:10c0980032604860636801336360002070bd053119
:10c0a80000f0ecfab0f1ff3febd1f7e74ff0ff30cb
:08c0b80070474ff0ff30f1e783
:020000040000fa
:020000040001f9
:10c0c000436803b3f0b4826893423cbf01334360da
:10c0d00047687e1e8e4210d907f18043023b9b00c9
:10c0e000324600e022460468e55844f82250541ec7
:10c0f000043ba142f6d11644f61b0368002243f824
:08c100002620f0bc70477047d7
:020000040000fa
:020000040001f9
:10c1080038b505460c46084603f06efc042819d1dc
:10c118002a7923789a4202d00020c0b213e06a79c3
:10c1280063789a4201d00020f7e7aa79a3789a4267
:10c1380001d00020f1e7e879e378984214bf0020a5
:08c148000120eae7002038bde8
:020000040000fa
:020000040001f9
:10c1500010b504460c3003f067fb0023a360236096
:10c160006360e362a36363632363e36323646364e1
:10c17000a364e36423656365a365e365a367c4f80b
:10c180008830c4f88c30c4f89030c4f89430c4f8c7
:08c190009830c4f89c3010bd8a
:020000040000fa
:020000040001f9
:10c1980038b502680023c2f894300268c2f89430b7
:10c1a8000368d3f89420d3f890309a4210d204460a
:10c1b800084deb6898472268d2f894300133c2f8ea
:10c1c80094302368d3f89420d3f890309a42f0d36f
:08c1d800002038bdc05c02200c
:020000040000fa
:020000040001f9
:10c1e000036893f898202ab94ff0ff32c3f8ec2087
:10c1f0000020704710b504460a4b1b68196ad869bd
:10c2000002f025f9236802460521587a03f0ccf89c
:10c2100024680146d4f89800f9f778fcc4f898002f
:08c22000002010bde05e0220c9
:020000040000fa
:020000040001f9
:10c2280010b4044643696bb18b420fd8002003e079
:10c238009b6843b1994206d38342f9d99a4218bf01
:10c248001846f5e71846a36923b90ae00020fae77b
:10c258009b6833b19942fbd29a42f9d0984228bfe1
:08c2680018465df8044b704715
:020000040000fa
:020000040001f9
:10c2700070b584b006460c46154603f029fb01282c
:10c2800017d002a9304603f0d1fe2a46ff21002034
:10c2900003f058ff01900094bdf90e30bdf90c2059
:10c2a000bdf90a10bdf9080003f00af9002004b036
:08c2b00070bd4ff0ff30fae70a
:020000040000fa
:020000040001f9
:10c2b8000623434310b50f4ce2185088e05290888b
:10c2c8009180508080b281420cd0e35a984209d0c4
:10c2d800994206d0814206d9984203d8994228bf8c
:10c2e8001946084610bd9842fcd3994238bf1946f2
:08c2f800f7e700bfce5e022053
:020000040000fa
:020000040001f9
:10c30000812910b50fd0832903d0802912d00020b5
:10c3100010bd1368191d1160d0e900011b68c3e945
:10c3200000010120f4e71368191d11601b68d0e9b2
:10c330000001f4e713681c1dd0e9000114601c68bb
:08c34000fff774fd2060ece73b
:020000040000fa
:020000040001f9
:10c34800c0b110b44468c4b1d1b103681a6891424d
:10c3580018bf002007d00130844206d053f8042fbc
:10c368008a42f8d103e0002001e04ff0ff305df889
:10c37800044b70474ff0ff3070474ff0ff30f6e73f
:06c388004ff0ff30f3e767
:020000040000fa
:020000040001f9
:10c38e0070b4012a16d0022a0cbf0324012404ea39
:10c39e0001064ff0ff35954023ea0503a41b02fb6f
:10c3ae0004f403fa04f43eb901fb02f1c908445443
:10c3be0070bc70470724eae701fb02f1c908435c31
:06c3ce001c434454f4e797
:020000040000fa
:020000040001f9
:10c3d400b0f90a308b421cd030b583b00d46044608
:10c3e40003689b6e694698472368d3f82c316946e5
:10c3f40020469847658123689b6e69462046984786
:10c404002368d3f82c31694620469847002003b0ae
:06c4140030bd002070475e
:020000040000fa
:020000040001f9
:10c41a00b0f90c308b421cd030b583b00d460446bf
:10c42a0003689b6e694698472368d3f82c3169469e
:10c43a0020469847a58123689b6e694620469847ff
:10c44a002368d3f82c31694620469847002003b068
:06c45a0030bd0020704718
:020000040000fa
:020000040001f9
:10c4600038b5049c90f820508d420dd080f82010f3
:10c4700080f8212080f8223080f823400368d3f828
:10c48000dc309847002038bd90f821509542edd11e
:10c4900090f822509d42e9d190f82350a542e5d171
:06c4a0004ff0ff30efe752
:020000040000fa
:020000040001f9
:10c4a60010b50278202a034600f10100f9d0a2f166
:10c4b60009010429f5d92b2a07d02d2a11d10121ea
:10c4c6000133013b00200a2403e00021f8e7604322
:10c4d600801a13f8012f303a092af8d901b94042d7
:06c4e60010bd0021ede78e
:020000040000fa
:020000040001f9
:10c4ec0000b583b08df8071090b10c4b1b7a93b943
:10c4fc000b4b4ff48002c3f8942000231a46012101
:10c50c000df10700fcf70eff002003b05df804fbf3
:10c51c004ff0ff30f9e74ff0ff30f6e7945c022064
:04c52c00008000414a
:020000040000fa
:020000040001f9
:10c5300010b504780a2c0ad000f0e0fc64010b4b23
:10c540001b59013b0a4a52f82330984710bd4368f3
:10c5500003fb0211cb4303f00703ca084169885c5f
:10c5600001229a401040d840f0e700bfac280100fb
:04c57000f46602204b
:020000040000fa
:020000040001f9
:10c5740008b502f07bfcb0f5877f0adcb4280fdc39
:10c584005a28ccbf5a38c0f15a00094b33f910006d
:10c5940008bda0f58770064b33f910004042f7e759
:10c5a400c0f58770024b33f910004042f0e700bf3a
:04c5b40060670100bb
:020000040000fa
:020000040001f9
:10c5b80070b5054603f024feb8b1064603f0ccfd7d
:10c5c800044610b10124204670bd094aeb68d169c0
:10c5d8005b1aeb602b69126a9b1a2b613368d3f8dc
:10c5e8001431294630469847ede70024ebe700bfb1
:04c5f800285c022099
:020000040000fa
:020000040001f9
:10c5fc0070b5054603f002feb8b1064603f0aafd7d
:10c60c00044610b10124204670bd094a6b69d169fa
:10c61c005b1a6b61ab69126a9b1aab613368d3f816
:10c62c001431294630469847ede70024ebe700bf6c
:04c63c00285c022054
:020000040000fa
:020000040001f9
:10c64000b0b170b505460d4bd3f8e8328b4212d924
:10c650000c460b4802f007fe0646214605f10a008b
:10c66000fcf788ff3368db6e29463046984770bd7b
:10c670004ff0ff3070474ff0ff30f8e7a84d022031
:04c6800088500220bc
:020000040000fa
:020000040001f9
:10c68400c0b138b5044683688b4216d00d46c90044
:10c694000068f5f7a3ff206030b1a5606368ab4282
:10c6a4000ed36560002038bd00236360a3604ff0a3
:10c6b400ff30f8e74ff0ff3070474ff0ff30f2e7fc
:04c6c4000020f0e77b
:020000040000fa
:020000040001f9
:10c6c800d0b138b50546d1b10c464168a3688b4254
:10c6d80004d36a68626042b9002038bd2046fff77b
:10c6e800cdffb0f1ff3ff4d1f7e7d2002968206809
:10c6f80002f06eff0020f0e74ff0ff3070474ff078
:04c70800ff30eae72d
:020000040000fa
:020000040001f9
:10c70c002de9f0410646884617461c46069dab426d
:10c71c000adbbde8f081079a394604eb080001f00a
:10c72c0091fb0134a542f4d0e210634204f00701fe
:10c73c0003f0070358bf594280230b41b25c1a42e5
:04c74c00efd0e8e75b
:020000040000fa
:020000040001f9
:10c7500009480a4b03600a4b436000238360094a7f
:10c76000c260036143618361c361074b0362074b8e
:10c770004362074b83627047505b022025fd010036
:10c780006533010091780100e1040200e504020034
:04c79000cb300100a9
:020000040000fa
:020000040001f9
:10c7940070b506460d4c0025a560e5602561656110
:10c7a400a56120600a4b63600368c16a586903f09d
:10c7b400cefce0603368316b986903f0c8fc2061fb
:10c7c4002146304601f068fa284670bd885d022093
:04c7d4007157010098
:020000040000fa
:020000040001f9
:10c7d80002684ab110b40c468a420ad8936873b109
:10c7e8009c4210d31a46f9e7016000238b604b6026
:10c7f80070478a6000234b605160016007e04a601f
:10c8080091608b6003e04a6091608b6059605df8cd
:04c81800044b704716
:020000040000fa
:020000040001f9
:10c81c00f8b50c468e6826b10b681033ca189642d0
:10c82c0001d02046f8bd35681d4400f11807384684
:10c83c0002f031fd3146384602f02dfd00226260d7
:10c84c00a260e26025600123237321463846fff77e
:04c85c00bdffe6e74f
:020000040000fa
:020000040001f9
:10c860002de9f04182b004460d4690461f4602f085
:10c870001ffc012810d0684602f014febdf902101a
:10c88000bdf90000064b5e683b464246691a201a15
:10c89000b04702b0bde8f0814ff0ff30f9e700bfcc
:04c8a000605e0220b4
:020000040000fa
:020000040001f9
:10c8a400f0b585b0002302934b610a69c2b10c460e
:10c8b40006461d4602afe168009703ab2944307d6c
:10c8c40002f018feb0f1ff3f08d0029b1d446369db
:10c8d400013363612269aa42edd8002005b0f0bd9e
:04c8e4000020fbe74e
:020000040000fa
:020000040001f9
:10c8e800836cdbb170b50546436c1868814217d07c
:10c8f8000e4600240368d3f898303146984701283b
:10c908000bd00134ab6ca34206d96b6c53f82400ee
:10c91800b042efd1012000e0002070bd0020704738
:04c928000120fae709
:020000040000fa
:020000040001f9
:10c92c000f4b01221a801a46136913f0010ffbd129
:10c93c000b4b4ff4c0721a8001221a621a4613690b
:10c94c0013f0200ffbd1064b00225a621a461369d2
:10c95c0013f0400ffbd1024b4ff480725a81704799
:04c96c000024004063
:020000040000fa
:020000040001f9
:10c97000d0b110b40446c9b1084421460c4a6442ff
:10c98000137e13f0010ffbd0536803f00703012b54
:10c9900014bf0b7834f81130936201318142efd12a
:10c9a00001205df8044b7047002070470120f8e734
:04c9b0000020014121
:020000040000fa
:020000040001f9
:10c9b40038b5044603f0c4fa002c16db63090c49ad
:10c9c40051f8235004f01f04e54005f0010501224d
:10c9d40002fa04f4203341f82340bff34f8fbff32e
:10c9e4006f8f03f0b6fa284638bd0025f9e700bf7b
:04c9f40000e100e07e
:020000040000fa
:020000040001f9
:10c9f800f8b5322444250e4f002608e087f8226057
:10ca0800022000f07bf9631e13f0ff040cd02846c7
:10ca1800fef7c8ff00f003000228efd1044b012203
:10ca280083f8222000f06af9014b93f82200f8bd40
:04ca380010000020ca
:020000040000fa
:020000040001f9
:10ca3c00b0f90020b1f900309a4201d000207047c3
:10ca4c00b0f90220b1f902309a4201d000207047af
:10ca5c00b0f90420b1f904309a4201d0002070479b
:10ca6c00b0f90600b1f90630984214bf002001203d
:02ca7c00704701
:020000040000fa
:020000040001f9
:10ca7e0030b44d680968136803fb05f4536803fb73
:10ca8e001143026802fb05f2406800fb1120002be7
:10ca9e0009db002b01dd002809dc834214bf0020d6
:10caae00012030bc70470028f7da0120f9e7012099
:02cabe00f7e798
:020000040000fa
:020000040001f9
:10cac000f0b400260d689d4216d2ec08045d05f016
:10cad00007073c4104f0010404eb4604166856f8cd
:10cae000246001350d601569b54207d8761bb54243
:10caf000e8d84ff0ff3601e04ff0ff363046f0bc8b
:02cb000070477c
:020000040000fa
:020000040001f9
:02cb0200fee74c
:020000040000fa
:020000040001f9
:10cb040010b5054c227832b9044b13b10448aff385
:10cb140000800123237010bde05c022000000000af
:10cb24000000000008b5034b1bb103490348aff3f1
:10cb3400008008bd00000000e45c0220000000004a
:020000040000fa
:020000040001f9
:10cb440010b483b000230193446902780b4b03ebc8
:10cb540042135868c00801fb00f148b1631801aae8
:10cb64000444214413f8010b02f8010b8b42f9d160
:10cb7400019803b05df8044b704700bfac28010076
:020000040000fa
:020000040001f9
:10cb84000b68b0f90020934214db10b4b0f90440f0
:10cb94002244934210da4b68b0f9022093420ddb31
:10cba400b0f9060010448342acbf002001205df8b8
:10cbb400044b7047002070470020f8e70020f6e798
:020000040000fa
:020000040001f9
:10cbc400000108100902030a11182019120b0405a8
:10cbd4000c131a21283029221b140d06070e151ccc
:10cbe400232a313839322b241d160f171e252c33d6
:10cbf4003a3b342d261f272e353c3d362f373e3ffa
:020000040000fa
:020000040001f9
:10cc040070b505460c4c0026a660e66026612060df
:10cc14000a4b63600368c16a586903f098fae060dc
:10cc24002b68296b986903f092fa20612146284603
:10cc340001f032f8304670bd145e0220ed8f010021
:020000040000fa
:020000040001f9
:10cc440030b583b004460d4603689b6e6946984729
:10cc5400637f53b90421e06a01f088fa2a46014649
:10cc64006846fcf7edfa03b030bd0421e06a01f038
:10cc74007dfa2b46627f01466846f5f7adf9f2e787
:020000040000fa
:020000040001f9
:10cc840010b50446c37f2bb1012b02d0a36a204602
:10cc9400984710bd084bff221a6003689b6b9847a6
:10cca400012802d0054ba362f0e723685b6c2046a1
:10ccb4009847014b1860f5e714600220d59f0100e6
:020000040000fa
:020000040001f9
:10ccc40038b50546836c8bb1002403e00134ab6caa
:10ccd400a3420bd96b6c53f824000028f6d0836c64
:10cce400002bf3d00368db6f9847efe705f14400ae
:10ccf40002f0c6fa2b68d3f8dc302846984738bdd2
:020000040000fa
:020000040001f9
:10cd040070b40d4b5e681b6813f0010f12d00b4b0f
:10cd140003fb00f0084b9b6860b10021064c013610
:10cd2400a2689a4292bf9b1ab51a5b19194413461a
:10cd34008842f5d870bc704710e000e0c0d4010010
:020000040000fa
:020000040001f9
:10cd44000d4b01221a601a46136913f0010ffbd12f
:10cd5400094b10221a6003221a7340f2e7329a83b5
:10cd640033229a72054a0021116020225a721a460f
:10cd74001369002bfcd1704700380040b45f0220d7
:020000040000fa
:020000040001f9
:10cd840010b50e4c60f07f0084f8240084f8251060
:10cd9400002384f8203004f11c03022204f124014e
:10cda400a06902f030ff0120fff7aaff224600bf6e
:10cdb40092f82030002bfbd0012010bd1000002081
:020000040000fa
:020000040001f9
:10cdc4004368dbb110b48b420bd94a1c9200036850
:10cdd40001319c58134443f8044c0432436899428b
:10cde400f5d301f1804101390368002243f8212081
:0ecdf4004368013b43605df8044b7047704795
:020000040000fa
:020000040001f9
:10ce020090b138b5044683688b4210d00d46890034
:10ce12000068f5f7e4fb68b12060a5606368ab4287
:10ce22000bd36560002038bd4ff0ff3070474ff0e4
:0ece3200ff30f8e74ff0ff30f5e70020f3e7a0
:020000040000fa
:020000040001f9
:10ce4000f8b50546c36b9bb1002427462e6c56f8f7
:10ce50002400fef7e3fc46f824706e6c56f82400bc
:10ce6000fef7dcfc46f824700134eb6ba342edd1f5
:0ece7000286cfef7d3fc686cfef7d0fcf8bd12
:020000040000fa
:020000040001f9
:10ce7e00f0b5bdb004460d4616461f4603a802f097
:10ce8e0040f89df80c318df82c30449b0c93429b4e
:10ce9e000193009703ab324629462046ebf705fc7b
:0eceae00044603a802f02dff20463db0f0bd63
:020000040000fa
:020000040001f9
:10cebc00f0b585b004460d4616461f4602a802f092
:10cecc00ebfabdf90830e41abdf90a30ed1a02f09c
:10cedc00d9f80a9b003318bf0123019300973346fe
:0eceec002a462146faf74afa002005b0f0bdaa
:020000040000fa
:020000040001f9
:02cefa00fee751
:020000040000fa
:020000040001f9
:10cefc00c0b170b4034604780a2c0fd0406902fb11
:10cf0c0001f5de68b5420bd25b6803fb02126401cb
:10cf1c00054b195901fb020070bc70470020fbe760
:0ccf2c000020f9e7704700bfac280100ae
:020000040000fa
:020000040001f9
:10cf3800f8b505460e461746c1f3c421c0f3c42010
:10cf480000f0d0fb04463a46c6f34511c5f3451038
:10cf580000f0c8fb400140eac4243a4606f01f012d
:0ccf680005f01f0000f0befb2043f8bde8
:020000040000fa
:020000040001f9
:10cf7400f8b505460e461746c1f34211c0f34210f8
:10cf840000f0b2fb04463a46c6f38201c5f38200c0
:10cf940000f0aafb800040ea44143a4606f003017c
:0ccfa40005f0030000f0a0fb2043f8bde6
:020000040000fa
:020000040001f9
:10cfb0002de9f8439846089c099e9df8285054eaac
:10cfc000060311d017462b46224601f07ffc81460e
:10cfd0002b4622464146384601f078fc2b46324625
:0ccfe0000146484601f072fcbde8f883f1
:020000040000fa
:020000040001f9
:10cfec00b0b138b504460d46082002f02bf890b1cc
:10cffc00002202604560a26832b920606060a368bc
:10d00c000133a360002038bd626810606060f6e7f1
:0cd01c004ff0ff3070474ff0ff30f4e79a
:020000040000fa
:020000040001f9
:10d0280038b50d4b1b78012b13d105460a4c03e08c
:10d0380014f8203f012b09d1a368ab42f8d9204648
:10d0480001f060fd03460028f2d000e000231846f6
:0cd0580038bd0023fbe700bf9454022009
:020000040000fa
:020000040001f9
:10d06400d8b110b40446c06803888b420fd94388f2
:10d0740093420ed901fb0323013310f82330ff2b15
:10d0840009d0226952f823005df8044b7047002050
:0cd09400fae70020f8e70020f6e77047fc
:020000040000fa
:020000040001f9
:10d0a00082b002ab03e90600009ba3b1036b83b11e
:10d0b000836b1bb14ff0ff3002b070470123063382
:10d0c00000ebc30302aa12e9030083e80300002077
:0cd0d000f2e70023f3e74ff0ff30ede73c
:020000040000fa
:020000040001f9
:10d0dc000b4b00221a621a779a60da60094b4ff4f4
:10d0ec0000325a601a46d369002bfcd1054b1d2225
:10d0fc001a73054a1a601a46d369002bfcd1704783
:0cd10c00ac5b0220003400400e0030003c
:020000040000fa
:020000040001f9
:10d11800431e13f1030f0fd883b2042b0ed80a4a0b
:10d1280002eb4312d26982420ad15a0106498a5c4b
:10d1380042b101eb43107047002070470020704750
:0cd148000020704700207047485602206d
:020000040000fa
:020000040001f9
:10d1540010b5044600f090fab0b12046fff7daffac
:10d16400044678b1437843b9002020756075207077
:10d17400044601f06bfd204610bdfdf7f3fb0023d0
:0cd184006370f1e70124f4e70124f4e7f4
:020000040000fa
:020000040001f9
:10d190000c490d4a30b50868138801680c880621cf
:10d1a0005943a3420ad285686d5c0631ed0702d46b
:10d1b00001339bb2f5e71380002030bd002301202e
:0cd1c000138030bd08000020a45d022098
:020000040000fa
:020000040001f9
:10d1cc0030b50d4a002300bf12f8134024b902eb0e
:10d1dc0043035b78184630bd01680d78a54209bf42
:10d1ec0002eb430301335b78013114bfdbb2016006
:0cd1fc000a2be9d9eee700bfdefb0100c2
:020000040000fa
:020000040001f9
:10d2080038b504460025e36be26c934210d25a1cf1
:10d21800e2631878202809d00938042806d9e36c75
:10d2280013b1e36b013be363284638bd0135eae7f8
:0cd238002046fdf7e3fe431cecd1f5e7b7
:020000040000fa
:020000040001f9
:10d2440038b5436813f4807f0446154611d003694a
:10d254009a4228bf1d465db12a46406902f0baf9d8
:10d26400636922692b44551b0022636125611a708e
:0cd2740038bddb06fcd402f0ddfbf9e75e
:020000040000fa
:020000040001f9
:10d2800078b110b50446426872b181b1fff75cf81d
:10d29000b0f1ff3f0ed001462046fff793fd00207e
:10d2a00010bd4ff0ff3070474ff0ff30f8e74ff000
:0ad2b000ff30f5e74ff0ff30f2e722
:020000040000fa
:020000040001f9
:10d2ba002de9f041069dab4215da17460e46013bb1
:10d2ca00c41880460138054401e0ac420bd014f979
:10d2da00013f002bf9da3019079a3946a0eb08000a
:0ad2ea0000f0b1fdf1e7bde8f081ae
:020000040000fa
:020000040001f9
:10d2f40030b585b00468d4f89030012b05d1e36dc6
:10d30400c4f89830002005b030bdd4f88c30e26ffa
:10d31400e16ee06d25682d7c02953225019500951e
:0ad32400fff744fec4f89800ece7a0
:020000040000fa
:020000040001f9
:10d32e0038b50546402001f08cfe044602f099fc0b
:10d33e0004f10c0002f095fc04f1180002f091fccf
:10d34e0004f1240002f08dfc04f1300002f089fc9f
:0ad35e00002084f83c002c6638bd66
:020000040000fa
:020000040001f9
:10d36800a8b138b50546a9b10c464a68096800f065
:10d37800eff9a060eb681a1851781a5c42ea0122aa
:10d3880002301844e06022610020606138bd4ff02f
:0ad39800ff3070474ff0ff30f8e758
:020000040000fa
:020000040001f9
:02d3a200fee7a4
:020000040000fa
:020000040001f9
:10d3a400094b5b68012b0cd010b5074c074b23606d
:10d3b40001236360064a0749002002f05dfe20460f
:10d3c40010bd0020704700bf945c02200080004123
:08d3d4004c5b02208d7f01007b
:020000040000fa
:020000040001f9
:10d3dc00f8b505460e461746c1f30741c0f30740a2
:10d3ec0000f07ef904463a46c6f30721c5f3072040
:10d3fc0000f076f9000240ea04443a46f1b2e8b291
:08d40c0000f06ef92043f8bda9
:020000040000fa
:020000040001f9
:10d41400c8b170b4d0f8c0629eb1d0f8c442043c24
:10d42400002302e00133b34208d054f8040f056826
:10d434008d42f7d145689542f4d100e0002070bcdc
:08d4440070470020fbe7704770
:020000040000fa
:020000040001f9
:10d44c000848094b0360094b436000238360084a7a
:10d45c00c260036143618361c361064a0262436235
:10d46c0083627047f05a0220e9fc0100c52c0100d0
:08d47c00cd300100dd040200c7
:020000040000fa
:020000040001f9
:10d4840038b50c4b1b7aa3b10a4b00221a72d3f89d
:10d49400800070b11d4603f18004bc3504e0ac4249
:10d4a40007d054f8040f20b18368002bf7d09847b5
:08d4b400f5e738bd80550220a8
:020000040000fa
:020000040001f9
:10d4bc0070b506460d46084602f094fa0446411c27
:10d4cc003068f5f787f870b100220255306054b11e
:10d4dc006b1e1819c5f10101ca18346813f8015fe5
:08d4ec00a5548342f8d170bd84
:020000040000fa
:020000040001f9
:10d4f400a1b110b4421e411801394ff0ff30094c5c
:10d5040012f8013f4340dbb254f8233083ea102081
:10d514008a42f5d1c0435df8044b70474ff0ff30a9
:08d52400c0437047c8d60000a7
:020000040000fa
:020000040001f9
:10d52c00036893f8a920012a01d00020704710b499
:10d53c005a680849cc68116b8c4203d000205df806
:10d54c00044b7047d3f8983013630368002283f8b8
:08d55c00a920f3e7005e0220a4
:020000040000fa
:020000040001f9
:10d5640038b50c4b1b7aa3b10a4b00221a72d3f8bc
:10d57400ac0070b11d4603f1ac04e83504e0ac42e4
:10d5840007d054f8040f20b18368002bf7d09847d4
:08d59400f5e738bda0530220a9
:020000040000fa
:020000040001f9
:10d59c0083699bb18b4213d810b4c468426802fbf8
:10d5ac00043291420ed2c91ab1fbf4f004fb1010f4
:10d5bc00b0fa80f040095df8044b704700207047ca
:08d5cc00002070470020f6e783
:020000040000fa
:020000040001f9
:10d5d40070b50c4b1b78012b11d10646094c002564
:10d5e40031462046fff7d8ff012806d0013514f84c
:10d5f400203f012bf4d04ff0ff35284670bd4ff08b
:08d60400ff35fae794540220ff
:020000040000fa
:020000040001f9
:10d60c0010b586b0044602a9fcf7a2fb236d1b6e75
:10d61c0004a9204698476a4602a904a8fcf709fe0b
:10d62c006946204601f00afe236dd3f82c31694679
:08d63c002046984706b010bd1e
:020000040000fa
:020000040001f9
:10d6440082b002ab03e90600009b93b1026b9342e4
:10d6540008d0826b9a4208bf012304d04ff0ff30f8
:10d6640002b07047002300ebc30300201863586323
:08d67400f6e74ff0ff30f3e789
:020000040000fa
:020000040001f9
:10d67c000c4b93f830309bb90a4b93f83830012b94
:10d68c0001d00020704710b5064c002384f83830c8
:10d69c00b4f90800fff788f984f83100012010bdb7
:08d6ac0001207047005a022022
:020000040000fa
:020000040001f9
:10d6b40070b50b480b4d4ff6ff76016821b94368ee
:10d6c40013b902f05af870bd83684268334000f120
:10d6d4000c0455f823302046984704eb8000ece70f
:08d6e400a095000064fe0100a6
:020000040000fa
:020000040001f9
:10d6ec00884213d0b2b1632a12d810b50b46044647
:10d6fc00884205dd1146c01afef770fc201a10bdd9
:10d70c001146181afef76afc2044f8e708467047e1
:06d71c000846704770474b
:020000040000fa
:020000040001f9
:10d72200b0b138b504460d46816843688b4208d0d3
:10d732006268236843f82250636801336360002003
:10d7420038bd0531fff75cfbb0f1ff3ff0d1f7e7e1
:06d752004ff0ff307047ac
:020000040000fa
:020000040001f9
:10d7580098b1c3681888884211d95888904210d95e
:10d76800013201fb002203eb82035a789978d878ba
:10d77800000440ea01201043704700207047002051
:06d788007047002070470d
:020000040000fa
:020000040001f9
:10d78e0070b582b004460d46164603689b6e694618
:10d79e009847627f12b1637e012b06d93246294625
:10d7ae006846fef75efd02b070bd334629466846f8
:06d7be00f3f763fcf7e73e
:020000040000fa
:020000040001f9
:10d7c400f8b5836c8b4213d90d46044600f1440727
:10d7d400384602f001fc002606642946384600f06b
:10d7e400c7ff2368d3f8dc30204698473046f8bd9d
:06d7f4004ff0ff30fbe7df
:020000040000fa
:020000040001f9
:02d7fa00fee748
:020000040000fa
:020000040001f9
:10d7fc00f8b50f461646fef771f948b10546048890
:10d80c00074b542202fb04342046faf7f0fe00b911
:10d81c00f8bd6f60ae602046fbf7c7fff8e700bfae
:04d82c0084580220fa
:020000040000fa
:020000040001f9
:10d830000b4b1b78012b0fd110b5094ca060e16098
:10d840002261022323700121104601f083fd6068ec
:10d85000f5f7dcf8002010bd4ff0ff30704700bf37
:04d86000ec5d022059
:020000040000fa
:020000040001f9
:10d8640010b4030203f47803440104f478448100ff
:10d87400c9b200f00102002a18bf4ff07f4243ea08
:10d8840004001043084340f0071040f4e0605df8e2
:04d89400044b70478a
:020000040000fa
:020000040001f9
:10d8980070b504460e4615460846fef77dfb04fba8
:10d8a80000f00028b8bfff30001228603046fef7ad
:10d8b8005dfe04fb00f00028b8bfff30001268606e
:04d8c800002070bd0f
:020000040000fa
:020000040001f9
:10d8cc000b4b10ee102aa3eb620307ee903ab6ee68
:10d8dc00007a20ee077a27ee277a27ee277af7eee2
:10d8ec00086a36eec77a27ee800a27ee000a7047e0
:04d8fc00df59375f5a
:020000040000fa
:020000040001f9
:10d9000008b5094b1b686bb1084bd3f8e83283426a
:10d9100001d8002007e00146054801f0a4fc90f87a
:10d92000500000e0002008bd7c5b0220a84d0220d2
:04d9300088500220f9
:020000040000fa
:020000040001f9
:10d9340008b5094b1b685bb1084bd3f8e832834246
:10d9440008d90146064801f08cfc90f8510008bd46
:10d95400ff20fce7ff20fae77c5b0220a84d0220b1
:04d9640088500220c5
:020000040000fa
:020000040001f9
:10d968000b4bd3f8e83293b170b50024084d05f598
:10d9780038762146304601f072fc0368d3f8dc3073
:10d9880098470134d5f8e832a342f2d870bd704701
:04d99800a84d022074
:020000040000fa
:020000040001f9
:10d99c0008b50021074801f0a1ff0121064801f05c
:10d9ac009dff0221054801f099ff0321044801f075
:10d9bc0095ff08bdfc5c0220185d0220505d022022
:04d9cc00345d0220a4
:020000040000fa
:020000040001f9
:10d9d00010b5094900248c60cc600c610860074ace
:10d9e0004a6003689b6b1b7c5b01054ad3580b6143
:10d9f00000f054f9204610bd005e02209de10100b8
:04da0000ac2801004d
:020000040000fa
:020000040001f9
:10da040030b583b00a4b1a68d2f8944000211961ea
:10da14005961106802eb0414a26dc169406a03f1f4
:10da2400140500951033faf71ffae06503b030bd12
:04da3400c05c0220b0
:020000040000fa
:020000040001f9
:10da38002de9f04182b005460e46174698466846dd
:10da480001f02cfdbdf90210bdf90000044b5c6823
:10da580043463a46711a281aa04702b0bde8f08139
:04da6800605e0220da
:020000040000fa
:020000040001f9
:10da6c0070b586696eb179b18ab10d46c48b94429a
:10da7c0028bf144662003146284601f0a7fd204617
:10da8c0070bd4ff0ff34fae74ff0ff34f7e74ff07b
:04da9c00ff34f4e778
:020000040000fa
:020000040001f9
:10daa0000a4b0b4a1a604ff622029a814ff4403219
:10dab0005a601a46d369002bfcd1044a136843f01c
:10dac00002031360d369002bfcd170470020014191
:04dad00004011040fd
:020000040000fa
:020000040001f9
:10dad4000a4b1b681f2b0ed8f0b4094e1d01741994
:10dae400062777552071e18022810133034a1360b0
:10daf4000020f0bc70474ff0ff30704718600220e0
:04db04009450022017
:020000040000fa
:020000040001f9
:10db08000a4b1b681f2b0ed8f0b4094e1d0174195f
:10db1800072777552071e18022810133034a13607a
:10db28000020f0bc70474ff0ff30704718600220ab
:04db380094500220e3
:020000040000fa
:020000040001f9
:10db3c000a4b1b681f2b0ed8f0b4094e1d0174192b
:10db4c00052777552071e18022810133034a136048
:10db5c000020f0bc70474ff0ff3070471860022077
:04db6c0094500220af
:020000040000fa
:020000040001f9
:10db700070b5054637220721c0f3c42000f0e9fb49
:10db80000446b7220721c5f3451000f0e2fb064624
:10db90001122072105f01f0000f0dbfb3444204474
:02dba00070bd56
:020000040000fa
:020000040001f9
:10dba20070b5054637220721c0f3421000f0d0fbc2
:10dbb2000446b7220721c5f3820000f0c9fb0646de
:10dbc2001122022105f0030000f0c2fb344420447c
:02dbd20070bd24
:020000040000fa
:020000040001f9
:10dbd40070b582b00446056a0346012211460df170
:10dbe4000700a8479df80750266a234601221146dc
:10dbf4000df10700b0479df8070040ea052002b088
:02dc040070bdf1
:020000040000fa
:020000040001f9
:10dc0600aab1f0b405461746002420462a68d30870
:10dc1600cb5c02f00706334103f00103a34018442e
:10dc260001322a600134a742f0d1f0bc7047104699
:02dc3600704735
:020000040000fa
:020000040001f9
:10dc380038b583688b4210d205460c46b1eb430fca
:10dc48009cbf01eb4104640821460068f4f7c4fc5a
:10dc580028b1ac602860012000e0012038bd002018
:02dc6800fce7d7
:020000040000fa
:020000040001f9
:10dc6a0038b583688b4210d205460c46b1eb430f98
:10dc7a009cbf01eb4104640821460068f4f7abfc41
:10dc8a0028b1ac602860012000e0012038bd0020e6
:02dc9a00fce7a5
:020000040000fa
:020000040001f9
:10dc9c00d0f8ac307bb110b400f1ac0200230133ee
:10dcac0052f8044f002cfad100eb8300c0f8ac10f2
:10dcbc005df8044b7047002300eb8300c0f8ac10f8
:02dccc0070479f
:020000040000fa
:020000040001f9
:10dcce0089b170b50d460a6c82420fd104464430bc
:10dcde00fff7cffa00262e642368d3f8dc302046f7
:10dcee009847304670bd4ff0ff3070474ff0ff3011
:02dcfe00f8e745
:020000040000fa
:020000040001f9
:10dd000008b5084b1b684bb1074bd3f8e832834288
:10dd100006d90146054801f0a6fa08bd0020fce737
:10dd20000020fae77c5b0220a84d022088500220e8
:020000040000fa
:020000040001f9
:10dd300008b5094b1b7813b1012b07d008bd074864
:10dd4000fdf75efb044b01221a70f7e7fcf776ff44
:10dd50000020f9f77bf8f1e72f600220bc5a02207f
:020000040000fa
:020000040001f9
:10dd600008b5084802f02af9fff718fe01f046fb53
:10dd70004ff0ff33044a1360044a1360002001f09f
:10dd80009fff08bdc8f70100ec5f0220e85f02209a
:020000040000fa
:020000040001f9
:10dd900070b506460d46f8f7fdfa86f8e80980b238
:10dda0006b1e13f0ff050ad0400084b23046f8f72e
:10ddb000f1fa204480b26b1e13f0ff05f4d170bd60
:020000040000fa
:020000040001f9
:10ddc00010b504460c3001f099ff2046fff738f8f3
:10ddd0002046fcf79bf9d4f88800fdf71ffdd4f826
:10dde0008c00fdf71bfdd4f89000fdf717fd10bd6a
:020000040000fa
:020000040001f9
:10ddf00030b583b0094d2b4653f8102bd2f8944020
:10de0000106802eb0414a26dc169406a14350095d4
:10de1000faf72cf8e06503b030bd00bfc05c02200b
:020000040000fa
:020000040001f9
:10de200043692bb18b4203d89b680bb19942fbd25b
:10de300082694ab1914203d392682ab19142fbd2de
:10de400023b1934228bf1346184670471346fbe799
:020000040000fa
:020000040001f9
:10de5000f0b583b005460e461746684601f022fb32
:10de6000bdf90210bdf90000044b1c6800233a46be
:10de7000711a281aa04703b0f0bd00bf605e0220ef
:020000040000fa
:020000040001f9
:10de8000f8b505460368db69984778b1064601276f
:10de900000242b689b692146284698470a2808bf1a
:10dea00001370134a642f4d13846f8bd0127fbe71b
:020000040000fa
:020000040001f9
:10deb00010b50446437e012b05d0022b08d0204626
:10dec000fbf7d0f810bd054b1968fef7bbfef6e76f
:10ded000024b1968fdf7f2fcf1e700bf0c6002206d
:020000040000fa
:020000040001f9
:10dee00010b50446437e012b05d0022b08d02046f6
:10def000faf716fe10bd054b1968fef7a3fef6e70c
:10df0000024b1968fdf7dafcf1e700bf1060022050
:020000040000fa
:020000040001f9
:10df100010b50446437e012b06d0022b09d0012305
:10df2000e3770023a36210bd044b1968fef78afe55
:10df3000f5e7024b1968fdf7c1fcf0e71460022019
:020000040000fa
:020000040001f9
:10df40000a4b5b8b13f0070f0ed0084b80221a761a
:10df500007225a831b7e13f0040f05d0034b9a6ae5
:10df60001a7e12f0040ffad1704700bf0020014161
:020000040000fa
:020000040001f9
:10df700010b50024074b1c604ff400722146064880
:10df800001f07aff4ff482722146044801f074ffd9
:10df9000204610bd186002209450022094520220a6
:020000040000fa
:020000040001f9
:10dfa0000a4b5b6b73b168b1002105e09a68801a77
:10dfb00099609b6933b128b19a688242f6d39a6816
:10dfc000101a9860014b5a691a617047005a022072
:020000040000fa
:020000040001f9
:10dfd00053b94ab9002908bf00281cbf4ff0ff31d0
:10dfe0004ff0ff3002f0b8baadf1080c6de904ce85
:10dff000f1f76cfbddf804e0dde9022304b07047c3
:020000040000fa
:020000040001f9
:10e00000064b1a680ab9064a1a60064a116809b925
:10e01000054911601a68054b1a607047a05f02201d
:10e02000b06702209c5f0220b0690220985f022046
:020000040000fa
:020000040001f9
:10e03000d0f8803073b110b400f1800200230133b6
:10e0400052f8044f002cfad1203340f823105df829
:0ee05000044b70470023203340f82310704724
:020000040000fa
:020000040001f9
:10e05e0012f0030f10d110b44260016181610023f0
:10e06e004b608b60cb60103a0a6001220a7302701b
:0ee07e0018465df8044b70474ff0ff307047b6
:020000040000fa
:020000040001f9
:10e08c0038b505460368d3f8243198470023eb775d
:10e09c00ab6c5bb100246b6c53f824000368d3f8b1
:0ee0ac00183198470134ab6ca342f4d838bd4c
:020000040000fa
:020000040001f9
:10e0ba0007001300350090003f1c0b0503010348bd
:10e0ca004904060708090a0b10111213141516172a
:0ee0da001b1e4243444546474c4d4e4f4041ad
:020000040000fa
:020000040001f9
:10e0e80010b50b681b78202b0c4602d0093b042b7b
:10e0f8000bd8fff785f823685a1c22605b78202b21
:0ee10800f9d0093b042bf6d910bd0020fce72e
:020000040000fa
:020000040001f9
:10e11600820202f47842030403f07843410301f4d7
:10e1260078010b4300f00100002818bfff201843b8
:0ce13600104340f0072040f4e020704748
:020000040000fa
:020000040001f9
:02e14200fee7f6
:020000040000fa
:020000040001f9
:10e1440042f2107303fb00f090fbf1f111f1950f13
:10e1540007db3231044880fb0130c917c1eb601082
:0ce1640070470020704700bf1f85eb5182
:020000040000fa
:020000040001f9
:10e1700038b50c4638b1054601f09efb04eb0010a3
:10e1800055f8200038bd01f097fb04eb0010024b5e
:0ce1900053f82000f6e700bf74ee00001a
:020000040000fa
:020000040001f9
:10e19c0010b50368d3f89830074ad360116900684a
:10e1ac0050f8982b926b54680a4601fb034101f01e
:0ce1bc000dfa002010bd00bf005e022024
:020000040000fa
:020000040001f9
:10e1c80008b50268137c073bdbb2022b0ad8936bb5
:10e1d80053b1fff7f9fbb0f1ff3f4ff0ff3018bf25
:0ce1e800002000e0002008bd0020fce743
:020000040000fa
:020000040001f9
:10e1f400e9040200e9040200e9040200e90402005f
:10e20400e9040200e9040200e90402004dfd0100f2
:0ce21400edff0100e90402000000000022
:020000040000fa
:020000040001f9
:10e2200008b54369c3f380028a420cd041b923f098
:10e23000040343610368d3f8dc309847002008bd2d
:0ce2400043f00403f5e74ff0ff30f8e76f
:020000040000fa
:020000040001f9
:10e24c0008b5436903f001028a420cd041b923f0ae
:10e25c00010343610368d3f8dc309847002008bd04
:0ce26c0043f00103f5e74ff0ff30f8e746
:020000040000fa
:020000040001f9
:10e2780008b54369c3f340028a420cd041b923f080
:10e28800020343610368d3f8dc309847002008bdd7
:0ce2980043f00203f5e74ff0ff30f8e719
:020000040000fa
:020000040001f9
:10e2a400074b01221a700221197100225a71054884
:10e2b40098600548d8601a615a611970704700bfa8
:0ce2c40000380042920320029201000288
:020000040000fa
:020000040001f9
:10e2d00008b5084b9a8992b207494a604cf2ff325e
:10e2e0009a819b890b6823b10b46486889681b6833
:0ce2f000984708bd00240040745f022025
:020000040000fa
:020000040001f9
:10e2fc0008b5084b5b7a63b1064b987ac0b23322ef
:10e30c009a72054b1b6823b118b1034b59681b68f3
:0ce31c00984708bd00380040b45f0220a4
:020000040000fa
:020000040001f9
:10e3280070b50c46fdf7dcfb58b106465cb100f150
:10e338000c050fcc0fc523682b60012086f8200040
:0ae3480070bd0020fce70020fae79a
:020000040000fa
:020000040001f9
:10e3520007ee900af8ee676a07ee901af8ee677a0f
:10e3620086eea77a07ee902af8ee677a67ee877a4a
:0ae37200fceee77a17ee900a704700
:020000040000fa
:020000040001f9
:10e37c0070b505460e460368d3f8ec309847ab6c85
:10e38c0053b100246b6c314653f82400fff7f0ffb7
:0ae39c000134ab6ca342f5d870bd4c
:020000040000fa
:020000040001f9
:10e3a60090b170b5064604684cb125686068fdf703
:10e3b60032fa2046fdf72ffa2c46002df5d1002320
:0ae3c600b3603360736070bd7047f0
:020000040000fa
:020000040001f9
:10e3d00011b9002000b2704738b50d460446fff76a
:10e3e000d7fc94f8e8390bb100b238bd4ff6ff7393
:0ae3f000ab401843013000b2f7e71c
:020000040000fa
:020000040001f9
:10e3fa00f0b406461868476802fb01f058b1751e6a
:10e40a00421e16449c6b3c5d05f8014f9c6b01341f
:0ae41a009c63b542f6d1f0bc7047d8
:020000040000fa
:020000040001f9
:10e424008ab12de9f041164688460746002528465c
:10e4340044004146384601f0d1f920430135ae424b
:0ae44400f6d1bde8f08110467047e4
:020000040000fa
:020000040001f9
:10e44e0030b583b004460d46684601f024f8bdf998
:10e45e000030e41abdf90230ed1a00f012fe2a4621
:0ae46e002146fef75ef803b030bd52
:020000040000fa
:020000040001f9
:10e4780081b170b50d46164600f144042046fef7fa
:10e48800fbfeb0f1ff3f04d02a4631462046fcf798
:0ae49800e1fd70bd4ff0ff3070474a
:020000040000fa
:020000040001f9
:10e4a200802910db812901dd83290cd11368073310
:10e4b20023f0070303f108011160d3e90023c0e947
:0ae4c200002301207047002070477e
:020000040000fa
:020000040001f9
:10e4cc002de9f0410024804617460e462546bd42f4
:10e4dc0002db2046bde8f081726856f8081b404606
:0ae4ec0000f006ff01350444f1e7db
:020000040000fa
:020000040001f9
:10e4f6002de9f0410024804617460e462546bd42ca
:10e5060002db2046bde8f081726856f8081b4046db
:0ae5160001f019f801350444f1e7a3
:020000040000fa
:020000040001f9
:10e5200003780a2b0cd010b4446804fb02125b0180
:10e530000449c958406901fb02005df8044b70476b
:08e5400000207047ac28010027
:020000040000fa
:020000040001f9
:10e5480008b50368da6a12f0040f04d05a6b12b1e6
:10e55800fbf7d4fc08bd1b7c032bf9d0053bdbb2d1
:08e56800012bf5d90020f5e7b5
:020000040000fa
:020000040001f9
:10e57000036803f110002033834209d301f1100333
:10e580002f2b07d9401a2f2894bf00200120704755
:08e590000020704700207047d5
:020000040000fa
:020000040001f9
:10e5980010b50446fbf714fc064b236023650122e3
:10e5a80022726423e38123820023637622766365e3
:08e5b80010bd00bfe0350100b9
:020000040000fa
:020000040001f9
:10e5c00010b50446fbf700fc064b236023650223cd
:10e5d00023726423e3811923238200236376a376c5
:08e5e000636510bd1c3701004a
:020000040000fa
:020000040001f9
:10e5e800034668b1426912f0040f0bd11b6c2bb1c2
:10e5f8005a6912f0040ff9d00120704700207047c3
:08e6080000207047012070475b
:020000040000fa
:020000040001f9
:10e6100010b5044603689b6b9847012804d0207e00
:10e62000003018bf012010bd23685b6c204698475e
:08e63000fe28f4d80020f6e7f3
:020000040000fa
:020000040001f9
:10e6380008b5437e012b09d8437f8b4209d0417727
:10e648000368d3f8dc309847002008bd4ff0ff304e
:08e65800fbe74ff0ff30f8e78b
:020000040000fa
:020000040001f9
:10e66000084a537943f080035371136913f0040f80
:10e67000fbd1044a537913f0e00ffbd1014b988a88
:08e68000704700bf00380040a4
:020000040000fa
:020000040001f9
:10e6880038b50546fef7f6ff044648b12846fef7ba
:10e698003ffd38b1047de4b20022027500f0d4fadf
:08e6a800204638bd0024f9e70b
:020000040000fa
:020000040001f9
:10e6b0000000000001000000ffffffffffffffff61
:10e6c000ffffffffffffffffffffffffffffffff5a
:08e6d000ffffffffffffffff4a
:020000040000fa
:020000040001f9
:10e6d80013b50446fdf717fc18b14ff0ff3002b030
:10e6e80010bd636c01220df10701204698470128ef
:08e6f800f3d19df80700f2e7e1
:020000040000fa
:020000040001f9
:10e7000090f948305a1e1343426880f8483012f09e
:10e7100004031bbf42f010024260c0e90f334ff008
:08e72000ff3008bf18467047e6
:020000040000fa
:020000040001f9
:10e7280008b50378022b08d0032b09d0012b01d0a0
:10e73800002008bdf7f752fffbe7fdf739fff8e7c0
:06e74800fdf758fff5e7a4
:020000040000fa
:020000040001f9
:10e74e0008b538b1426842b18a4209d9fcf78ff94f
:10e75e00002008bd4ff0ff30fbe74ff0ff30f8e729
:06e76e004ff0ff30f5e75b
:020000040000fa
:020000040001f9
:10e7740008b538b1426842b18a4209d9fef720fb94
:10e78400002008bd4ff0ff30fbe74ff0ff30f8e703
:06e794004ff0ff30f5e735
:020000040000fa
:020000040001f9
:10e79a0038b504460d46104601f0b4fb04f00703f1
:10e7aa0000fb03f30733e40800fb04f000ebd3009b
:06e7ba0005fb00f038bd74
:020000040000fa
:020000040001f9
:10e7c00038b505460c46104601f0a1fb04fb05f1e7
:10e7d00001f0070300fb03f30733c90800fb01f056
:06e7e00000ebd30038bd80
:020000040000fa
:020000040001f9
:10e7e60008b503689a6b1ab1117c427a914206d039
:10e7f6001a7c437a9a4204d0fdf77dfa08bd0020c0
:06e80600fce70020fae728
:020000040000fa
:020000040001f9
:10e80c00024650b161b1cb88808a1b1a9bb2cb8077
:10e81c00d28a1344cb80002070474ff0ff307047f2
:06e82c004ff0ff307047c1
:020000040000fa
:020000040001f9
:10e8320000b589b00190029103928df810300a9bc5
:10e8420005930b9b06930023079301a8f2f731fb74
:06e8520009b05df804fbb3
:020000040000fa
:020000040001f9
:10e8580010b584b004466a4602a9f8f7effb02a98e
:10e86800204600f0edfc236dd3f82c3102a9204698
:06e87800984704b010bd3a
:020000040000fa
:020000040001f9
:10e87e0071b138b50d460446006c18b103685b6f74
:10e88e00214698472b68db6e21462846984738bdaf
:06e89e004ff0ff3070474f
:020000040000fa
:020000040001f9
:10e8a40038b504460d46036b1bb1426b98470128eb
:10e8b40008d0a36b2bb1e26b294620469847012868
:06e8c40000d0002038bd69
:020000040000fa
:020000040001f9
:02e8ca00704795
:020000040000fa
:020000040001f9
:10e8cc0010b53ab1642a06d0884206d0044c54f8ec
:10e8dc002330984710bd0846fce70846fae700bf0e
:04e8ec00246602207c
:020000040000fa
:020000040001f9
:10e8f000030c03f47843420b02f4f8621343820ad8
:10e9000002f03e02134310f0ff0f0cbf184643f015
:04e91000010070474b
:020000040000fa
:020000040001f9
:10e91400030a03f47843420902f4f86213438208b9
:10e9240002f03e02134310f0ff0f0cbf184643f0f1
:04e934000100704727
:020000040000fa
:020000040001f9
:10e93800032905d04b1fdbb2012b01d9ff207047fb
:10e94800034b03eb41118b691840cb7fd8407047cc
:04e95800ac280100e6
:020000040000fa
:020000040001f9
:10e95c0008b5002902da11f5b471fcd4b1f5b47f15
:10e96c0005dd00bfa1f5b471b1f5b47ffadcfef79b
:04e97c008dff08bd46
:020000040000fa
:020000040001f9
:10e9800010b5074b1a68936f02eb03130468106805
:10e990009a6b596b1030fdf7cbfde067002010bd7e
:04e9a000f05e022003
:020000040000fa
:020000040001f9
:10e9a40010b5064900248c60c46204630860044bfb
:10e9b4004b60fff73bfb204610bd00bffc5e02200e
:04e9c4004597010072
:020000040000fa
:020000040001f9
:10e9c80006280bd8dfe800f00c0a040c060a080039
:10e9d80003207047022070470420704700207047ca
:04e9e8000120704753
:020000040000fa
:020000040001f9
:10e9ec0038b5041f00f13c0506e0fff7f9ff20687d
:10e9fc00fcf70effac4204d054f8040f0028f4d1fd
:04ea0c00f8e738bd32
:020000040000fa
:020000040001f9
:10ea100070b5044601f096f805460830204401f030
:10ea200091f80646291d201dfef764fd301a18bf17
:04ea3000012070bd94
:020000040000fa
:020000040001f9
:10ea340010b5064900248c60012280f8a9200860e2
:10ea4400034b4b60fff728f9204610bd085f0220f6
:04ea54002dd50100bb
:020000040000fa
:020000040001f9
:10ea580010b5074b1b68d3f8944003eb04141868ef
:10ea6800626d216d1030fdf75ffde06510bd00bfe0
:04ea7800c05c02205c
:020000040000fa
:020000040001f9
:10ea7c0010b5064900248c60cc600c610860044b16
:10ea8c004b60fff705f9204610bd00bf285e022041
:04ea9c00a53401009c
:020000040000fa
:020000040001f9
:10eaa00010b5064900248c608464c4640860044b7b
:10eab0004b60fff7f3f8204610bd00bf445f022013
:04eac0008d94010030
:020000040000fa
:020000040001f9
:10eac40010b5064900248c608464c4640860044b57
:10ead4004b60fff7e1f8204610bd00bf445f022001
:04eae400d1a30100b9
:020000040000fa
:020000040001f9
:10eae80010b5faf745ff064c2060fdf72dfe606073
:10eaf800fef7a8fca060fcf7d7fbe06010bd00bfe4
:04eb0800d85b0220b4
:020000040000fa
:020000040001f9
:10eb0c000346c06968b10268da611a69013a1a6190
:10eb1c000ab90021d96159688a1a59698a4288bf91
:04eb2c005a61704773
:020000040000fa
:020000040001f9
:10eb300010b50c46054b1b6cc3eb0313024604498e
:10eb400011f82310204600f02ffc10bd2859022098
:04eb5000805a0220c5
:020000040000fa
:020000040001f9
:10eb540010b582b00446064b1b689b6869460320c7
:10eb64009847009b2360019b636002b010bd00bf07
:04eb740028590220fa
:020000040000fa
:020000040001f9
:10eb780070b504460d461646054b0360436101f027
:10eb88008dfba561a6830023e3832b80236270bde0
:04eb9800f09c0100ec
:020000040000fa
:020000040001f9
:10eb9c0008b538b141b1096c41b1814208d0fff7d9
:10ebac00f7ff08bd0020fce70020fae70020f8e79b
:04ebbc000120f6e757
:020000040000fa
:020000040001f9
:10ebc00038b5837e8b420bd00d4604460368d3f8dc
:10ebd000e0309847a5762368d3f8e0302046984780
:04ebe000002038bd1c
:020000040000fa
:020000040001f9
:10ebe40038b5c37e8b420bd00d4604460368d3f878
:10ebf400e0309847e5762368d3f8e030204698471c
:04ec0400002038bdf7
:020000040000fa
:020000040001f9
:10ec0800054a00231360936004495160062111608e
:10ec1800034a93601360704710e000e0bfd401001e
:04ec2800805f0220e7
:020000040000fa
:020000040001f9
:10ec2c0008b5064b5868064a12689a6801329a6011
:10ec3c001b6813b1014b1b68984708bd805f02200d
:04ec4c0010e000e0f4
:020000040000fa
:020000040001f9
:10ec500010b5074c94f83110b4f9080000f058fad8
:10ec600094f8303013b9012284f8382010bd00bf69
:04ec7000005a022024
:020000040000fa
:020000040001f9
:10ec740008b50021064801f031fb00f057fc0020e4
:10ec840001f094f8012001f09bf800f067fe08bd44
:04ec9400f90302007e
:020000040000fa
:020000040001f9
:10ec9800ac000200005c022001000000b0e60100a8
:10eca8000804020000040200040000007857022053
:04ecb8009c000200ba
:020000040000fa
:020000040001f9
:10ecbc000fb407b5064b04aa1b6852f8041b18685e
:10eccc00019200f091fc03b05df804eb04b07047c6
:04ecdc00b0660220fc
:020000040000fa
:020000040001f9
:10ece00038b504460d464168013100f020ff034667
:10ecf00028b123686268134403f8015c01231846b5
:02ed000038bd1c
:020000040000fa
:020000040001f9
:10ed020010b50446c37f4bb1e37f012b05d0a36a44
:10ed120020469847e37f012bf9d110bdfaf7a1f9fc
:02ed2200f2e716
:020000040000fa
:020000040001f9
:10ed240010b50446c37f4bb1e37f012b05d0a36a22
:10ed340020469847e37f012bf9d110bdf9f7eefe89
:02ed4400f2e7f4
:020000040000fa
:020000040001f9
:10ed460070b582b004460d46164603689b6e69464a
:10ed560098473346627f29466846f2f792f902b031
:02ed660070bd7e
:020000040000fa
:020000040001f9
:10ed680038b5037e012b00d038bd0d46044600217e
:10ed7800c06afff7f9f92a4601462046fef703fd67
:02ed8800f2e7b0
:020000040000fa
:020000040001f9
:10ed8a0008b5037f8b4209d0ff2928bfff210177ed
:10ed9a000368d3f8dc309847002008bd4ff0ff30f5
:02edaa00fbe785
:020000040000fa
:020000040001f9
:10edac0008b500230b604b6050b10246034653f884
:10edbc000a0f5b6808604b60106c08b100f03efafb
:02edcc0008bd80
:020000040000fa
:020000040001f9
:10edce0038b54520fcf7ebfd05464620fcf7e7fd80
:10edde0004464720fcf7e3fd240244ea00402843a2
:02edee0038bd2e
:020000040000fa
:020000040001f9
:10edf00060b110b5044602fb01f3c068834201d341
:10ee0000002010bd2046fdf793fbfae70020704775
:020000040000fa
:020000040001f9
:10ee100008b50278044b03eb42131a7a034b53f8fc
:10ee20002230984708bd00bfac280100b46602201c
:020000040000fa
:020000040001f9
:10ee3000030203f46043c20002f01802134380018e
:10ee400000f4e060184340f4c75040f003007047fe
:020000040000fa
:020000040001f9
:10ee5000030203f46043020102f030021343800115
:10ee600000f4e060184340f4c65040f006007047dc
:020000040000fa
:020000040001f9
:10ee7000b0f5b47f05db00bfa0f5b470b0f5b47f8a
:10ee8000fada002802da10f5b470fcd4704700bf3b
:020000040000fa
:020000040001f9
:10ee900058b110b50446006818b1fcf7bffc002358
:10eea00023600020a060606010bd4ff0ff3070470d
:020000040000fa
:020000040001f9
:10eeb00010b5054900248c600860044b4b60fff7d7
:10eec000b7f8204610bd00bff05e022081e90100c6
:020000040000fa
:020000040001f9
:10eed00010b5054900248c600860044b4b60fff7b7
:10eee000a7f8204610bd00bf74550220fdfe0100aa
:020000040000fa
:020000040001f9
:10eef00010b5054900248c600860044b4b60fff797
:10ef000097f8204610bd00bfb45c022019fb010039
:020000040000fa
:020000040001f9
:10ef100010b5044600f021fe04f1200000f084fc4e
:10ef200004f14000fdf714f90123c4f8e03010bdee
:020000040000fa
:020000040001f9
:10ef300010b5054900248c600860044b4b60fef757
:10ef4000adfe204610bd00bf145f02205d0202002e
:020000040000fa
:020000040001f9
:10ef500010b5054900248c600860044b4b60fef737
:10ef60009dfe204610bd00bf205f02205da5010070
:020000040000fa
:020000040001f9
:10ef700010b5064b1b68d3f8944003eb04141868d3
:10ef8000a16d1030fff744ffe06510bdc05c0220aa
:020000040000fa
:020000040001f9
:10ef900010b50468d4f89820617a044b187b00f00f
:10efa00003fac4f89800002010bd00bf505e022094
:020000040000fa
:020000040001f9
:10efb00010b5054900248c600860044b4b60fef7d7
:10efc0006dfe204610bd00bf385f0220a16b01001e
:020000040000fa
:020000040001f9
:10efd00010b5054900248c600860044b4b60fef7b7
:10efe0005dfe204610bd00bf2c5f0220f5d201005f
:020000040000fa
:020000040001f9
:10eff00010b5054900248c600860044b4b60fef797
:10f000004dfe204610bd00bf505f022059f80100a0
:020000040000fa
:020000040001f9
:10f0100010b5054900248c600860044b4b60fef776
:10f020003dfe204610bd00bf5c5f022071f801006c
:020000040000fa
:020000040001f9
:10f0300010b5054900248c600860044b4b60fef756
:10f040002dfe204610bd00bf685f0220aff6010014
:020000040000fa
:020000040001f9
:10f0500010b50446fdf7e8ff034608b1184610bd99
:10f0600021460248f7f79aff0346f7e74c5c022077
:020000040000fa
:020000040001f9
:10f07000064a136901331361526a526b934234bfdb
:10f0800003230923014a82f82830704728590220b7
:020000040000fa
:020000040001f9
:10f09000054b186cb0f1ff3f1dbfc0eb0010034bd8
:10f0a00003eb80000020704728590220805a02207c
:020000040000fa
:020000040001f9
:10f0b00000b583b00090019169460448fdf762fdf8
:10f0c000b0fa80f0400903b05df804fb405902201b
:020000040000fa
:020000040001f9
:10f0d00038b5436d8b4209d00d4604460bb1fef79f
:10f0e00095fa656515b12046fef790fa002038bd07
:020000040000fa
:020000040001f9
:10f0f00038b505460c4601f093f8012800d038bd1c
:10f100002846fcf781f801462046faf733faf6e77d
:020000040000fa
:020000040001f9
:10f1100051b1002808db420900f01f00012303fa67
:10f1200000f0024b43f82200704700bf00e100e00e
:020000040000fa
:020000040001f9
:10f13000012806d0054b002283f820200b221a70ec
:10f140007047024b012283f82020704710000020f6
:020000040000fa
:020000040001f9
:10f150000a0d204150505f43414d5f5461736b3a3b
:10f1600020526573756c743a2020200025730000ce
:020000040000fa
:020000040001f9
:10f170000d19133d23312f3b370b27331b211d392d
:10f180000511091772666c425c4e5044487400bf0a
:020000040000fa
:020000040001f9
:10f1900050b103681b888b4208d306238268594309
:10f1a00000200123535470470b2070470220704702
:020000040000fa
:020000040001f9
:10f1b00010b5054c22680ab9fef722ff034b186808
:10f1c0002368c01a10bd00bf985f02209c5f022018
:020000040000fa
:020000040001f9
:10f1d000030403f460038201d2b21343c00200f4bb
:0ef1e0006040184340f01f1040f4f850704794
:020000040000fa
:020000040001f9
:10f1ee00030603f06043820392b21343c00400f49b
:0ef1fe006000184340f01f3040f0e000704702
:020000040000fa
:020000040001f9
:10f20c00030403f460038201d2b21343c00200f47e
:0ef21c006040184340f01f3040f060407047e3
:020000040000fa
:020000040001f9
:10f22a00030203f478038200d2b21343400100f4cc
:0ef23a007840184340f0071040f4e060704741
:020000040000fa
:020000040001f9
:10f24800034658b151b10a88588902440a804a884d
:0ef25800988902444a801b6c002bf4d1704749
:020000040000fa
:020000040001f9
:10f2660060b182688a4208d9026821b10023126817
:0ef2760001339942fbd1506870470020704769
:020000040000fa
:020000040001f9
:10f2840050b110b50446006808b1fcf7c5fa002077
:0ef294002060a060606010bd4ff0ff3070473a
:020000040000fa
:020000040001f9
:10f2a2004b684bb18a689a608b680bb14a685a60a6
:0ef2b20000238b604b6070478b680360f4e7ad
:020000040000fa
:020000040001f9
:10f2c00070b504460d461646fff7e2fe331c18bf24
:0ef2d00001232a462146fbf759fc002070bda1
:020000040000fa
:020000040001f9
:10f2de0010b582b0044603689b6e69469847236852
:0ef2ee00d3f82c3169462046984702b010bd77
:020000040000fa
:020000040001f9
:10f2fc0038b550b952b10c46012529462046fcf7c9
:0ef30c00fffa0028f9d0012000e0002038bdf3
:020000040000fa
:020000040001f9
:10f31a0010b50023934206d113f0030018bf012051
:0ef32a0000eb930010bdc45ccc540133f2e73d
:020000040000fa
:020000040001f9
:10f33800436803fb021203785b010349c95840691b
:0cf3480001fb0200704700bf4c270100d1
:020000040000fa
:020000040001f9
:10f3540048b10129c2690cbf42f0010222f0010246
:0cf36400c261002070474ff0ff3070477e
:020000040000fa
:020000040001f9
:10f37000830803f03e03020202f478421343c00004
:0cf3800000f4f860184340f001007047f2
:020000040000fa
:020000040001f9
:10f38c00030a03f47843820802f03e021343400957
:0cf39c0000f4f860184340f001007047d6
:020000040000fa
:020000040001f9
:10f3a80008b500eb800300eb43000844024b53f818
:0cf3b80020301046984708bd5462022027
:020000040000fa
:020000040001f9
:10f3c40010b5054c24220021204600f053fd0123f2
:0cf3d4002370002010bd00bf285c022048
:020000040000fa
:020000040001f9
:10f3e00030b108b501460448fdf700fe002008bd15
:0cf3f0004ff0ff30704700bf3c5e022071
:020000040000fa
:020000040001f9
:10f3fc00054b1b78012b04d0034b01221a70002003
:0cf40c0070474ff0ff307047db5e0220bd
:020000040000fa
:020000040001f9
:10f4180008b5054b18680368db6ab0f91020b0f925
:0cf428000e10984708bd00bfe45f0220f2
:020000040000fa
:020000040001f9
:10f4340008000000080000000400000004000000b0
:0cf44400020000000200000001000000b7
:020000040000fa
:020000040001f9
:10f450000800000008000000080000000400000090
:0cf4600004000000020000000200000098
:020000040000fa
:020000040001f9
:10f46c00000000000400000000000000020000008a
:0cf47c0000000000010000000000000083
:020000040000fa
:020000040001f9
:10f488000000000000000000040000000000000070
:0cf4980002000000000000000100000065
:020000040000fa
:020000040001f9
:10f4a400054b596a1a690b6b03ebc2031a685b6854
:0cf4b40002604360704700bf285902202e
:020000040000fa
:020000040001f9
:10f4c00010b582b0059c0194049c0094024ce46841
:0cf4d000a04702b010bd00bf605e02202b
:020000040000fa
:020000040001f9
:10f4dc0038b5054600f05aff0468ad6900f056ffd8
:0cf4ec00426829462046fdf7b7fd38bdf8
:020000040000fa
:020000040001f9
:10f4f80038b50d4611461a46034b53f82040049b75
:0cf508002846a04738bd00bf6467022001
:020000040000fa
:020000040001f9
:10f51400054b0122c3f81c2240f222221a6240f257
:0cf524006b229a62704700bf00e00041bb
:020000040000fa
:020000040001f9
:10f53000054a138823f002031b041b0c1380136974
:0cf5400013f0020ffbd1704700240040c4
:020000040000fa
:020000040001f9
:10f54c0038b50d461446012801d0204638bd214659
:0cf55c002846fdf707fa0028f9d0f6e772
:020000040000fa
:020000040001f9
:10f5680008b5054a92f82e3043f0010382f82e3090
:0cf57800f4f7ccfe08bd00bf001c0043ef
:020000040000fa
:020000040001f9
:10f58400f902020079f9010091f90100e103020096
:0cf5940001fe010015fe010061e601000f
:020000040000fa
:020000040001f9
:10f5a00010b40446044b07cb20606160a2601b8846
:0cf5b000a3815df8044b7047c05e022090
:020000040000fa
:020000040001f9
:10f5bc0010b548b142b10c23012459438368581843
:0cf5cc005c544260002010bd0b2010bdfc
:020000040000fa
:020000040001f9
:10f5d8005ab110b40a44431e11f8014b03f8014f05
:0cf5e8009142f9d15df8044b7047704768
:020000040000fa
:020000040001f9
:10f5f40013b50446019201aaeff750f9636813f0ba
:0cf60400100f18bf4ff0ff3002b010bd17
:020000040000fa
:020000040001f9
:10f6100013b50446019201aaedf752fe636813f098
:0cf62000100f18bf4ff0ff3002b010bdfb
:020000040000fa
:020000040001f9
:10f62c0038b502fb01f5c468a54203d2fbf7a8fa72
:0af63c00002038bd4ff0ff30fbe75f
:020000040000fa
:020000040001f9
:10f64600030403f07843c20292b21343400300f46a
:0af656007c00184340f0ff007047ed
:020000040000fa
:020000040001f9
:10f66000030203f47803c200d2b21343400100f452
:0af670007c40184340f07f407047d3
:020000040000fa
:020000040001f9
:10f67a0010b582b00346046a012211460df1070053
:0af68a00a0479df8070002b010bd74
:020000040000fa
:020000040001f9
:10f6940030b583b0069c65681db10094a84703b0db
:0af6a40030bd0094f5f79cfbf9e778
:020000040000fa
:020000040001f9
:10f6ae0003681a68d3f89810126b914204bf4ff09a
:0af6be00ff32c3f8ec200020704773
:020000040000fa
:020000040001f9
:10f6c80070b504460d461646fff7defc33462a465b
:0af6d8002146fbf757fa002070bd31
:020000040000fa
:020000040001f9
:10f6e20038b504460d4643699b6d9847a561636929
:0af6f200db6d20469847002038bd6c
:020000040000fa
:020000040001f9
:10f6fc0038b504460d4643699b6d9847256263698e
:0af70c00db6d20469847002038bd51
:020000040000fa
:020000040001f9
:10f7160000230b604b60034630b1026c22b153f8f4
:0af726000a2f5b680a604b60704711
:020000040000fa
:020000040001f9
:10f7300008b520b131b14430fcf706fe08bd4ff0ea
:0af74000ff30fbe74ff0ff30f8e761
:020000040000fa
:020000040001f9
:10f74a0048b103683bb10020187058809880d8806f
:0af75a001881588170470b2070479a
:020000040000fa
:020000040001f9
:10f764000fb407b504a951f8040b019100f096fbfe
:0af7740003b05df804eb04b0704729
:020000040000fa
:020000040001f9
:02f77e007047d2
:020000040000fa
:020000040001f9
:10f78000044b00225a741a741a605a609a60da6044
:08f79000704700bfd85d0220a4
:020000040000fa
:020000040001f9
:10f7980001f00703c9084269505c80221a411040f1
:08f7a800c3f10703d8407047cc
:020000040000fa
:020000040001f9
:10f7b000430c03f07003020a02f0e0021343000955
:08f7c00000f00c001843704733
:020000040000fa
:020000040001f9
:10f7c8000000000008a301004a00000008a301008f
:08f7d800a06702200000000000
:020000040000fa
:020000040001f9
:10f7e0000368da088a5cd94301f007010a41013352
:08f7f000036002f00100704704
:020000040000fa
:020000040001f9
:10f7f80010b504460068fcf70df86068fcf70af8d5
:08f80800a068fcf707f810bd31
:020000040000fa
:020000040001f9
:10f8100010b50446002020600121f2f7e1fe10b18e
:08f8200000220270206010bdff
:020000040000fa
:020000040001f9
:10f8280000230361c36183614361062202700822d9
:08f8380042608360c360704769
:020000040000fa
:020000040001f9
:10f840000368d3f8982012f0010f04bf4ff0ff3285
:08f85000c3f8ec200020704712
:020000040000fa
:020000040001f9
:10f8580008b50068d0f89c30d0f89820016ac069d3
:08f86800fef7e6f8002008bde0
:020000040000fa
:020000040001f9
:10f8700008b501684868d1f898300a6ac96910303b
:08f88000fbf784f9002008bd2c
:020000040000fa
:020000040001f9
:10f88800ed040200f104020063330100f5040200f4
:08f8980063040200f904020000
:020000040000fa
:020000040001f9
:10f8a000036940688b4205d8184481422cbf002070
:08f8b0000120704700207047a1
:020000040000fa
:020000040001f9
:10f8b800034b1b6cc3eb0313024a12f82300704777
:08f8c80028590220805a022099
:020000040000fa
:020000040001f9
:10f8d00008b501460348fbf7b1feb0fa80f04009d5
:08f8e00008bd00bf40590220e1
:020000040000fa
:020000040001f9
:10f8e80038b504460d46034b0360436100f0d6fc6f
:08f8f800a56138bde89501008f
:020000040000fa
:020000040001f9
:10f9000010b5044643699b6d98470023e383636900
:08f91000db6d2046984710bd95
:020000040000fa
:020000040001f9
:10f9180010b50446034b1968fff722fa2046f9f799
:08f928009dfb10bd0c600220e4
:020000040000fa
:020000040001f9
:10f9300010b50446034b1968fff716fa2046f9f78d
:08f94000eff810bd1060022079
:020000040000fa
:020000040001f9
:10f9480048b110b504460368d3f8103198472046eb
:08f95800fbf760ff10bd7047d2
:020000040000fa
:020000040001f9
:10f96000044a138843f002031380136913f0020f53
:08f97000fbd1704700240040a8
:020000040000fa
:020000040001f9
:10f97800044a136843f002031360136913f0020f7b
:08f98800fbd17047003800407c
:020000040000fa
:020000040001f9
:10f99000044a136823f002031360136913f0020f83
:08f9a000fbd170470038004064
:020000040000fa
:020000040001f9
:10f9a800044b1b69834232bfc01ac3f58033c018a9
:08f9b800704700bf005a022055
:020000040000fa
:020000040001f9
:10f9c00038b50546fef760fe044608b9204638bd46
:08f9d0002846fdf7bffbf9e733
:020000040000fa
:020000040001f9
:10f9d80008b5f6f725f8f5f7fff8fef7a5f9f4f7f7
:08f9e8004bfeeef761fa08bdc9
:020000040000fa
:020000040001f9
:10f9f00003783bb1034600bf13f8012f002afbd167
:08fa0000181a70471846704700
:020000040000fa
:020000040001f9
:10fa0800d0e90f2310b59c1a0165446511b18c42e9
:08fa1800c8bf5318c36410bd00
:020000040000fa
:020000040001f9
:10fa200010b50446fef76cfe28b9a368e268c4e985
:08fa300005331344a36210bd6d
:020000040000fa
:020000040001f9
:10fa380010b4c46a1cb123465df8044b184700682b
:08fa48005df8044bfff77ebde1
:020000040000fa
:020000040001f9
:10fa5000044a136823b910600361016001207047f4
:08fa600000207047286002201d
:020000040000fa
:020000040001f9
:10fa6800030203f47842c30003f4fc631343c0f3b6
:06fa7800c40018437047b2
:020000040000fa
:020000040001f9
:10fa7e00030a03f0e003820902f01c021343c0f3f1
:06fa8e00c100184370479f
:020000040000fa
:020000040001f9
:10fa9400430003f03e0320f03f000004000c184331
:06faa40040f00100704774
:020000040000fa
:020000040001f9
:10faaa00030203f47803420102f47c421343c000c8
:06faba00c0b218437047c2
:020000040000fa
:020000040001f9
:10fac000030a03f0e003820902f01c021343c0f3af
:06fad0000110184370470d
:020000040000fa
:020000040001f9
:10fad600030a03f47843420902f4fc621343c0f3b9
:06fae600c4001843704744
:020000040000fa
:020000040001f9
:10faec00030e03f0e003c20c02f01c021343c0f33c
:06fafc0081301843704741
:020000040000fa
:020000040001f9
:10fb0200030c03f47843420b02f4fc621343c0f388
:06fb1200c42018437047f7
:020000040000fa
:020000040001f9
:10fb180008b501684868cb6f0a6ac9691030fbf7f5
:06fb280031f8002008bdc9
:020000040000fa
:020000040001f9
:10fb2e0038b504460d46fef780f8034608b1656009
:06fb3e000123184638bd4a
:020000040000fa
:020000040001f9
:10fb4400027843781b0443ea0263c2781343807843
:06fb540043ea00207047a7
:020000040000fa
:020000040001f9
:10fb5a000123436183610023c3610361036043603e
:06fb6a008360c3607047d8
:020000040000fa
:020000040001f9
:10fb700008b50368db6a13f0010f01d1002008bd4e
:06fb8000fff756fafbe757
:020000040000fa
:020000040001f9
:10fb860008b5c36a8b4204d0c1620368d3f8dc307f
:06fb96009847002008bda5
:020000040000fa
:020000040001f9
:10fb9c0008b5437e8b4204d041760368d3f82831f4
:06fbac009847002008bd8f
:020000040000fa
:020000040001f9
:10fbb20008b5037e8b4204d001760368d3f8dc30ab
:06fbc2009847002008bd79
:020000040000fa
:020000040001f9
:10fbc80010b5044600f0e4fbd0f8d402a04214bffc
:06fbd8000020012010bd19
:020000040000fa
:020000040001f9
:10fbde0068076c094c836a9074a07ac000806888ac
:06fbee0000846c8200811e
:020000040000fa
:020000040001f9
:10fbf4000068002808b501da002008bdfcf73af9ce
:06fc0400431cfad1f8e7f1
:020000040000fa
:020000040001f9
:10fc0a0000b583b0019300230093f2f7a8fa03b07a
:04fc1a005df804fb92
:020000040000fa
:020000040001f9
:02fc1e0070472d
:020000040000fa
:020000040001f9
:10fc200001b1704708b5024b5868f2f7effe08bd06
:04fc3000ec5d022065
:020000040000fa
:020000040001f9
:10fc34004b084269d05c11f0010f14bf00f00f00b3
:04fc440000097047fc
:020000040000fa
:020000040001f9
:10fc4800c0f3440320f03f000004000c184340f0c8
:04fc580020007047d1
:020000040000fa
:020000040001f9
:10fc5c0010b5034c204600f00ff80020e06010bdfa
:04fc6c003c5e0220d8
:020000040000fa
:020000040001f9
:10fc7000034620b1002018605860986070474ff02c
:04fc8000ff3070479a
:020000040000fa
:020000040001f9
:10fc8400034620b1002018605860986070474ff018
:04fc9400ff30704786
:020000040000fa
:020000040001f9
:10fc9800034620b1002018605860986070474ff004
:04fca800ff30704772
:020000040000fa
:020000040001f9
:10fcac00000000005460022000020000000100006f
:04fcbc000200000042
:020000040000fa
:020000040001f9
:10fcc000034b1b68002bbcbf014b1860704700bf83
:04fcd000e85f0220c7
:020000040000fa
:020000040001f9
:10fcd400431e00f60f22002103f8011f9342fbd1bb
:04fce400704700bfa6
:020000040000fa
:020000040001f9
:10fce80003682bb9007b022814bf0020012070474d
:04fcf8000020704731
:020000040000fa
:020000040001f9
:10fcfc0010b50446806808b1fbf78afd0023a360a9
:04fd0c00e36010bde3
:020000040000fa
:020000040001f9
:10fd100010b504462030fff7f1ff04f14000fef774
:04fd20004ff810bdcb
:020000040000fa
:020000040001f9
:10fd240003682bb9007b032814bf0020012070470f
:04fd340000207047f4
:020000040000fa
:020000040001f9
:10fd380008b5f7f7dbf8b0f1ff3f4ff0ff3018bf19
:04fd4800002008bdd2
:020000040000fa
:020000040001f9
:10fd4c0000f00700802303411940c0f1070021fa9d
:04fd5c0000f07047fc
:020000040000fa
:020000040001f9
:10fd6000034b93f82800b0fa80f04009704700bfb9
:04fd700028590220ec
:020000040000fa
:020000040001f9
:10fd740010b55820fff76af9044608b1fef70afceb
:04fd8400204610bd48
:020000040000fa
:020000040001f9
:10fd880038b1826c8a4203d9436c53f8210070471a
:04fd98000020704790
:020000040000fa
:020000040001f9
:10fd9c0010b55020fff756f9044608b1faf70ef8e3
:04fdac00204610bd20
:020000040000fa
:020000040001f9
:10fdb000034b98611a46136913f0080ffbd1704783
:04fdc00000240040db
:020000040000fa
:020000040001f9
:10fdc400034b18621a46136913f0200ffbd17047d6
:04fdd40000240040c7
:020000040000fa
:020000040001f9
:10fdd800034b187e80f00200c0f34000704700bf5c
:04fde80000340040a3
:020000040000fa
:020000040001f9
:10fdec00034b00229a601a6842f001021a607047b5
:04fdfc0010e000e033
:020000040000fa
:020000040001f9
:10fe0000034b98831a46136913f0400ffbd17047d8
:04fe10000038004076
:020000040000fa
:020000040001f9
:10fe1400034bd8831a46136913f0800ffbd1704744
:04fe24000038004062
:020000040000fa
:020000040001f9
:10fe280008b50120024b187000f04cf908bd00bf5e
:04fe380052600220f2
:020000040000fa
:020000040001f9
:10fe3c000128034b1b680cbf18899888704700bfba
:04fe4c009067022099
:020000040000fa
:020000040001f9
:10fe500018b1034b1860002070470b20704700bf9b
:04fe60000c00002072
:020000040000fa
:020000040001f9
:10fe64007bff01001bf3010045050200450502006c
:04fe7400450502003e
:020000040000fa
:020000040001f9
:10fe780032b1c9b20244034603f8011b9342fbd1d5
:04fe8800704700bf00
:020000040000fa
:020000040001f9
:10fe8c0008b500f0cbfa024b1860586008bd00bff3
:04fe9c00cc5f022015
:020000040000fa
:020000040001f9
:10fea000034b1b680a4601461868fff7b1bb00bf49
:04feb000cc640220fc
:020000040000fa
:020000040001f9
:10feb4000278417883781b0443ea012343ea020071
:02fec400704785
:020000040000fa
:020000040001f9
:10fec60008b5b0f90420b0f902100078f6f727fb60
:02fed60008bd65
:020000040000fa
:020000040001f9
:10fed80008b5b0f90420b0f902100078f9f7a0fcd1
:02fee80008bd53
:020000040000fa
:020000040001f9
:10feea0008b5b0f90420b0f902100078f8f705fc5b
:02fefa0008bd41
:020000040000fa
:020000040001f9
:10fefc0008b50368da6f196ad869fdf7a3ff00200b
:02ff0c0008bd2e
:020000040000fa
:020000040001f9
:10ff0e0010b504460078fef758fd636803fb00f059
:02ff1e0010bd14
:020000040000fa
:020000040001f9
:10ff200008b5002282618283c2830262f4f7a7fbd4
:02ff300008bd0a
:020000040000fa
:020000040001f9
:10ff320010b55820fff78bf80446fef740fb204629
:02ff420010bdf0
:020000040000fa
:020000040001f9
:10ff4400eff3108072b6bff35f8fb0fa80f0400910
:02ff54007047f4
:020000040000fa
:020000040001f9
:10ff560018b1bff35f8f62b6704772b6bff35f8f9b
:02ff66007047e2
:020000040000fa
:020000040001f9
:10ff68000c2303fb01014b6858880b89c01a00b2a7
:02ff78007047d0
:020000040000fa
:020000040001f9
:10ff7a000a440023914201d10020704701f8013b55
:02ff8a00f8e796
:020000040000fa
:020000040001f9
:10ff8c00024b187ab0fa80f040097047945c02205a
:020000040000fa
:020000040001f9
:10ff9c0018b18161c261002070474ff0ff3070478b
:020000040000fa
:020000040001f9
:10ffac00030643ea002343ea004040f0ff00704799
:020000040000fa
:020000040001f9
:10ffbc0008b5024b1860fdf7d1fc08bda84d022016
:020000040000fa
:020000040001f9
:10ffcc00034610b10020586070474ff0ff30704767
:020000040000fa
:020000040001f9
:10ffdc0043688b4286bf036853f8210000207047aa
:020000040000fa
:020000040001f9
:10ffec0010f0010f14bf01f00f00c1f303107047a4
:020000040000fa
:020000040001f9
:10fffc0008b5024b53f82230984708bdf4e10100d4
:020000040000fa
:020000040002f8
:10000c0008b5024b53f82130984708bd88f8010019
:020000040000fa
:020000040002f8
:10001c000246024b03cb10605160704740590220de
:020000040000fa
:020000040002f8
:10002c0008b50a460149faf704f908bd40590220ff
:020000040000fa
:020000040002f8
:10003c00c38b8b4286bf836933f811000020704755
:020000040000fa
:020000040002f8
:10004c0008b5436d1bb1036dd3f8dc30984708bd80
:020000040000fa
:020000040002f8
:10005c00006c08b970471846036c002bfbd1704735
:020000040000fa
:020000040002f8
:10006c0019b1006a0860002070474ff0ff307047ec
:020000040000fa
:020000040002f8
:10007c00024b03eb0010416082607047805e0220ef
:020000040000fa
:020000040002f8
:10008c00024b40f204421a80704700bf004000410e
:020000040000fa
:020000040002f8
:10009c0000000000320000003300000034000000bb
:020000040000fa
:020000040002f8
:1000ac00ed700100ed220100d9fd0100ed0202000e
:020000040000fa
:020000040002f8
:1000bc00024b00221a7083f8212070471000002098
:020000040000fa
:020000040002f8
:1000cc00024a138818441080704700bf4860022011
:020000040000fa
:020000040002f8
:1000dc00024b1a6b002afcd1704700bf001c004376
:020000040000fa
:020000040002f8
:1000ec0000294ff480630cbf02220022fbf772be82
:020000040000fa
:020000040002f8
:1000fc0008b5fff7c5fe00f07af800f078f808bdf7
:020000040000fa
:020000040002f8
:0e010c0018b1c06900f0010070470020704774
:020000040000fa
:020000040002f8
:0e011a0001700b0a4370090c817000207047c1
:020000040000fa
:020000040002f8
:0e01280000f0e00040ead00040ea901070477e
:020000040000fa
:020000040002f8
:0e013600030243ea0043184340f07f40704745
:020000040000fa
:020000040002f8
:0e014400824203db8a42a8bf0a46104670477b
:020000040000fa
:020000040002f8
:0e01520042f2107303fb00f0b0fbf1f07047b7
:020000040000fa
:020000040002f8
:0e01600008b5fff7fdfdb0fa80f0400908bdbc
:020000040000fa
:020000040002f8
:0e016e0010b50446fff7e7fc0c30204410bd2e
:020000040000fa
:020000040002f8
:0e017c00c3690b60c161036901330361704701
:020000040000fa
:020000040002f8
:0e018a0008b54ff0ff338361f4f774fa08bd37
:020000040000fa
:020000040002f8
:0e01980008b5fbf7d6f9b0fa80f0400908bdb3
:020000040000fa
:020000040002f8
:0e01a6004160002908bf0022826000207047df
:020000040000fa
:020000040002f8
:0e01b400c160002908bf0022026100207047d0
:020000040000fa
:020000040002f8
:0e01c200d0f80e304b6000230b804b8070474e
:020000040000fa
:020000040002f8
:0e01d00008b50020f7f7dcfcfff7fefbfce7ac
:020000040000fa
:020000040002f8
:0e01de00a0f14103192b98bf40f0200070479c
:020000040000fa
:020000040002f8
:0e01ec00a0f16103192b98bf00f05f0070476f
:020000040000fa
:020000040002f8
:0201fa0070474c
:020000040000fa
:020000040002f8
:0c01fc000020014b18707047ec5d0220e1
:020000040000fa
:020000040002f8
:0c020800014bd3f8d4027047a84d02202f
:020000040000fa
:020000040002f8
:0c021400014bd3f8d8027047a84d02201f
:020000040000fa
:020000040002f8
:0c02200008b5faf7f1ffc043c00f08bd9d
:020000040000fa
:020000040002f8
:0c022c00e14b010031d80100e572010037
:020000040000fa
:020000040002f8
:0c0238000023c0f8043ac0f8083a7047f0
:020000040000fa
:020000040002f8
:0c024400007b042814bf0020012070473c
:020000040000fa
:020000040002f8
:0c025000014b93f8c40070478055022059
:020000040000fa
:020000040002f8
:0c025c000368da6dc3f89820002070479a
:020000040000fa
:020000040002f8
:0c026800007b01288cbf002001207047a3
:020000040000fa
:020000040002f8
:0c027400014b93f8f0007047a0530220eb
:020000040000fa
:020000040002f8
:0c028000014b1868704700bf285902208d
:020000040000fa
:020000040002f8
:0c028c00014b5868704700bf2859022041
:020000040000fa
:020000040002f8
:0c0298000178116001221a6000207047fc
:020000040000fa
:020000040002f8
:0c02a4000023836043600361c360704767
:020000040000fa
:020000040002f8
:0c02b00008b543680bb18168984708bd91
:020000040000fa
:020000040002f8
:0c02bc0008b5c3680bb18168984708bd05
:020000040000fa
:020000040002f8
:0c02c80008b5436d0bb1fdf79df908bdb2
:020000040000fa
:020000040002f8
:0c02d40008b500234365faf78bfd08bd58
:020000040000fa
:020000040002f8
:0c02e000014b186099607047745f0220a9
:020000040000fa
:020000040002f8
:0c02ec00014b186259627047ac5b0220a5
:020000040000fa
:020000040002f8
:0c02f800014b186059607047b45f022091
:020000040000fa
:020000040002f8
:0c030400014b01221a7070475360022068
:020000040000fa
:020000040002f8
:0c031000014b1b681878704790670220b2
:020000040000fa
:020000040002f8
:0c031c00000b0d0e13191d15161a00bf62
:020000040000fa
:020000040002f8
:0a032800030243ea00431843704744
:020000040000fa
:020000040002f8
:0a0332007f2894bf002001207047cf
:020000040000fa
:020000040002f8
:0a033c00c08bb0fa80f04009704752
:020000040000fa
:020000040002f8
:0a03460008b50846fef785fa08bd69
:020000040000fa
:020000040002f8
:0a03500008b50846fef780fa08bd64
:020000040000fa
:020000040002f8
:0a035a00837f8b4238bf8177704724
:020000040000fa
:020000040002f8
:0a03640008b50020f8f792fa08bd72
:020000040000fa
:020000040002f8
:08036e0008b5fdf7bcf908bd5c
:020000040000fa
:020000040002f8
:08037600000240f0ff00704797
:020000040000fa
:020000040002f8
:08037e008842a8bf0846704741
:020000040000fa
:020000040002f8
:080386008842b8bf0846704729
:020000040000fa
:020000040002f8
:02038e007047b6
:020000040000fa
:020000040002f8
:08039000004870473c5e0220aa
:020000040000fa
:020000040002f8
:0803980000487047a84d022047
:020000040000fa
:020000040002f8
:0803a00049484452000000bf6f
:020000040000fa
:020000040002f8
:0803a8000b2828bf002070475c
:020000040000fa
:020000040002f8
:0803b00008b5faf71ffd08bdb6
:020000040000fa
:020000040002f8
:0803b8004069c0f380007047aa
:020000040000fa
:020000040002f8
:0803c000406900f001007047e4
:020000040000fa
:020000040002f8
:0803c8004069c0f340007047da
:020000040000fa
:020000040002f8
:0803d00008b5fbf7fbfb08bdbb
:020000040000fa
:020000040002f8
:0803d80008b5f4f7c1f808bdf7
:020000040000fa
:020000040002f8
:0803e0000048704740420f0085
:020000040000fa
:020000040002f8
:0803e80008b5fff7abfd08bded
:020000040000fa
:020000040002f8
:0803f00008b5fff7b0fd08bde0
:020000040000fa
:020000040002f8
:0803f80008b5fff715fd08bd73
:020000040000fa
:020000040002f8
:080400000000001000000000e4
:020000040000fa
:020000040002f8
:080408000000000000000020cc
:020000040000fa
:020000040002f8
:0804100084f501006b000000ff
:020000040000fa
:020000040002f8
:08041800000103070f0000bf03
:020000040000fa
:020000040002f8
:08042000286e696c290025001b
:020000040000fa
:020000040002f8
:08042800004870473465022012
:020000040000fa
:020000040002f8
:07043000286e756c6c2900b9
:020000040000fa
:020000040002f8
:0604380001700020704776
:020000040000fa
:020000040002f8
:06043e0001800020704760
:020000040000fa
:020000040002f8
:060444000160002070477a
:020000040000fa
:020000040002f8
:06044a0040f07f40704706
:020000040000fa
:020000040002f8
:060450004fea3020704766
:020000040000fa
:020000040002f8
:0604560020f07f4070471a
:020000040000fa
:020000040002f8
:06045c004fea306070471a
:020000040000fa
:020000040002f8
:0604620000eb40007047b2
:020000040000fa
:020000040002f8
:0604680051f8100c704772
:020000040000fa
:020000040002f8
:06046e004ff0ff30704763
:020000040000fa
:020000040002f8
:060474004ff0ff3070475d
:020000040000fa
:020000040002f8
:06047a004ff0ff30704757
:020000040000fa
:020000040002f8
:060480004ff0ff30704751
:020000040000fa
:020000040002f8
:060486004ff0ff3070474b
:020000040000fa
:020000040002f8
:06048c004ff0ff30704745
:020000040000fa
:020000040002f8
:060492004ff0ff3070473f
:020000040000fa
:020000040002f8
:06049800b0f90a007047f4
:020000040000fa
:020000040002f8
:06049e00b0f90c007047ec
:020000040000fa
:020000040002f8
:0604a400b0f90e007047e4
:020000040000fa
:020000040002f8
:0604aa00b0f910007047dc
:020000040000fa
:020000040002f8
:0604b00000238377704772
:020000040000fa
:020000040002f8
:0604b6000068fff748b8e2
:020000040000fa
:020000040002f8
:0604bc004ff0ff30704715
:020000040000fa
:020000040002f8
:0404c20000887047f7
:020000040000fa
:020000040002f8
:0404c6000068704713
:020000040000fa
:020000040002f8
:0404ca00000a70476d
:020000040000fa
:020000040002f8
:0404d00000042024e0
:020000040000fa
:020000040002f8
:0404d4000008000814
:020000040000fa
:020000040002f8
:0404d800000800bf59
:020000040000fa
:020000040002f8
:0404dc000020704745
:020000040000fa
:020000040002f8
:0404e0000020704741
:020000040000fa
:020000040002f8
:0404e400012070473c
:020000040000fa
:020000040002f8
:0404e800084670470b
:020000040000fa
:020000040002f8
:0404ec00c00870478d
:020000040000fa
:020000040002f8
:0404f0004008704709
:020000040000fa
:020000040002f8
:0404f400400070470d
:020000040000fa
:020000040002f8
:0404f80080007047c9
:020000040000fa
:020000040002f8
:0404fc000020704725
:020000040000fa
:020000040002f8
:040500008069704757
:020000040000fa
:020000040002f8
:04050400006a7047d2
:020000040000fa
:020000040002f8
:04050800c08b7047ed
:020000040000fa
:020000040002f8
:04050c00406d704787
:020000040000fa
:020000040002f8
:04051000406d704783
:020000040000fa
:020000040002f8
:04051400007a7047b2
:020000040000fa
:020000040002f8
:04051800007f7047a9
:020000040000fa
:020000040002f8
:04051c00806c704738
:020000040000fa
:020000040002f8
:04052000c06a7047f6
:020000040000fa
:020000040002f8
:04052400407e70475e
:020000040000fa
:020000040002f8
:04052800007e70479a
:020000040000fa
:020000040002f8
:04052c00807e704716
:020000040000fa
:020000040002f8
:04053000c07e7047d2
:020000040000fa
:020000040002f8
:04053400407f70474d
:020000040000fa
:020000040002f8
:040538008177704710
:020000040000fa
:020000040002f8
:04053c008161704722
:020000040000fa
:020000040002f8
:04054000416170475e
:020000040000fa
:020000040002f8
:0405440000207047dc
:020000040000fa
:020000040002f8
:0405480000207047d8
:020000040000fa
:020000040002f8
:04054c0000207047d4
:020000040000fa
:020000040002f8
:0405500000207047d0
:020000040000fa
:020000040002f8
:0405540000207047cc
:020000040000fa
:020000040002f8
:04055800704700bf29
:020000040000fa
:020000040002f8
:04055c0000207047c4
:020000040000fa
:0200000400807a
:044000003912003c35
:020000040000fa
:0200000400807a
:044004008000a82a66
:020000040000fa
:0200000400807a
:04400800ffffffffb8
:00000001FF
